Базовая,Фото,Название,Артикул,Активность,Магазин,Группа,Количество,Торговое предложение,XML ID,Габариты,Артикул,Количество,Внешний ID,Активность,Закупочная цена,Закупочная цена торгового предложения,Внешний ID,Ссылка в магазине,Производитель,Вес,XML ID
28000,https://lubanikishina.com/upload/iblock/896/raj51vr44mw8jf5c5myc2wfqqctvkmjx.jpg,Бомбер Билли (BILLIE) черный,CT/BILLIE/black,1,Интернет магазин,Куртки,3,Бомбер Билли (BILLIE) черный (42),747a76b6-7015-11ef-8e10-005056b6c1cd#f72cc218-e140-11ee-8e0e-005056b6c1cd,—,CT/BILLIE/black,1,3118,1,0,0,3117,https://lubanikishina.com/catalog/kurtki/bomber_billi_billie_chernyy/,,—,747a76b6-7015-11ef-8e10-005056b6c1cd#f72cc218-e140-11ee-8e0e-005056b6c1cd; 747a76b6-7015-11ef-8e10-005056b6c1cd#f72cc219-e140-11ee-8e0e-005056b6c1cd; 747a76b6-7015-11ef-8e10-005056b6c1cd#f72cc21a-e140-11ee-8e0e-005056b6c1cd
28000,https://lubanikishina.com/upload/iblock/896/raj51vr44mw8jf5c5myc2wfqqctvkmjx.jpg,Бомбер Билли (BILLIE) черный,CT/BILLIE/black,1,Интернет магазин,Куртки,3,Бомбер Билли (BILLIE) черный (44),747a76b6-7015-11ef-8e10-005056b6c1cd#f72cc219-e140-11ee-8e0e-005056b6c1cd,—,CT/BILLIE/black,2,3119,1,0,0,3117,https://lubanikishina.com/catalog/kurtki/bomber_billi_billie_chernyy/,,—,747a76b6-7015-11ef-8e10-005056b6c1cd#f72cc218-e140-11ee-8e0e-005056b6c1cd; 747a76b6-7015-11ef-8e10-005056b6c1cd#f72cc219-e140-11ee-8e0e-005056b6c1cd; 747a76b6-7015-11ef-8e10-005056b6c1cd#f72cc21a-e140-11ee-8e0e-005056b6c1cd
28000,https://lubanikishina.com/upload/iblock/896/raj51vr44mw8jf5c5myc2wfqqctvkmjx.jpg,Бомбер Билли (BILLIE) черный,CT/BILLIE/black,1,Интернет магазин,Куртки,3,Бомбер Билли (BILLIE) черный (46),747a76b6-7015-11ef-8e10-005056b6c1cd#f72cc21a-e140-11ee-8e0e-005056b6c1cd,—,CT/BILLIE/black,0,3120,1,0,0,3117,https://lubanikishina.com/catalog/kurtki/bomber_billi_billie_chernyy/,,—,747a76b6-7015-11ef-8e10-005056b6c1cd#f72cc218-e140-11ee-8e0e-005056b6c1cd; 747a76b6-7015-11ef-8e10-005056b6c1cd#f72cc219-e140-11ee-8e0e-005056b6c1cd; 747a76b6-7015-11ef-8e10-005056b6c1cd#f72cc21a-e140-11ee-8e0e-005056b6c1cd
137000,https://lubanikishina.com/upload/iblock/265/2hovd5e41qqi2p1ve1uicimr5ebhrk4e.JPG,Бомбер из замши Порт (PORT),J/PORT/zm/brown,1,Интернет магазин,Куртки,1,Бомбер из замши Порт (PORT)  (40),504ff4cc-28bd-11f0-8e57-005056b6c1cd#f72cc217-e140-11ee-8e0e-005056b6c1cd,—,J/PORT/zm/brown,1,2429,1,0,0,2428,https://lubanikishina.com/catalog/kurtki/bomber_iz_zamshi_port_port_/,,—,504ff4cc-28bd-11f0-8e57-005056b6c1cd#f72cc217-e140-11ee-8e0e-005056b6c1cd; 504ff4cc-28bd-11f0-8e57-005056b6c1cd#f72cc218-e140-11ee-8e0e-005056b6c1cd; 504ff4cc-28bd-11f0-8e57-005056b6c1cd#f72cc219-e140-11ee-8e0e-005056b6c1cd; 504ff4cc-28bd-11f0-8e57-005056b6c1cd#f72cc21a-e140-11ee-8e0e-005056b6c1cd
137000,https://lubanikishina.com/upload/iblock/265/2hovd5e41qqi2p1ve1uicimr5ebhrk4e.JPG,Бомбер из замши Порт (PORT),J/PORT/zm/brown,1,Интернет магазин,Куртки,1,Бомбер из замши Порт (PORT)  (42),504ff4cc-28bd-11f0-8e57-005056b6c1cd#f72cc218-e140-11ee-8e0e-005056b6c1cd,—,J/PORT/zm/brown,0,2430,1,0,0,2428,https://lubanikishina.com/catalog/kurtki/bomber_iz_zamshi_port_port_/,,—,504ff4cc-28bd-11f0-8e57-005056b6c1cd#f72cc217-e140-11ee-8e0e-005056b6c1cd; 504ff4cc-28bd-11f0-8e57-005056b6c1cd#f72cc218-e140-11ee-8e0e-005056b6c1cd; 504ff4cc-28bd-11f0-8e57-005056b6c1cd#f72cc219-e140-11ee-8e0e-005056b6c1cd; 504ff4cc-28bd-11f0-8e57-005056b6c1cd#f72cc21a-e140-11ee-8e0e-005056b6c1cd
137000,https://lubanikishina.com/upload/iblock/265/2hovd5e41qqi2p1ve1uicimr5ebhrk4e.JPG,Бомбер из замши Порт (PORT),J/PORT/zm/brown,1,Интернет магазин,Куртки,1,Бомбер из замши Порт (PORT)  (44),504ff4cc-28bd-11f0-8e57-005056b6c1cd#f72cc219-e140-11ee-8e0e-005056b6c1cd,—,J/PORT/zm/brown,0,2431,1,0,0,2428,https://lubanikishina.com/catalog/kurtki/bomber_iz_zamshi_port_port_/,,—,504ff4cc-28bd-11f0-8e57-005056b6c1cd#f72cc217-e140-11ee-8e0e-005056b6c1cd; 504ff4cc-28bd-11f0-8e57-005056b6c1cd#f72cc218-e140-11ee-8e0e-005056b6c1cd; 504ff4cc-28bd-11f0-8e57-005056b6c1cd#f72cc219-e140-11ee-8e0e-005056b6c1cd; 504ff4cc-28bd-11f0-8e57-005056b6c1cd#f72cc21a-e140-11ee-8e0e-005056b6c1cd
137000,https://lubanikishina.com/upload/iblock/265/2hovd5e41qqi2p1ve1uicimr5ebhrk4e.JPG,Бомбер из замши Порт (PORT),J/PORT/zm/brown,1,Интернет магазин,Куртки,1,Бомбер из замши Порт (PORT)  (46),504ff4cc-28bd-11f0-8e57-005056b6c1cd#f72cc21a-e140-11ee-8e0e-005056b6c1cd,—,J/PORT/zm/brown,0,2432,1,0,0,2428,https://lubanikishina.com/catalog/kurtki/bomber_iz_zamshi_port_port_/,,—,504ff4cc-28bd-11f0-8e57-005056b6c1cd#f72cc217-e140-11ee-8e0e-005056b6c1cd; 504ff4cc-28bd-11f0-8e57-005056b6c1cd#f72cc218-e140-11ee-8e0e-005056b6c1cd; 504ff4cc-28bd-11f0-8e57-005056b6c1cd#f72cc219-e140-11ee-8e0e-005056b6c1cd; 504ff4cc-28bd-11f0-8e57-005056b6c1cd#f72cc21a-e140-11ee-8e0e-005056b6c1cd
23000,https://lubanikishina.com/upload/iblock/a8a/r59lhzcvu7swr7jiu75ri2ak2jut8a75.jpg,Бриджи MARA,BR/MARA/black,1,Интернет магазин,Брюки,6,Бриджи MARA (40),26a993fc-e397-11ef-8e2c-005056b6c1cd#f72cc217-e140-11ee-8e0e-005056b6c1cd,—,BR/MARA/black,0,2345,1,0,0,2344,https://lubanikishina.com/catalog/bryuki/bridzhi_mara/,,—,26a993fc-e397-11ef-8e2c-005056b6c1cd#f72cc217-e140-11ee-8e0e-005056b6c1cd; 26a993fc-e397-11ef-8e2c-005056b6c1cd#f72cc218-e140-11ee-8e0e-005056b6c1cd; 26a993fc-e397-11ef-8e2c-005056b6c1cd#f72cc219-e140-11ee-8e0e-005056b6c1cd; 26a993fc-e397-11ef-8e2c-005056b6c1cd#f72cc21a-e140-11ee-8e0e-005056b6c1cd
23000,https://lubanikishina.com/upload/iblock/a8a/r59lhzcvu7swr7jiu75ri2ak2jut8a75.jpg,Бриджи MARA,BR/MARA/black,1,Интернет магазин,Брюки,6,Бриджи MARA (42),26a993fc-e397-11ef-8e2c-005056b6c1cd#f72cc218-e140-11ee-8e0e-005056b6c1cd,—,BR/MARA/black,0,2346,1,0,0,2344,https://lubanikishina.com/catalog/bryuki/bridzhi_mara/,,—,26a993fc-e397-11ef-8e2c-005056b6c1cd#f72cc217-e140-11ee-8e0e-005056b6c1cd; 26a993fc-e397-11ef-8e2c-005056b6c1cd#f72cc218-e140-11ee-8e0e-005056b6c1cd; 26a993fc-e397-11ef-8e2c-005056b6c1cd#f72cc219-e140-11ee-8e0e-005056b6c1cd; 26a993fc-e397-11ef-8e2c-005056b6c1cd#f72cc21a-e140-11ee-8e0e-005056b6c1cd
23000,https://lubanikishina.com/upload/iblock/a8a/r59lhzcvu7swr7jiu75ri2ak2jut8a75.jpg,Бриджи MARA,BR/MARA/black,1,Интернет магазин,Брюки,6,Бриджи MARA (44),26a993fc-e397-11ef-8e2c-005056b6c1cd#f72cc219-e140-11ee-8e0e-005056b6c1cd,—,BR/MARA/black,3,2347,1,0,0,2344,https://lubanikishina.com/catalog/bryuki/bridzhi_mara/,,—,26a993fc-e397-11ef-8e2c-005056b6c1cd#f72cc217-e140-11ee-8e0e-005056b6c1cd; 26a993fc-e397-11ef-8e2c-005056b6c1cd#f72cc218-e140-11ee-8e0e-005056b6c1cd; 26a993fc-e397-11ef-8e2c-005056b6c1cd#f72cc219-e140-11ee-8e0e-005056b6c1cd; 26a993fc-e397-11ef-8e2c-005056b6c1cd#f72cc21a-e140-11ee-8e0e-005056b6c1cd
23000,https://lubanikishina.com/upload/iblock/a8a/r59lhzcvu7swr7jiu75ri2ak2jut8a75.jpg,Бриджи MARA,BR/MARA/black,1,Интернет магазин,Брюки,6,Бриджи MARA (46),26a993fc-e397-11ef-8e2c-005056b6c1cd#f72cc21a-e140-11ee-8e0e-005056b6c1cd,—,BR/MARA/black,3,2348,1,0,0,2344,https://lubanikishina.com/catalog/bryuki/bridzhi_mara/,,—,26a993fc-e397-11ef-8e2c-005056b6c1cd#f72cc217-e140-11ee-8e0e-005056b6c1cd; 26a993fc-e397-11ef-8e2c-005056b6c1cd#f72cc218-e140-11ee-8e0e-005056b6c1cd; 26a993fc-e397-11ef-8e2c-005056b6c1cd#f72cc219-e140-11ee-8e0e-005056b6c1cd; 26a993fc-e397-11ef-8e2c-005056b6c1cd#f72cc21a-e140-11ee-8e0e-005056b6c1cd
10600,https://lubanikishina.com/upload/iblock/5e1/ha2honxzp9c3u1bkd5d9vnzhs6jx3hum.jpg,Брюки,TR/black,1,Интернет магазин,Брюки,1,Брюки (44),3cc4ac1c-0153-11ef-8e0e-005056b6c1cd#f72cc219-e140-11ee-8e0e-005056b6c1cd,—,TR/black,1,1671,1,0,0,1662,https://lubanikishina.com/catalog/bryuki/bryuki/,,—,3cc4ac1c-0153-11ef-8e0e-005056b6c1cd#f72cc219-e140-11ee-8e0e-005056b6c1cd
10600,https://lubanikishina.com/upload/iblock/7c0/nk6yaimnmtxa08y66wpgx8flgfha8q0k.jpg,Брюки,TR/grey,1,Интернет магазин,Брюки,3,Брюки  (42),3cc4ac1b-0153-11ef-8e0e-005056b6c1cd#f72cc218-e140-11ee-8e0e-005056b6c1cd,—,TR/grey,2,1667,1,0,0,1661,https://lubanikishina.com/catalog/bryuki/bryuki_/,,—,3cc4ac1b-0153-11ef-8e0e-005056b6c1cd#f72cc218-e140-11ee-8e0e-005056b6c1cd; 3cc4ac1b-0153-11ef-8e0e-005056b6c1cd#f72cc219-e140-11ee-8e0e-005056b6c1cd; 3cc4ac1b-0153-11ef-8e0e-005056b6c1cd#f72cc21a-e140-11ee-8e0e-005056b6c1cd
10600,https://lubanikishina.com/upload/iblock/7c0/nk6yaimnmtxa08y66wpgx8flgfha8q0k.jpg,Брюки,TR/grey,1,Интернет магазин,Брюки,3,Брюки  (44),3cc4ac1b-0153-11ef-8e0e-005056b6c1cd#f72cc219-e140-11ee-8e0e-005056b6c1cd,—,TR/grey,0,1668,1,0,0,1661,https://lubanikishina.com/catalog/bryuki/bryuki_/,,—,3cc4ac1b-0153-11ef-8e0e-005056b6c1cd#f72cc218-e140-11ee-8e0e-005056b6c1cd; 3cc4ac1b-0153-11ef-8e0e-005056b6c1cd#f72cc219-e140-11ee-8e0e-005056b6c1cd; 3cc4ac1b-0153-11ef-8e0e-005056b6c1cd#f72cc21a-e140-11ee-8e0e-005056b6c1cd
10600,https://lubanikishina.com/upload/iblock/7c0/nk6yaimnmtxa08y66wpgx8flgfha8q0k.jpg,Брюки,TR/grey,1,Интернет магазин,Брюки,3,Брюки  (46),3cc4ac1b-0153-11ef-8e0e-005056b6c1cd#f72cc21a-e140-11ee-8e0e-005056b6c1cd,—,TR/grey,1,1669,1,0,0,1661,https://lubanikishina.com/catalog/bryuki/bryuki_/,,—,3cc4ac1b-0153-11ef-8e0e-005056b6c1cd#f72cc218-e140-11ee-8e0e-005056b6c1cd; 3cc4ac1b-0153-11ef-8e0e-005056b6c1cd#f72cc219-e140-11ee-8e0e-005056b6c1cd; 3cc4ac1b-0153-11ef-8e0e-005056b6c1cd#f72cc21a-e140-11ee-8e0e-005056b6c1cd
16700,https://lubanikishina.com/upload/iblock/93b/jnu13r2thiat6p001scac7a646at7mdb.png,Брюки Aurum,TR/AURUM/brownstripe,1,Интернет магазин,Брюки,1,Брюки Aurum (42),9cfea499-2cca-11f0-8e58-005056b6c1cd#f72cc218-e140-11ee-8e0e-005056b6c1cd,—,TR/AURUM/brownstripe,0,2449,1,0,0,2448,https://lubanikishina.com/catalog/bryuki/bryuki_aurum/,,—,9cfea499-2cca-11f0-8e58-005056b6c1cd#f72cc218-e140-11ee-8e0e-005056b6c1cd; 9cfea499-2cca-11f0-8e58-005056b6c1cd#f72cc219-e140-11ee-8e0e-005056b6c1cd; 9cfea499-2cca-11f0-8e58-005056b6c1cd#f72cc21a-e140-11ee-8e0e-005056b6c1cd; 9cfea499-2cca-11f0-8e58-005056b6c1cd#f72cc217-e140-11ee-8e0e-005056b6c1cd
16700,https://lubanikishina.com/upload/iblock/93b/jnu13r2thiat6p001scac7a646at7mdb.png,Брюки Aurum,TR/AURUM/brownstripe,1,Интернет магазин,Брюки,1,Брюки Aurum (44),9cfea499-2cca-11f0-8e58-005056b6c1cd#f72cc219-e140-11ee-8e0e-005056b6c1cd,—,TR/AURUM/brownstripe,1,2450,1,0,0,2448,https://lubanikishina.com/catalog/bryuki/bryuki_aurum/,,—,9cfea499-2cca-11f0-8e58-005056b6c1cd#f72cc218-e140-11ee-8e0e-005056b6c1cd; 9cfea499-2cca-11f0-8e58-005056b6c1cd#f72cc219-e140-11ee-8e0e-005056b6c1cd; 9cfea499-2cca-11f0-8e58-005056b6c1cd#f72cc21a-e140-11ee-8e0e-005056b6c1cd; 9cfea499-2cca-11f0-8e58-005056b6c1cd#f72cc217-e140-11ee-8e0e-005056b6c1cd
16700,https://lubanikishina.com/upload/iblock/93b/jnu13r2thiat6p001scac7a646at7mdb.png,Брюки Aurum,TR/AURUM/brownstripe,1,Интернет магазин,Брюки,1,Брюки Aurum (46),9cfea499-2cca-11f0-8e58-005056b6c1cd#f72cc21a-e140-11ee-8e0e-005056b6c1cd,—,TR/AURUM/brownstripe,0,2451,1,0,0,2448,https://lubanikishina.com/catalog/bryuki/bryuki_aurum/,,—,9cfea499-2cca-11f0-8e58-005056b6c1cd#f72cc218-e140-11ee-8e0e-005056b6c1cd; 9cfea499-2cca-11f0-8e58-005056b6c1cd#f72cc219-e140-11ee-8e0e-005056b6c1cd; 9cfea499-2cca-11f0-8e58-005056b6c1cd#f72cc21a-e140-11ee-8e0e-005056b6c1cd; 9cfea499-2cca-11f0-8e58-005056b6c1cd#f72cc217-e140-11ee-8e0e-005056b6c1cd
16700,https://lubanikishina.com/upload/iblock/93b/jnu13r2thiat6p001scac7a646at7mdb.png,Брюки Aurum,TR/AURUM/brownstripe,1,Интернет магазин,Брюки,1,Брюки Aurum (40),9cfea499-2cca-11f0-8e58-005056b6c1cd#f72cc217-e140-11ee-8e0e-005056b6c1cd,—,TR/AURUM/brownstripe,0,2515,1,0,0,2448,https://lubanikishina.com/catalog/bryuki/bryuki_aurum/,,—,9cfea499-2cca-11f0-8e58-005056b6c1cd#f72cc218-e140-11ee-8e0e-005056b6c1cd; 9cfea499-2cca-11f0-8e58-005056b6c1cd#f72cc219-e140-11ee-8e0e-005056b6c1cd; 9cfea499-2cca-11f0-8e58-005056b6c1cd#f72cc21a-e140-11ee-8e0e-005056b6c1cd; 9cfea499-2cca-11f0-8e58-005056b6c1cd#f72cc217-e140-11ee-8e0e-005056b6c1cd
95000,https://lubanikishina.com/upload/iblock/39c/gpda70i21iwcfn9j4s35ulymghiv61it.png,Брюки BADGE,TR/BADGE/black,1,Интернет магазин,Брюки,5,Брюки BADGE (40),4e31bf0a-d702-11ef-8e23-005056b6c1cd#f72cc217-e140-11ee-8e0e-005056b6c1cd,—,TR/BADGE/black,2,2333,1,0,0,2332,https://lubanikishina.com/catalog/bryuki/bryuki_badge_1/,,—,4e31bf0a-d702-11ef-8e23-005056b6c1cd#f72cc217-e140-11ee-8e0e-005056b6c1cd; 4e31bf0a-d702-11ef-8e23-005056b6c1cd#f72cc218-e140-11ee-8e0e-005056b6c1cd; 4e31bf0a-d702-11ef-8e23-005056b6c1cd#f72cc219-e140-11ee-8e0e-005056b6c1cd
95000,https://lubanikishina.com/upload/iblock/39c/gpda70i21iwcfn9j4s35ulymghiv61it.png,Брюки BADGE,TR/BADGE/black,1,Интернет магазин,Брюки,5,Брюки BADGE (42),4e31bf0a-d702-11ef-8e23-005056b6c1cd#f72cc218-e140-11ee-8e0e-005056b6c1cd,—,TR/BADGE/black,1,2334,1,0,0,2332,https://lubanikishina.com/catalog/bryuki/bryuki_badge_1/,,—,4e31bf0a-d702-11ef-8e23-005056b6c1cd#f72cc217-e140-11ee-8e0e-005056b6c1cd; 4e31bf0a-d702-11ef-8e23-005056b6c1cd#f72cc218-e140-11ee-8e0e-005056b6c1cd; 4e31bf0a-d702-11ef-8e23-005056b6c1cd#f72cc219-e140-11ee-8e0e-005056b6c1cd
95000,https://lubanikishina.com/upload/iblock/39c/gpda70i21iwcfn9j4s35ulymghiv61it.png,Брюки BADGE,TR/BADGE/black,1,Интернет магазин,Брюки,5,Брюки BADGE (44),4e31bf0a-d702-11ef-8e23-005056b6c1cd#f72cc219-e140-11ee-8e0e-005056b6c1cd,—,TR/BADGE/black,2,2335,1,0,0,2332,https://lubanikishina.com/catalog/bryuki/bryuki_badge_1/,,—,4e31bf0a-d702-11ef-8e23-005056b6c1cd#f72cc217-e140-11ee-8e0e-005056b6c1cd; 4e31bf0a-d702-11ef-8e23-005056b6c1cd#f72cc218-e140-11ee-8e0e-005056b6c1cd; 4e31bf0a-d702-11ef-8e23-005056b6c1cd#f72cc219-e140-11ee-8e0e-005056b6c1cd
95000,https://lubanikishina.com/upload/iblock/b45/g2dnelpmjos5p4jj0ch63ut7hx6sykfo.jpg,Брюки BADGE,TR/BADGE/brown,1,Интернет магазин,Брюки,1,Брюки BADGE (42),51ccb1a6-b14c-11ef-8e11-005056b6c1cd#f72cc218-e140-11ee-8e0e-005056b6c1cd,—,TR/BADGE/brown,1,2137,1,0,0,2132,https://lubanikishina.com/catalog/bryuki/bryuki_badge/,,—,51ccb1a6-b14c-11ef-8e11-005056b6c1cd#f72cc218-e140-11ee-8e0e-005056b6c1cd; 51ccb1a6-b14c-11ef-8e11-005056b6c1cd#f72cc217-e140-11ee-8e0e-005056b6c1cd; 51ccb1a6-b14c-11ef-8e11-005056b6c1cd#f72cc219-e140-11ee-8e0e-005056b6c1cd; 51ccb1a6-b14c-11ef-8e11-005056b6c1cd#f72cc21a-e140-11ee-8e0e-005056b6c1cd
95000,https://lubanikishina.com/upload/iblock/b45/g2dnelpmjos5p4jj0ch63ut7hx6sykfo.jpg,Брюки BADGE,TR/BADGE/brown,1,Интернет магазин,Брюки,1,Брюки BADGE (40),51ccb1a6-b14c-11ef-8e11-005056b6c1cd#f72cc217-e140-11ee-8e0e-005056b6c1cd,—,TR/BADGE/brown,0,2141,1,0,0,2132,https://lubanikishina.com/catalog/bryuki/bryuki_badge/,,—,51ccb1a6-b14c-11ef-8e11-005056b6c1cd#f72cc218-e140-11ee-8e0e-005056b6c1cd; 51ccb1a6-b14c-11ef-8e11-005056b6c1cd#f72cc217-e140-11ee-8e0e-005056b6c1cd; 51ccb1a6-b14c-11ef-8e11-005056b6c1cd#f72cc219-e140-11ee-8e0e-005056b6c1cd; 51ccb1a6-b14c-11ef-8e11-005056b6c1cd#f72cc21a-e140-11ee-8e0e-005056b6c1cd
95000,https://lubanikishina.com/upload/iblock/b45/g2dnelpmjos5p4jj0ch63ut7hx6sykfo.jpg,Брюки BADGE,TR/BADGE/brown,1,Интернет магазин,Брюки,1,Брюки BADGE (44),51ccb1a6-b14c-11ef-8e11-005056b6c1cd#f72cc219-e140-11ee-8e0e-005056b6c1cd,—,TR/BADGE/brown,0,2142,1,0,0,2132,https://lubanikishina.com/catalog/bryuki/bryuki_badge/,,—,51ccb1a6-b14c-11ef-8e11-005056b6c1cd#f72cc218-e140-11ee-8e0e-005056b6c1cd; 51ccb1a6-b14c-11ef-8e11-005056b6c1cd#f72cc217-e140-11ee-8e0e-005056b6c1cd; 51ccb1a6-b14c-11ef-8e11-005056b6c1cd#f72cc219-e140-11ee-8e0e-005056b6c1cd; 51ccb1a6-b14c-11ef-8e11-005056b6c1cd#f72cc21a-e140-11ee-8e0e-005056b6c1cd
95000,https://lubanikishina.com/upload/iblock/b45/g2dnelpmjos5p4jj0ch63ut7hx6sykfo.jpg,Брюки BADGE,TR/BADGE/brown,1,Интернет магазин,Брюки,1,Брюки BADGE (46),51ccb1a6-b14c-11ef-8e11-005056b6c1cd#f72cc21a-e140-11ee-8e0e-005056b6c1cd,—,TR/BADGE/brown,0,2143,1,0,0,2132,https://lubanikishina.com/catalog/bryuki/bryuki_badge/,,—,51ccb1a6-b14c-11ef-8e11-005056b6c1cd#f72cc218-e140-11ee-8e0e-005056b6c1cd; 51ccb1a6-b14c-11ef-8e11-005056b6c1cd#f72cc217-e140-11ee-8e0e-005056b6c1cd; 51ccb1a6-b14c-11ef-8e11-005056b6c1cd#f72cc219-e140-11ee-8e0e-005056b6c1cd; 51ccb1a6-b14c-11ef-8e11-005056b6c1cd#f72cc21a-e140-11ee-8e0e-005056b6c1cd
19000,https://lubanikishina.com/upload/iblock/27c/mj576evnbqnkqs3xrbwkrhzktg8ehbqm.jpg,Брюки CHRIS,TR/CHRIS/wine,1,Интернет магазин,Брюки,4,Брюки CHRIS (42),18ed4fed-6f75-11ef-8e10-005056b6c1cd#f72cc218-e140-11ee-8e0e-005056b6c1cd,—,TR/CHRIS/wine,3,2082,1,0,0,2080,https://lubanikishina.com/catalog/bryuki/bryuki_chris/,,—,18ed4fed-6f75-11ef-8e10-005056b6c1cd#f72cc218-e140-11ee-8e0e-005056b6c1cd; 18ed4fed-6f75-11ef-8e10-005056b6c1cd#f72cc219-e140-11ee-8e0e-005056b6c1cd; 18ed4fed-6f75-11ef-8e10-005056b6c1cd#f72cc21a-e140-11ee-8e0e-005056b6c1cd
19000,https://lubanikishina.com/upload/iblock/27c/mj576evnbqnkqs3xrbwkrhzktg8ehbqm.jpg,Брюки CHRIS,TR/CHRIS/wine,1,Интернет магазин,Брюки,4,Брюки CHRIS (44),18ed4fed-6f75-11ef-8e10-005056b6c1cd#f72cc219-e140-11ee-8e0e-005056b6c1cd,—,TR/CHRIS/wine,1,2083,1,0,0,2080,https://lubanikishina.com/catalog/bryuki/bryuki_chris/,,—,18ed4fed-6f75-11ef-8e10-005056b6c1cd#f72cc218-e140-11ee-8e0e-005056b6c1cd; 18ed4fed-6f75-11ef-8e10-005056b6c1cd#f72cc219-e140-11ee-8e0e-005056b6c1cd; 18ed4fed-6f75-11ef-8e10-005056b6c1cd#f72cc21a-e140-11ee-8e0e-005056b6c1cd
19000,https://lubanikishina.com/upload/iblock/27c/mj576evnbqnkqs3xrbwkrhzktg8ehbqm.jpg,Брюки CHRIS,TR/CHRIS/wine,1,Интернет магазин,Брюки,4,Брюки CHRIS (46),18ed4fed-6f75-11ef-8e10-005056b6c1cd#f72cc21a-e140-11ee-8e0e-005056b6c1cd,—,TR/CHRIS/wine,0,2084,1,0,0,2080,https://lubanikishina.com/catalog/bryuki/bryuki_chris/,,—,18ed4fed-6f75-11ef-8e10-005056b6c1cd#f72cc218-e140-11ee-8e0e-005056b6c1cd; 18ed4fed-6f75-11ef-8e10-005056b6c1cd#f72cc219-e140-11ee-8e0e-005056b6c1cd; 18ed4fed-6f75-11ef-8e10-005056b6c1cd#f72cc21a-e140-11ee-8e0e-005056b6c1cd
27500,https://lubanikishina.com/upload/iblock/993/vj9ukrdrty5ndh7taj71pq2zblwnr1bk.png,Брюки KEN,TR/KEN/wblack,1,Интернет магазин,Брюки,8,Брюки KEN (42),77c5d98e-b673-11f0-a138-005056b6f117#f72cc218-e140-11ee-8e0e-005056b6c1cd,—,TR/KEN/wblack,1,2963,1,0,0,2961,https://lubanikishina.com/catalog/bryuki/bryuki_ken_1/,,—,77c5d98e-b673-11f0-a138-005056b6f117#f72cc218-e140-11ee-8e0e-005056b6c1cd; 77c5d98e-b673-11f0-a138-005056b6f117#f72cc217-e140-11ee-8e0e-005056b6c1cd; 77c5d98e-b673-11f0-a138-005056b6f117#f72cc219-e140-11ee-8e0e-005056b6c1cd; 77c5d98e-b673-11f0-a138-005056b6f117#f72cc21a-e140-11ee-8e0e-005056b6c1cd
27500,https://lubanikishina.com/upload/iblock/993/vj9ukrdrty5ndh7taj71pq2zblwnr1bk.png,Брюки KEN,TR/KEN/wblack,1,Интернет магазин,Брюки,8,Брюки KEN (40),77c5d98e-b673-11f0-a138-005056b6f117#f72cc217-e140-11ee-8e0e-005056b6c1cd,—,TR/KEN/wblack,1,2962,1,0,0,2961,https://lubanikishina.com/catalog/bryuki/bryuki_ken_1/,,—,77c5d98e-b673-11f0-a138-005056b6f117#f72cc218-e140-11ee-8e0e-005056b6c1cd; 77c5d98e-b673-11f0-a138-005056b6f117#f72cc217-e140-11ee-8e0e-005056b6c1cd; 77c5d98e-b673-11f0-a138-005056b6f117#f72cc219-e140-11ee-8e0e-005056b6c1cd; 77c5d98e-b673-11f0-a138-005056b6f117#f72cc21a-e140-11ee-8e0e-005056b6c1cd
27500,https://lubanikishina.com/upload/iblock/993/vj9ukrdrty5ndh7taj71pq2zblwnr1bk.png,Брюки KEN,TR/KEN/wblack,1,Интернет магазин,Брюки,8,Брюки KEN (44),77c5d98e-b673-11f0-a138-005056b6f117#f72cc219-e140-11ee-8e0e-005056b6c1cd,—,TR/KEN/wblack,3,2964,1,0,0,2961,https://lubanikishina.com/catalog/bryuki/bryuki_ken_1/,,—,77c5d98e-b673-11f0-a138-005056b6f117#f72cc218-e140-11ee-8e0e-005056b6c1cd; 77c5d98e-b673-11f0-a138-005056b6f117#f72cc217-e140-11ee-8e0e-005056b6c1cd; 77c5d98e-b673-11f0-a138-005056b6f117#f72cc219-e140-11ee-8e0e-005056b6c1cd; 77c5d98e-b673-11f0-a138-005056b6f117#f72cc21a-e140-11ee-8e0e-005056b6c1cd
27500,https://lubanikishina.com/upload/iblock/993/vj9ukrdrty5ndh7taj71pq2zblwnr1bk.png,Брюки KEN,TR/KEN/wblack,1,Интернет магазин,Брюки,8,Брюки KEN (46),77c5d98e-b673-11f0-a138-005056b6f117#f72cc21a-e140-11ee-8e0e-005056b6c1cd,—,TR/KEN/wblack,3,2965,1,0,0,2961,https://lubanikishina.com/catalog/bryuki/bryuki_ken_1/,,—,77c5d98e-b673-11f0-a138-005056b6f117#f72cc218-e140-11ee-8e0e-005056b6c1cd; 77c5d98e-b673-11f0-a138-005056b6f117#f72cc217-e140-11ee-8e0e-005056b6c1cd; 77c5d98e-b673-11f0-a138-005056b6f117#f72cc219-e140-11ee-8e0e-005056b6c1cd; 77c5d98e-b673-11f0-a138-005056b6f117#f72cc21a-e140-11ee-8e0e-005056b6c1cd
14000,https://lubanikishina.com/upload/iblock/9ee/cezl6cnh5eapt9qniag2ve5vo30m5pb4.jpg,Брюки OCEAN,TR/OCEAN/white,1,Интернет магазин,Брюки,3,Брюки OCEAN (40),fecff030-24a3-11ef-8e0e-005056b6c1cd#f72cc217-e140-11ee-8e0e-005056b6c1cd,—,TR/OCEAN/white,2,1600,1,0,0,1570,https://lubanikishina.com/catalog/bryuki/bryuki_ocean_1/,,—,fecff030-24a3-11ef-8e0e-005056b6c1cd#f72cc217-e140-11ee-8e0e-005056b6c1cd; fecff030-24a3-11ef-8e0e-005056b6c1cd#f72cc218-e140-11ee-8e0e-005056b6c1cd; fecff030-24a3-11ef-8e0e-005056b6c1cd#f72cc219-e140-11ee-8e0e-005056b6c1cd; fecff030-24a3-11ef-8e0e-005056b6c1cd#f72cc21a-e140-11ee-8e0e-005056b6c1cd
14000,https://lubanikishina.com/upload/iblock/9ee/cezl6cnh5eapt9qniag2ve5vo30m5pb4.jpg,Брюки OCEAN,TR/OCEAN/white,1,Интернет магазин,Брюки,3,Брюки OCEAN (42),fecff030-24a3-11ef-8e0e-005056b6c1cd#f72cc218-e140-11ee-8e0e-005056b6c1cd,—,TR/OCEAN/white,1,1601,1,0,0,1570,https://lubanikishina.com/catalog/bryuki/bryuki_ocean_1/,,—,fecff030-24a3-11ef-8e0e-005056b6c1cd#f72cc217-e140-11ee-8e0e-005056b6c1cd; fecff030-24a3-11ef-8e0e-005056b6c1cd#f72cc218-e140-11ee-8e0e-005056b6c1cd; fecff030-24a3-11ef-8e0e-005056b6c1cd#f72cc219-e140-11ee-8e0e-005056b6c1cd; fecff030-24a3-11ef-8e0e-005056b6c1cd#f72cc21a-e140-11ee-8e0e-005056b6c1cd
14000,https://lubanikishina.com/upload/iblock/9ee/cezl6cnh5eapt9qniag2ve5vo30m5pb4.jpg,Брюки OCEAN,TR/OCEAN/white,1,Интернет магазин,Брюки,3,Брюки OCEAN (44),fecff030-24a3-11ef-8e0e-005056b6c1cd#f72cc219-e140-11ee-8e0e-005056b6c1cd,—,TR/OCEAN/white,0,1602,1,0,0,1570,https://lubanikishina.com/catalog/bryuki/bryuki_ocean_1/,,—,fecff030-24a3-11ef-8e0e-005056b6c1cd#f72cc217-e140-11ee-8e0e-005056b6c1cd; fecff030-24a3-11ef-8e0e-005056b6c1cd#f72cc218-e140-11ee-8e0e-005056b6c1cd; fecff030-24a3-11ef-8e0e-005056b6c1cd#f72cc219-e140-11ee-8e0e-005056b6c1cd; fecff030-24a3-11ef-8e0e-005056b6c1cd#f72cc21a-e140-11ee-8e0e-005056b6c1cd
14000,https://lubanikishina.com/upload/iblock/9ee/cezl6cnh5eapt9qniag2ve5vo30m5pb4.jpg,Брюки OCEAN,TR/OCEAN/white,1,Интернет магазин,Брюки,3,Брюки OCEAN (46),fecff030-24a3-11ef-8e0e-005056b6c1cd#f72cc21a-e140-11ee-8e0e-005056b6c1cd,—,TR/OCEAN/white,0,1958,1,0,0,1570,https://lubanikishina.com/catalog/bryuki/bryuki_ocean_1/,,—,fecff030-24a3-11ef-8e0e-005056b6c1cd#f72cc217-e140-11ee-8e0e-005056b6c1cd; fecff030-24a3-11ef-8e0e-005056b6c1cd#f72cc218-e140-11ee-8e0e-005056b6c1cd; fecff030-24a3-11ef-8e0e-005056b6c1cd#f72cc219-e140-11ee-8e0e-005056b6c1cd; fecff030-24a3-11ef-8e0e-005056b6c1cd#f72cc21a-e140-11ee-8e0e-005056b6c1cd
14000,https://lubanikishina.com/upload/iblock/e1c/trratyzj7fzb26gbp56we8nz6zpftrj2.jpg,Брюки OCEAN,TR/OCEAN/moss,1,Интернет магазин,Брюки,3,Брюки OCEAN (40),cbb59be5-1758-11ef-8e0e-005056b6c1cd#f72cc217-e140-11ee-8e0e-005056b6c1cd,—,TR/OCEAN/moss,1,1596,1,0,0,1568,https://lubanikishina.com/catalog/bryuki/bryuki_ocean/,,—,cbb59be5-1758-11ef-8e0e-005056b6c1cd#f72cc217-e140-11ee-8e0e-005056b6c1cd; cbb59be5-1758-11ef-8e0e-005056b6c1cd#f72cc218-e140-11ee-8e0e-005056b6c1cd; cbb59be5-1758-11ef-8e0e-005056b6c1cd#f72cc219-e140-11ee-8e0e-005056b6c1cd; cbb59be5-1758-11ef-8e0e-005056b6c1cd#f72cc21a-e140-11ee-8e0e-005056b6c1cd
14000,https://lubanikishina.com/upload/iblock/e1c/trratyzj7fzb26gbp56we8nz6zpftrj2.jpg,Брюки OCEAN,TR/OCEAN/moss,1,Интернет магазин,Брюки,3,Брюки OCEAN (42),cbb59be5-1758-11ef-8e0e-005056b6c1cd#f72cc218-e140-11ee-8e0e-005056b6c1cd,—,TR/OCEAN/moss,0,1597,1,0,0,1568,https://lubanikishina.com/catalog/bryuki/bryuki_ocean/,,—,cbb59be5-1758-11ef-8e0e-005056b6c1cd#f72cc217-e140-11ee-8e0e-005056b6c1cd; cbb59be5-1758-11ef-8e0e-005056b6c1cd#f72cc218-e140-11ee-8e0e-005056b6c1cd; cbb59be5-1758-11ef-8e0e-005056b6c1cd#f72cc219-e140-11ee-8e0e-005056b6c1cd; cbb59be5-1758-11ef-8e0e-005056b6c1cd#f72cc21a-e140-11ee-8e0e-005056b6c1cd
14000,https://lubanikishina.com/upload/iblock/e1c/trratyzj7fzb26gbp56we8nz6zpftrj2.jpg,Брюки OCEAN,TR/OCEAN/moss,1,Интернет магазин,Брюки,3,Брюки OCEAN (44),cbb59be5-1758-11ef-8e0e-005056b6c1cd#f72cc219-e140-11ee-8e0e-005056b6c1cd,—,TR/OCEAN/moss,1,1598,1,0,0,1568,https://lubanikishina.com/catalog/bryuki/bryuki_ocean/,,—,cbb59be5-1758-11ef-8e0e-005056b6c1cd#f72cc217-e140-11ee-8e0e-005056b6c1cd; cbb59be5-1758-11ef-8e0e-005056b6c1cd#f72cc218-e140-11ee-8e0e-005056b6c1cd; cbb59be5-1758-11ef-8e0e-005056b6c1cd#f72cc219-e140-11ee-8e0e-005056b6c1cd; cbb59be5-1758-11ef-8e0e-005056b6c1cd#f72cc21a-e140-11ee-8e0e-005056b6c1cd
14000,https://lubanikishina.com/upload/iblock/e1c/trratyzj7fzb26gbp56we8nz6zpftrj2.jpg,Брюки OCEAN,TR/OCEAN/moss,1,Интернет магазин,Брюки,3,Брюки OCEAN (46),cbb59be5-1758-11ef-8e0e-005056b6c1cd#f72cc21a-e140-11ee-8e0e-005056b6c1cd,—,TR/OCEAN/moss,1,1599,1,0,0,1568,https://lubanikishina.com/catalog/bryuki/bryuki_ocean/,,—,cbb59be5-1758-11ef-8e0e-005056b6c1cd#f72cc217-e140-11ee-8e0e-005056b6c1cd; cbb59be5-1758-11ef-8e0e-005056b6c1cd#f72cc218-e140-11ee-8e0e-005056b6c1cd; cbb59be5-1758-11ef-8e0e-005056b6c1cd#f72cc219-e140-11ee-8e0e-005056b6c1cd; cbb59be5-1758-11ef-8e0e-005056b6c1cd#f72cc21a-e140-11ee-8e0e-005056b6c1cd
27000,https://lubanikishina.com/upload/iblock/ae7/nff5s6o6isp8onsympyohlwtzygp5gga.jpg,Брюки OFFICE,TR/OFFICE/grey/strip,1,Интернет магазин,Брюки,2,Брюки OFFICE (40),188371e5-7ca7-11ef-8e10-005056b6c1cd#f72cc217-e140-11ee-8e0e-005056b6c1cd,—,TR/OFFICE/grey/strip,2,2089,1,0,0,2085,https://lubanikishina.com/catalog/bryuki/bryuki_office_3/,,—,188371e5-7ca7-11ef-8e10-005056b6c1cd#f72cc217-e140-11ee-8e0e-005056b6c1cd
27000,https://lubanikishina.com/upload/iblock/944/9lcekgm1bf77fqoqqlri2thh16a3xlne.jpg,Брюки OFFICE,TR/OFFICE/lblue,1,Интернет магазин,Брюки,2,Брюки OFFICE (42),42ab07d7-00a5-11ef-8e0e-005056b6c1cd#f72cc218-e140-11ee-8e0e-005056b6c1cd,—,TR/OFFICE/lblue,2,1660,1,0,0,1643,https://lubanikishina.com/catalog/bryuki/bryuki_office_2/,Собственное производство,—,42ab07d7-00a5-11ef-8e0e-005056b6c1cd#f72cc218-e140-11ee-8e0e-005056b6c1cd
27000,https://lubanikishina.com/upload/iblock/c14/y561yf173b5l2h3v5uxds0wfpq1fn78k.jpg,Брюки OFFICE,TR/OFFICE/blue,1,Интернет магазин,Брюки,5,Брюки OFFICE (40),42ab07d6-00a5-11ef-8e0e-005056b6c1cd#f72cc217-e140-11ee-8e0e-005056b6c1cd,—,TR/OFFICE/blue,0,1657,1,0,0,1642,https://lubanikishina.com/catalog/bryuki/bryuki_office_1/,,—,42ab07d6-00a5-11ef-8e0e-005056b6c1cd#f72cc217-e140-11ee-8e0e-005056b6c1cd; 42ab07d6-00a5-11ef-8e0e-005056b6c1cd#f72cc218-e140-11ee-8e0e-005056b6c1cd; 42ab07d6-00a5-11ef-8e0e-005056b6c1cd#f72cc219-e140-11ee-8e0e-005056b6c1cd
27000,https://lubanikishina.com/upload/iblock/c14/y561yf173b5l2h3v5uxds0wfpq1fn78k.jpg,Брюки OFFICE,TR/OFFICE/blue,1,Интернет магазин,Брюки,5,Брюки OFFICE (42),42ab07d6-00a5-11ef-8e0e-005056b6c1cd#f72cc218-e140-11ee-8e0e-005056b6c1cd,—,TR/OFFICE/blue,5,1658,1,0,0,1642,https://lubanikishina.com/catalog/bryuki/bryuki_office_1/,,—,42ab07d6-00a5-11ef-8e0e-005056b6c1cd#f72cc217-e140-11ee-8e0e-005056b6c1cd; 42ab07d6-00a5-11ef-8e0e-005056b6c1cd#f72cc218-e140-11ee-8e0e-005056b6c1cd; 42ab07d6-00a5-11ef-8e0e-005056b6c1cd#f72cc219-e140-11ee-8e0e-005056b6c1cd
27000,https://lubanikishina.com/upload/iblock/c14/y561yf173b5l2h3v5uxds0wfpq1fn78k.jpg,Брюки OFFICE,TR/OFFICE/blue,1,Интернет магазин,Брюки,5,Брюки OFFICE (44),42ab07d6-00a5-11ef-8e0e-005056b6c1cd#f72cc219-e140-11ee-8e0e-005056b6c1cd,—,TR/OFFICE/blue,0,1659,1,0,0,1642,https://lubanikishina.com/catalog/bryuki/bryuki_office_1/,,—,42ab07d6-00a5-11ef-8e0e-005056b6c1cd#f72cc217-e140-11ee-8e0e-005056b6c1cd; 42ab07d6-00a5-11ef-8e0e-005056b6c1cd#f72cc218-e140-11ee-8e0e-005056b6c1cd; 42ab07d6-00a5-11ef-8e0e-005056b6c1cd#f72cc219-e140-11ee-8e0e-005056b6c1cd
27000,https://lubanikishina.com/upload/iblock/357/7yyzn3ddjx1t5io6244566d2xiecftem.jpg,Брюки OFFICE,TR/OFFICE/black/strip,1,Интернет магазин,Брюки,4,Брюки OFFICE (40),42ab07d5-00a5-11ef-8e0e-005056b6c1cd#f72cc217-e140-11ee-8e0e-005056b6c1cd,—,TR/OFFICE/black/strip,2,1654,1,0,0,1641,https://lubanikishina.com/catalog/bryuki/bryuki_office/,,—,42ab07d5-00a5-11ef-8e0e-005056b6c1cd#f72cc217-e140-11ee-8e0e-005056b6c1cd; 42ab07d5-00a5-11ef-8e0e-005056b6c1cd#f72cc218-e140-11ee-8e0e-005056b6c1cd; 42ab07d5-00a5-11ef-8e0e-005056b6c1cd#f72cc219-e140-11ee-8e0e-005056b6c1cd
27000,https://lubanikishina.com/upload/iblock/357/7yyzn3ddjx1t5io6244566d2xiecftem.jpg,Брюки OFFICE,TR/OFFICE/black/strip,1,Интернет магазин,Брюки,4,Брюки OFFICE (42),42ab07d5-00a5-11ef-8e0e-005056b6c1cd#f72cc218-e140-11ee-8e0e-005056b6c1cd,—,TR/OFFICE/black/strip,2,1655,1,0,0,1641,https://lubanikishina.com/catalog/bryuki/bryuki_office/,,—,42ab07d5-00a5-11ef-8e0e-005056b6c1cd#f72cc217-e140-11ee-8e0e-005056b6c1cd; 42ab07d5-00a5-11ef-8e0e-005056b6c1cd#f72cc218-e140-11ee-8e0e-005056b6c1cd; 42ab07d5-00a5-11ef-8e0e-005056b6c1cd#f72cc219-e140-11ee-8e0e-005056b6c1cd
27000,https://lubanikishina.com/upload/iblock/357/7yyzn3ddjx1t5io6244566d2xiecftem.jpg,Брюки OFFICE,TR/OFFICE/black/strip,1,Интернет магазин,Брюки,4,Брюки OFFICE (44),42ab07d5-00a5-11ef-8e0e-005056b6c1cd#f72cc219-e140-11ee-8e0e-005056b6c1cd,—,TR/OFFICE/black/strip,0,1656,1,0,0,1641,https://lubanikishina.com/catalog/bryuki/bryuki_office/,,—,42ab07d5-00a5-11ef-8e0e-005056b6c1cd#f72cc217-e140-11ee-8e0e-005056b6c1cd; 42ab07d5-00a5-11ef-8e0e-005056b6c1cd#f72cc218-e140-11ee-8e0e-005056b6c1cd; 42ab07d5-00a5-11ef-8e0e-005056b6c1cd#f72cc219-e140-11ee-8e0e-005056b6c1cd
28000,https://lubanikishina.com/upload/iblock/5e9/08c1o54kz19cjyeqogpyia5hlgqftvoy.jpg,Брюки RONA,TR/RONA/si/black,1,Интернет магазин,Брюки,2,Брюки RONA (40),41a24b38-c294-11ef-8e17-005056b6c1cd#f72cc217-e140-11ee-8e0e-005056b6c1cd,—,TR/RONA/si/black,1,2992,1,0,0,2991,https://lubanikishina.com/catalog/bryuki/bryuki_rona_1/,,—,41a24b38-c294-11ef-8e17-005056b6c1cd#f72cc217-e140-11ee-8e0e-005056b6c1cd; 41a24b38-c294-11ef-8e17-005056b6c1cd#f72cc218-e140-11ee-8e0e-005056b6c1cd; 41a24b38-c294-11ef-8e17-005056b6c1cd#f72cc219-e140-11ee-8e0e-005056b6c1cd; 41a24b38-c294-11ef-8e17-005056b6c1cd#f72cc21a-e140-11ee-8e0e-005056b6c1cd
28000,https://lubanikishina.com/upload/iblock/5e9/08c1o54kz19cjyeqogpyia5hlgqftvoy.jpg,Брюки RONA,TR/RONA/si/black,1,Интернет магазин,Брюки,2,Брюки RONA (42),41a24b38-c294-11ef-8e17-005056b6c1cd#f72cc218-e140-11ee-8e0e-005056b6c1cd,—,TR/RONA/si/black,1,2993,1,0,0,2991,https://lubanikishina.com/catalog/bryuki/bryuki_rona_1/,,—,41a24b38-c294-11ef-8e17-005056b6c1cd#f72cc217-e140-11ee-8e0e-005056b6c1cd; 41a24b38-c294-11ef-8e17-005056b6c1cd#f72cc218-e140-11ee-8e0e-005056b6c1cd; 41a24b38-c294-11ef-8e17-005056b6c1cd#f72cc219-e140-11ee-8e0e-005056b6c1cd; 41a24b38-c294-11ef-8e17-005056b6c1cd#f72cc21a-e140-11ee-8e0e-005056b6c1cd
28000,https://lubanikishina.com/upload/iblock/5e9/08c1o54kz19cjyeqogpyia5hlgqftvoy.jpg,Брюки RONA,TR/RONA/si/black,1,Интернет магазин,Брюки,2,Брюки RONA (44),41a24b38-c294-11ef-8e17-005056b6c1cd#f72cc219-e140-11ee-8e0e-005056b6c1cd,—,TR/RONA/si/black,0,2994,1,0,0,2991,https://lubanikishina.com/catalog/bryuki/bryuki_rona_1/,,—,41a24b38-c294-11ef-8e17-005056b6c1cd#f72cc217-e140-11ee-8e0e-005056b6c1cd; 41a24b38-c294-11ef-8e17-005056b6c1cd#f72cc218-e140-11ee-8e0e-005056b6c1cd; 41a24b38-c294-11ef-8e17-005056b6c1cd#f72cc219-e140-11ee-8e0e-005056b6c1cd; 41a24b38-c294-11ef-8e17-005056b6c1cd#f72cc21a-e140-11ee-8e0e-005056b6c1cd
28000,https://lubanikishina.com/upload/iblock/5e9/08c1o54kz19cjyeqogpyia5hlgqftvoy.jpg,Брюки RONA,TR/RONA/si/black,1,Интернет магазин,Брюки,2,Брюки RONA (46),41a24b38-c294-11ef-8e17-005056b6c1cd#f72cc21a-e140-11ee-8e0e-005056b6c1cd,—,TR/RONA/si/black,0,2995,1,0,0,2991,https://lubanikishina.com/catalog/bryuki/bryuki_rona_1/,,—,41a24b38-c294-11ef-8e17-005056b6c1cd#f72cc217-e140-11ee-8e0e-005056b6c1cd; 41a24b38-c294-11ef-8e17-005056b6c1cd#f72cc218-e140-11ee-8e0e-005056b6c1cd; 41a24b38-c294-11ef-8e17-005056b6c1cd#f72cc219-e140-11ee-8e0e-005056b6c1cd; 41a24b38-c294-11ef-8e17-005056b6c1cd#f72cc21a-e140-11ee-8e0e-005056b6c1cd
18900,https://lubanikishina.com/upload/iblock/98e/f53iyybp1ld1jr9h3n4t3b6x7mt2gh68.jpg,Варежки ASKENT х LUDA NIKISHINA,MIT/COL/np-tc/d-taupe,1,Интернет магазин,Перчатки и варежки,5,Варежки ASKENT х LUDA NIKISHINA  (Onesize),4244586b-c61c-11f0-a138-005056b6f117#f0998f7f-960e-11f0-a137-005056b6f117,—,MIT/COL/np-tc/d-taupe,5,3001,1,0,0,3000,https://lubanikishina.com/catalog/perchatki_i_varezhki/varezhki_askent_kh_luda_nikishina_/,,—,4244586b-c61c-11f0-a138-005056b6f117#f0998f7f-960e-11f0-a137-005056b6f117
9500,https://lubanikishina.com/upload/iblock/f2a/g1omf3rii6uez4qw1lrhqehrhm0gxy9p.jpg,Водолазка LINE,KN/TN/LINE/brown,1,Интернет магазин,Трикотаж,9,Водолазка LINE (XS-S),c4bd8b78-02e2-11ef-8e0e-005056b6c1cd#636ff603-10ff-11ef-8e0e-005056b6c1cd,—,KN/TN/LINE/brown,2,1564,1,0,0,1563,https://lubanikishina.com/catalog/trikotazh/vodolazka_line/,,—,c4bd8b78-02e2-11ef-8e0e-005056b6c1cd#636ff603-10ff-11ef-8e0e-005056b6c1cd; c4bd8b78-02e2-11ef-8e0e-005056b6c1cd#636ff604-10ff-11ef-8e0e-005056b6c1cd
9500,https://lubanikishina.com/upload/iblock/f2a/g1omf3rii6uez4qw1lrhqehrhm0gxy9p.jpg,Водолазка LINE,KN/TN/LINE/brown,1,Интернет магазин,Трикотаж,9,Водолазка LINE (M-L),c4bd8b78-02e2-11ef-8e0e-005056b6c1cd#636ff604-10ff-11ef-8e0e-005056b6c1cd,—,KN/TN/LINE/brown,7,1565,1,0,0,1563,https://lubanikishina.com/catalog/trikotazh/vodolazka_line/,,—,c4bd8b78-02e2-11ef-8e0e-005056b6c1cd#636ff603-10ff-11ef-8e0e-005056b6c1cd; c4bd8b78-02e2-11ef-8e0e-005056b6c1cd#636ff604-10ff-11ef-8e0e-005056b6c1cd
12000,https://lubanikishina.com/upload/iblock/f8f/2v85ycfist4qr2i1z90j9ckdojs2apy3.jpg,Водолазка RIFF,TN/RIFF/white,1,Интернет магазин,Трикотаж,8,Водолазка RIFF (40),51ccb1aa-b14c-11ef-8e11-005056b6c1cd#f72cc217-e140-11ee-8e0e-005056b6c1cd,—,TN/RIFF/white,2,2338,1,0,0,2337,https://lubanikishina.com/catalog/trikotazh/vodolazka_riff_2/,,—,51ccb1aa-b14c-11ef-8e11-005056b6c1cd#f72cc217-e140-11ee-8e0e-005056b6c1cd; 51ccb1aa-b14c-11ef-8e11-005056b6c1cd#f72cc218-e140-11ee-8e0e-005056b6c1cd; 51ccb1aa-b14c-11ef-8e11-005056b6c1cd#f72cc219-e140-11ee-8e0e-005056b6c1cd
12000,https://lubanikishina.com/upload/iblock/f8f/2v85ycfist4qr2i1z90j9ckdojs2apy3.jpg,Водолазка RIFF,TN/RIFF/white,1,Интернет магазин,Трикотаж,8,Водолазка RIFF (42),51ccb1aa-b14c-11ef-8e11-005056b6c1cd#f72cc218-e140-11ee-8e0e-005056b6c1cd,—,TN/RIFF/white,3,2339,1,0,0,2337,https://lubanikishina.com/catalog/trikotazh/vodolazka_riff_2/,,—,51ccb1aa-b14c-11ef-8e11-005056b6c1cd#f72cc217-e140-11ee-8e0e-005056b6c1cd; 51ccb1aa-b14c-11ef-8e11-005056b6c1cd#f72cc218-e140-11ee-8e0e-005056b6c1cd; 51ccb1aa-b14c-11ef-8e11-005056b6c1cd#f72cc219-e140-11ee-8e0e-005056b6c1cd
12000,https://lubanikishina.com/upload/iblock/f8f/2v85ycfist4qr2i1z90j9ckdojs2apy3.jpg,Водолазка RIFF,TN/RIFF/white,1,Интернет магазин,Трикотаж,8,Водолазка RIFF (44),51ccb1aa-b14c-11ef-8e11-005056b6c1cd#f72cc219-e140-11ee-8e0e-005056b6c1cd,—,TN/RIFF/white,3,2340,1,0,0,2337,https://lubanikishina.com/catalog/trikotazh/vodolazka_riff_2/,,—,51ccb1aa-b14c-11ef-8e11-005056b6c1cd#f72cc217-e140-11ee-8e0e-005056b6c1cd; 51ccb1aa-b14c-11ef-8e11-005056b6c1cd#f72cc218-e140-11ee-8e0e-005056b6c1cd; 51ccb1aa-b14c-11ef-8e11-005056b6c1cd#f72cc219-e140-11ee-8e0e-005056b6c1cd
12000,https://lubanikishina.com/upload/iblock/bc7/wcfgw2matvrzcb52htf7jk5w02ixsc2w.jpg,Водолазка RIFF,TN/RIFF/black,1,Интернет магазин,Трикотаж,13,Водолазка RIFF (40),51ccb1a9-b14c-11ef-8e11-005056b6c1cd#f72cc217-e140-11ee-8e0e-005056b6c1cd,—,TN/RIFF/black,4,2215,1,0,0,2211,https://lubanikishina.com/catalog/trikotazh/vodolazka_riff_1/,,—,51ccb1a9-b14c-11ef-8e11-005056b6c1cd#f72cc217-e140-11ee-8e0e-005056b6c1cd; 51ccb1a9-b14c-11ef-8e11-005056b6c1cd#f72cc218-e140-11ee-8e0e-005056b6c1cd; 51ccb1a9-b14c-11ef-8e11-005056b6c1cd#f72cc219-e140-11ee-8e0e-005056b6c1cd
12000,https://lubanikishina.com/upload/iblock/bc7/wcfgw2matvrzcb52htf7jk5w02ixsc2w.jpg,Водолазка RIFF,TN/RIFF/black,1,Интернет магазин,Трикотаж,13,Водолазка RIFF (42),51ccb1a9-b14c-11ef-8e11-005056b6c1cd#f72cc218-e140-11ee-8e0e-005056b6c1cd,—,TN/RIFF/black,3,2216,1,0,0,2211,https://lubanikishina.com/catalog/trikotazh/vodolazka_riff_1/,,—,51ccb1a9-b14c-11ef-8e11-005056b6c1cd#f72cc217-e140-11ee-8e0e-005056b6c1cd; 51ccb1a9-b14c-11ef-8e11-005056b6c1cd#f72cc218-e140-11ee-8e0e-005056b6c1cd; 51ccb1a9-b14c-11ef-8e11-005056b6c1cd#f72cc219-e140-11ee-8e0e-005056b6c1cd
12000,https://lubanikishina.com/upload/iblock/bc7/wcfgw2matvrzcb52htf7jk5w02ixsc2w.jpg,Водолазка RIFF,TN/RIFF/black,1,Интернет магазин,Трикотаж,13,Водолазка RIFF (44),51ccb1a9-b14c-11ef-8e11-005056b6c1cd#f72cc219-e140-11ee-8e0e-005056b6c1cd,—,TN/RIFF/black,6,2217,1,0,0,2211,https://lubanikishina.com/catalog/trikotazh/vodolazka_riff_1/,,—,51ccb1a9-b14c-11ef-8e11-005056b6c1cd#f72cc217-e140-11ee-8e0e-005056b6c1cd; 51ccb1a9-b14c-11ef-8e11-005056b6c1cd#f72cc218-e140-11ee-8e0e-005056b6c1cd; 51ccb1a9-b14c-11ef-8e11-005056b6c1cd#f72cc219-e140-11ee-8e0e-005056b6c1cd
12000,https://lubanikishina.com/upload/iblock/433/vx3vzorl05ym55pwqu3psixdaadnc58x.jpg,Водолазка RIFF,LV/RIFF/brown,1,Интернет магазин,Трикотаж,3,Водолазка RIFF (42),51ccb1a8-b14c-11ef-8e11-005056b6c1cd#f72cc218-e140-11ee-8e0e-005056b6c1cd,—,LV/RIFF/brown,0,2138,1,0,0,2133,https://lubanikishina.com/catalog/trikotazh/vodolazka_riff/,,—,51ccb1a8-b14c-11ef-8e11-005056b6c1cd#f72cc218-e140-11ee-8e0e-005056b6c1cd; 51ccb1a8-b14c-11ef-8e11-005056b6c1cd#f72cc219-e140-11ee-8e0e-005056b6c1cd; 51ccb1a8-b14c-11ef-8e11-005056b6c1cd#f72cc217-e140-11ee-8e0e-005056b6c1cd
12000,https://lubanikishina.com/upload/iblock/433/vx3vzorl05ym55pwqu3psixdaadnc58x.jpg,Водолазка RIFF,LV/RIFF/brown,1,Интернет магазин,Трикотаж,3,Водолазка RIFF (44),51ccb1a8-b14c-11ef-8e11-005056b6c1cd#f72cc219-e140-11ee-8e0e-005056b6c1cd,—,LV/RIFF/brown,1,2144,1,0,0,2133,https://lubanikishina.com/catalog/trikotazh/vodolazka_riff/,,—,51ccb1a8-b14c-11ef-8e11-005056b6c1cd#f72cc218-e140-11ee-8e0e-005056b6c1cd; 51ccb1a8-b14c-11ef-8e11-005056b6c1cd#f72cc219-e140-11ee-8e0e-005056b6c1cd; 51ccb1a8-b14c-11ef-8e11-005056b6c1cd#f72cc217-e140-11ee-8e0e-005056b6c1cd
12000,https://lubanikishina.com/upload/iblock/433/vx3vzorl05ym55pwqu3psixdaadnc58x.jpg,Водолазка RIFF,LV/RIFF/brown,1,Интернет магазин,Трикотаж,3,Водолазка RIFF (40),51ccb1a8-b14c-11ef-8e11-005056b6c1cd#f72cc217-e140-11ee-8e0e-005056b6c1cd,—,LV/RIFF/brown,2,2181,1,0,0,2133,https://lubanikishina.com/catalog/trikotazh/vodolazka_riff/,,—,51ccb1a8-b14c-11ef-8e11-005056b6c1cd#f72cc218-e140-11ee-8e0e-005056b6c1cd; 51ccb1a8-b14c-11ef-8e11-005056b6c1cd#f72cc219-e140-11ee-8e0e-005056b6c1cd; 51ccb1a8-b14c-11ef-8e11-005056b6c1cd#f72cc217-e140-11ee-8e0e-005056b6c1cd
13500,https://lubanikishina.com/upload/iblock/fd5/30idja8mba6ybzqc2dcaednhi5ndvth7.jpg,Джемпер SEA,KN/SEA/whitered,1,Интернет магазин,Трикотаж,2,Джемпер SEA (42),176d8577-0221-11ef-8e0e-005056b6c1cd#f72cc218-e140-11ee-8e0e-005056b6c1cd,—,KN/SEA/whitered,1,1704,1,0,0,1687,https://lubanikishina.com/catalog/trikotazh/dzhemper_sea_1/,,—,176d8577-0221-11ef-8e0e-005056b6c1cd#f72cc218-e140-11ee-8e0e-005056b6c1cd; 176d8577-0221-11ef-8e0e-005056b6c1cd#f72cc219-e140-11ee-8e0e-005056b6c1cd
13500,https://lubanikishina.com/upload/iblock/fd5/30idja8mba6ybzqc2dcaednhi5ndvth7.jpg,Джемпер SEA,KN/SEA/whitered,1,Интернет магазин,Трикотаж,2,Джемпер SEA (44),176d8577-0221-11ef-8e0e-005056b6c1cd#f72cc219-e140-11ee-8e0e-005056b6c1cd,—,KN/SEA/whitered,1,1705,1,0,0,1687,https://lubanikishina.com/catalog/trikotazh/dzhemper_sea_1/,,—,176d8577-0221-11ef-8e0e-005056b6c1cd#f72cc218-e140-11ee-8e0e-005056b6c1cd; 176d8577-0221-11ef-8e0e-005056b6c1cd#f72cc219-e140-11ee-8e0e-005056b6c1cd
185000,,Дубленка MIKH (42),,1,Трехпрудный,,0,Дубленка MIKH (42),,—,,0,dublenka_mikh_42,1,0,,,,,—,
184000,https://lubanikishina.com/upload/iblock/6a1/xa0zhzpyk9vo982qptp80tkyl6ql3zhb.png,Дубленка Бри (BREE) бежевая,FC/BREE/np-tg/beige,1,Интернет магазин,Дубленки,0,Дубленка Бри (BREE) бежевая (40),c2d04d06-4833-11f0-8e5e-005056b6c1cd#ac39892a-5b2f-11f0-a108-005056b6f117,—,FC/BREE/np-tg/beige,0,2798,1,0,0,2797,https://lubanikishina.com/catalog/dublenki/dublenka_bri_bree_bezhevaya/,,—,c2d04d06-4833-11f0-8e5e-005056b6c1cd#ac39892a-5b2f-11f0-a108-005056b6f117; c2d04d06-4833-11f0-8e5e-005056b6c1cd#ac3989a6-5b2f-11f0-a108-005056b6f117; c2d04d06-4833-11f0-8e5e-005056b6c1cd#c2c6c807-5b2f-11f0-a108-005056b6f117; c2d04d06-4833-11f0-8e5e-005056b6c1cd#c2c6c883-5b2f-11f0-a108-005056b6f117
184000,https://lubanikishina.com/upload/iblock/6a1/xa0zhzpyk9vo982qptp80tkyl6ql3zhb.png,Дубленка Бри (BREE) бежевая,FC/BREE/np-tg/beige,1,Интернет магазин,Дубленки,0,Дубленка Бри (BREE) бежевая (42),c2d04d06-4833-11f0-8e5e-005056b6c1cd#ac3989a6-5b2f-11f0-a108-005056b6f117,—,FC/BREE/np-tg/beige,0,2799,1,0,0,2797,https://lubanikishina.com/catalog/dublenki/dublenka_bri_bree_bezhevaya/,,—,c2d04d06-4833-11f0-8e5e-005056b6c1cd#ac39892a-5b2f-11f0-a108-005056b6f117; c2d04d06-4833-11f0-8e5e-005056b6c1cd#ac3989a6-5b2f-11f0-a108-005056b6f117; c2d04d06-4833-11f0-8e5e-005056b6c1cd#c2c6c807-5b2f-11f0-a108-005056b6f117; c2d04d06-4833-11f0-8e5e-005056b6c1cd#c2c6c883-5b2f-11f0-a108-005056b6f117
184000,https://lubanikishina.com/upload/iblock/6a1/xa0zhzpyk9vo982qptp80tkyl6ql3zhb.png,Дубленка Бри (BREE) бежевая,FC/BREE/np-tg/beige,1,Интернет магазин,Дубленки,0,Дубленка Бри (BREE) бежевая (44),c2d04d06-4833-11f0-8e5e-005056b6c1cd#c2c6c807-5b2f-11f0-a108-005056b6f117,—,FC/BREE/np-tg/beige,0,2800,1,0,0,2797,https://lubanikishina.com/catalog/dublenki/dublenka_bri_bree_bezhevaya/,,—,c2d04d06-4833-11f0-8e5e-005056b6c1cd#ac39892a-5b2f-11f0-a108-005056b6f117; c2d04d06-4833-11f0-8e5e-005056b6c1cd#ac3989a6-5b2f-11f0-a108-005056b6f117; c2d04d06-4833-11f0-8e5e-005056b6c1cd#c2c6c807-5b2f-11f0-a108-005056b6f117; c2d04d06-4833-11f0-8e5e-005056b6c1cd#c2c6c883-5b2f-11f0-a108-005056b6f117
184000,https://lubanikishina.com/upload/iblock/6a1/xa0zhzpyk9vo982qptp80tkyl6ql3zhb.png,Дубленка Бри (BREE) бежевая,FC/BREE/np-tg/beige,1,Интернет магазин,Дубленки,0,Дубленка Бри (BREE) бежевая (46),c2d04d06-4833-11f0-8e5e-005056b6c1cd#c2c6c883-5b2f-11f0-a108-005056b6f117,—,FC/BREE/np-tg/beige,0,2801,1,0,0,2797,https://lubanikishina.com/catalog/dublenki/dublenka_bri_bree_bezhevaya/,,—,c2d04d06-4833-11f0-8e5e-005056b6c1cd#ac39892a-5b2f-11f0-a108-005056b6f117; c2d04d06-4833-11f0-8e5e-005056b6c1cd#ac3989a6-5b2f-11f0-a108-005056b6f117; c2d04d06-4833-11f0-8e5e-005056b6c1cd#c2c6c807-5b2f-11f0-a108-005056b6f117; c2d04d06-4833-11f0-8e5e-005056b6c1cd#c2c6c883-5b2f-11f0-a108-005056b6f117
184000,https://lubanikishina.com/upload/iblock/1a1/pcybni45y582hhbk3w8heme4bg7pz7fk.jpg,Дубленка Бри (BREE) молочная,FC/BREE/np-tg/white,1,Интернет магазин,Дубленки,1,Дубленка Бри (BREE) молочная (42),5e9e2288-1cc1-11ef-8e0e-005056b6c1cd#ac3989a6-5b2f-11f0-a108-005056b6f117,—,FC/BREE/np-tg/white,1,2576,1,0,0,2131,https://lubanikishina.com/catalog/dublenki/dublenka_bri_bree_molochnaya/,,—,5e9e2288-1cc1-11ef-8e0e-005056b6c1cd#ac3989a6-5b2f-11f0-a108-005056b6f117; 5e9e2288-1cc1-11ef-8e0e-005056b6c1cd#ac39892a-5b2f-11f0-a108-005056b6f117; 5e9e2288-1cc1-11ef-8e0e-005056b6c1cd#c2c6c807-5b2f-11f0-a108-005056b6f117; 5e9e2288-1cc1-11ef-8e0e-005056b6c1cd#c2c6c883-5b2f-11f0-a108-005056b6f117; 5e9e2288-1cc1-11ef-8e0e-005056b6c1cd#a1ca0b24-5b2f-11f0-a108-005056b6f117
184000,https://lubanikishina.com/upload/iblock/1a1/pcybni45y582hhbk3w8heme4bg7pz7fk.jpg,Дубленка Бри (BREE) молочная,FC/BREE/np-tg/white,1,Интернет магазин,Дубленки,1,Дубленка Бри (BREE) молочная (40),5e9e2288-1cc1-11ef-8e0e-005056b6c1cd#ac39892a-5b2f-11f0-a108-005056b6f117,—,FC/BREE/np-tg/white,0,2575,1,0,0,2131,https://lubanikishina.com/catalog/dublenki/dublenka_bri_bree_molochnaya/,,—,5e9e2288-1cc1-11ef-8e0e-005056b6c1cd#ac3989a6-5b2f-11f0-a108-005056b6f117; 5e9e2288-1cc1-11ef-8e0e-005056b6c1cd#ac39892a-5b2f-11f0-a108-005056b6f117; 5e9e2288-1cc1-11ef-8e0e-005056b6c1cd#c2c6c807-5b2f-11f0-a108-005056b6f117; 5e9e2288-1cc1-11ef-8e0e-005056b6c1cd#c2c6c883-5b2f-11f0-a108-005056b6f117; 5e9e2288-1cc1-11ef-8e0e-005056b6c1cd#a1ca0b24-5b2f-11f0-a108-005056b6f117
184000,https://lubanikishina.com/upload/iblock/1a1/pcybni45y582hhbk3w8heme4bg7pz7fk.jpg,Дубленка Бри (BREE) молочная,FC/BREE/np-tg/white,1,Интернет магазин,Дубленки,1,Дубленка Бри (BREE) молочная (44),5e9e2288-1cc1-11ef-8e0e-005056b6c1cd#c2c6c807-5b2f-11f0-a108-005056b6f117,—,FC/BREE/np-tg/white,0,2577,1,0,0,2131,https://lubanikishina.com/catalog/dublenki/dublenka_bri_bree_molochnaya/,,—,5e9e2288-1cc1-11ef-8e0e-005056b6c1cd#ac3989a6-5b2f-11f0-a108-005056b6f117; 5e9e2288-1cc1-11ef-8e0e-005056b6c1cd#ac39892a-5b2f-11f0-a108-005056b6f117; 5e9e2288-1cc1-11ef-8e0e-005056b6c1cd#c2c6c807-5b2f-11f0-a108-005056b6f117; 5e9e2288-1cc1-11ef-8e0e-005056b6c1cd#c2c6c883-5b2f-11f0-a108-005056b6f117; 5e9e2288-1cc1-11ef-8e0e-005056b6c1cd#a1ca0b24-5b2f-11f0-a108-005056b6f117
184000,https://lubanikishina.com/upload/iblock/1a1/pcybni45y582hhbk3w8heme4bg7pz7fk.jpg,Дубленка Бри (BREE) молочная,FC/BREE/np-tg/white,1,Интернет магазин,Дубленки,1,Дубленка Бри (BREE) молочная (46),5e9e2288-1cc1-11ef-8e0e-005056b6c1cd#c2c6c883-5b2f-11f0-a108-005056b6f117,—,FC/BREE/np-tg/white,0,2578,1,0,0,2131,https://lubanikishina.com/catalog/dublenki/dublenka_bri_bree_molochnaya/,,—,5e9e2288-1cc1-11ef-8e0e-005056b6c1cd#ac3989a6-5b2f-11f0-a108-005056b6f117; 5e9e2288-1cc1-11ef-8e0e-005056b6c1cd#ac39892a-5b2f-11f0-a108-005056b6f117; 5e9e2288-1cc1-11ef-8e0e-005056b6c1cd#c2c6c807-5b2f-11f0-a108-005056b6f117; 5e9e2288-1cc1-11ef-8e0e-005056b6c1cd#c2c6c883-5b2f-11f0-a108-005056b6f117; 5e9e2288-1cc1-11ef-8e0e-005056b6c1cd#a1ca0b24-5b2f-11f0-a108-005056b6f117
184000,https://lubanikishina.com/upload/iblock/1a1/pcybni45y582hhbk3w8heme4bg7pz7fk.jpg,Дубленка Бри (BREE) молочная,FC/BREE/np-tg/white,1,Интернет магазин,Дубленки,1,Дубленка Бри (BREE) молочная (38),5e9e2288-1cc1-11ef-8e0e-005056b6c1cd#a1ca0b24-5b2f-11f0-a108-005056b6f117,—,FC/BREE/np-tg/white,0,3069,1,0,0,2131,https://lubanikishina.com/catalog/dublenki/dublenka_bri_bree_molochnaya/,,—,5e9e2288-1cc1-11ef-8e0e-005056b6c1cd#ac3989a6-5b2f-11f0-a108-005056b6f117; 5e9e2288-1cc1-11ef-8e0e-005056b6c1cd#ac39892a-5b2f-11f0-a108-005056b6f117; 5e9e2288-1cc1-11ef-8e0e-005056b6c1cd#c2c6c807-5b2f-11f0-a108-005056b6f117; 5e9e2288-1cc1-11ef-8e0e-005056b6c1cd#c2c6c883-5b2f-11f0-a108-005056b6f117; 5e9e2288-1cc1-11ef-8e0e-005056b6c1cd#a1ca0b24-5b2f-11f0-a108-005056b6f117
184000,https://lubanikishina.com/upload/iblock/89b/h26mlg4myvmwonee12qkk0qqnc3no23x.png,Дубленка Бри (BREE) серо-зелёная,FC/BREE/np-tg/greenstone,1,Интернет магазин,Дубленки,0,Дубленка Бри (BREE) серо-зелёная (38),b3de3327-e634-11f0-a13c-005056b6f117#a1ca0b24-5b2f-11f0-a108-005056b6f117,—,FC/BREE/np-tg/greenstone,0,3227,1,0,0,3226,https://lubanikishina.com/catalog/dublenki/dublenka_bri_bree_sero_zelyenaya/,,—,b3de3327-e634-11f0-a13c-005056b6f117#a1ca0b24-5b2f-11f0-a108-005056b6f117; b3de3327-e634-11f0-a13c-005056b6f117#ac39892a-5b2f-11f0-a108-005056b6f117; b3de3327-e634-11f0-a13c-005056b6f117#ac3989a6-5b2f-11f0-a108-005056b6f117; b3de3327-e634-11f0-a13c-005056b6f117#c2c6c807-5b2f-11f0-a108-005056b6f117
184000,https://lubanikishina.com/upload/iblock/89b/h26mlg4myvmwonee12qkk0qqnc3no23x.png,Дубленка Бри (BREE) серо-зелёная,FC/BREE/np-tg/greenstone,1,Интернет магазин,Дубленки,0,Дубленка Бри (BREE) серо-зелёная (40),b3de3327-e634-11f0-a13c-005056b6f117#ac39892a-5b2f-11f0-a108-005056b6f117,—,FC/BREE/np-tg/greenstone,0,3228,1,0,0,3226,https://lubanikishina.com/catalog/dublenki/dublenka_bri_bree_sero_zelyenaya/,,—,b3de3327-e634-11f0-a13c-005056b6f117#a1ca0b24-5b2f-11f0-a108-005056b6f117; b3de3327-e634-11f0-a13c-005056b6f117#ac39892a-5b2f-11f0-a108-005056b6f117; b3de3327-e634-11f0-a13c-005056b6f117#ac3989a6-5b2f-11f0-a108-005056b6f117; b3de3327-e634-11f0-a13c-005056b6f117#c2c6c807-5b2f-11f0-a108-005056b6f117
184000,https://lubanikishina.com/upload/iblock/89b/h26mlg4myvmwonee12qkk0qqnc3no23x.png,Дубленка Бри (BREE) серо-зелёная,FC/BREE/np-tg/greenstone,1,Интернет магазин,Дубленки,0,Дубленка Бри (BREE) серо-зелёная (42),b3de3327-e634-11f0-a13c-005056b6f117#ac3989a6-5b2f-11f0-a108-005056b6f117,—,FC/BREE/np-tg/greenstone,0,3229,1,0,0,3226,https://lubanikishina.com/catalog/dublenki/dublenka_bri_bree_sero_zelyenaya/,,—,b3de3327-e634-11f0-a13c-005056b6f117#a1ca0b24-5b2f-11f0-a108-005056b6f117; b3de3327-e634-11f0-a13c-005056b6f117#ac39892a-5b2f-11f0-a108-005056b6f117; b3de3327-e634-11f0-a13c-005056b6f117#ac3989a6-5b2f-11f0-a108-005056b6f117; b3de3327-e634-11f0-a13c-005056b6f117#c2c6c807-5b2f-11f0-a108-005056b6f117
184000,https://lubanikishina.com/upload/iblock/89b/h26mlg4myvmwonee12qkk0qqnc3no23x.png,Дубленка Бри (BREE) серо-зелёная,FC/BREE/np-tg/greenstone,1,Интернет магазин,Дубленки,0,Дубленка Бри (BREE) серо-зелёная (44),b3de3327-e634-11f0-a13c-005056b6f117#c2c6c807-5b2f-11f0-a108-005056b6f117,—,FC/BREE/np-tg/greenstone,0,3230,1,0,0,3226,https://lubanikishina.com/catalog/dublenki/dublenka_bri_bree_sero_zelyenaya/,,—,b3de3327-e634-11f0-a13c-005056b6f117#a1ca0b24-5b2f-11f0-a108-005056b6f117; b3de3327-e634-11f0-a13c-005056b6f117#ac39892a-5b2f-11f0-a108-005056b6f117; b3de3327-e634-11f0-a13c-005056b6f117#ac3989a6-5b2f-11f0-a108-005056b6f117; b3de3327-e634-11f0-a13c-005056b6f117#c2c6c807-5b2f-11f0-a108-005056b6f117
250000,https://lubanikishina.com/upload/iblock/655/bbv2aidgsxtose3q0h450g27n1wgkizy.jpg,Дубленка Джиа (GIA) бежевая,FC/GIA/np-tc/beige,1,Интернет магазин,Дубленки,0,Дубленка Джиа (GIA) бежевая (40),7a7cc658-ab02-11ef-8e11-005056b6c1cd#ac39892a-5b2f-11f0-a108-005056b6f117,—,FC/GIA/np-tc/beige,0,2724,1,0,0,2190,https://lubanikishina.com/catalog/dublenki/dublenka_dzhia_gia_bezhevaya/,,—,7a7cc658-ab02-11ef-8e11-005056b6c1cd#ac39892a-5b2f-11f0-a108-005056b6f117; 7a7cc658-ab02-11ef-8e11-005056b6c1cd#ac3989a6-5b2f-11f0-a108-005056b6f117; 7a7cc658-ab02-11ef-8e11-005056b6c1cd#c2c6c807-5b2f-11f0-a108-005056b6f117; 7a7cc658-ab02-11ef-8e11-005056b6c1cd#c2c6c883-5b2f-11f0-a108-005056b6f117
250000,https://lubanikishina.com/upload/iblock/655/bbv2aidgsxtose3q0h450g27n1wgkizy.jpg,Дубленка Джиа (GIA) бежевая,FC/GIA/np-tc/beige,1,Интернет магазин,Дубленки,0,Дубленка Джиа (GIA) бежевая (42),7a7cc658-ab02-11ef-8e11-005056b6c1cd#ac3989a6-5b2f-11f0-a108-005056b6f117,—,FC/GIA/np-tc/beige,0,2726,1,0,0,2190,https://lubanikishina.com/catalog/dublenki/dublenka_dzhia_gia_bezhevaya/,,—,7a7cc658-ab02-11ef-8e11-005056b6c1cd#ac39892a-5b2f-11f0-a108-005056b6f117; 7a7cc658-ab02-11ef-8e11-005056b6c1cd#ac3989a6-5b2f-11f0-a108-005056b6f117; 7a7cc658-ab02-11ef-8e11-005056b6c1cd#c2c6c807-5b2f-11f0-a108-005056b6f117; 7a7cc658-ab02-11ef-8e11-005056b6c1cd#c2c6c883-5b2f-11f0-a108-005056b6f117
250000,https://lubanikishina.com/upload/iblock/655/bbv2aidgsxtose3q0h450g27n1wgkizy.jpg,Дубленка Джиа (GIA) бежевая,FC/GIA/np-tc/beige,1,Интернет магазин,Дубленки,0,Дубленка Джиа (GIA) бежевая (44),7a7cc658-ab02-11ef-8e11-005056b6c1cd#c2c6c807-5b2f-11f0-a108-005056b6f117,—,FC/GIA/np-tc/beige,0,2728,1,0,0,2190,https://lubanikishina.com/catalog/dublenki/dublenka_dzhia_gia_bezhevaya/,,—,7a7cc658-ab02-11ef-8e11-005056b6c1cd#ac39892a-5b2f-11f0-a108-005056b6f117; 7a7cc658-ab02-11ef-8e11-005056b6c1cd#ac3989a6-5b2f-11f0-a108-005056b6f117; 7a7cc658-ab02-11ef-8e11-005056b6c1cd#c2c6c807-5b2f-11f0-a108-005056b6f117; 7a7cc658-ab02-11ef-8e11-005056b6c1cd#c2c6c883-5b2f-11f0-a108-005056b6f117
250000,https://lubanikishina.com/upload/iblock/655/bbv2aidgsxtose3q0h450g27n1wgkizy.jpg,Дубленка Джиа (GIA) бежевая,FC/GIA/np-tc/beige,1,Интернет магазин,Дубленки,0,Дубленка Джиа (GIA) бежевая (46),7a7cc658-ab02-11ef-8e11-005056b6c1cd#c2c6c883-5b2f-11f0-a108-005056b6f117,—,FC/GIA/np-tc/beige,0,2730,1,0,0,2190,https://lubanikishina.com/catalog/dublenki/dublenka_dzhia_gia_bezhevaya/,,—,7a7cc658-ab02-11ef-8e11-005056b6c1cd#ac39892a-5b2f-11f0-a108-005056b6f117; 7a7cc658-ab02-11ef-8e11-005056b6c1cd#ac3989a6-5b2f-11f0-a108-005056b6f117; 7a7cc658-ab02-11ef-8e11-005056b6c1cd#c2c6c807-5b2f-11f0-a108-005056b6f117; 7a7cc658-ab02-11ef-8e11-005056b6c1cd#c2c6c883-5b2f-11f0-a108-005056b6f117
250000,https://lubanikishina.com/upload/iblock/fe4/ls6y1e03coguah87t83gwvoc992l102b.jpg,Дубленка Джиа (GIA) белая,FC/GIA/np-tc/white,1,Интернет магазин,Дубленки,0,Дубленка Джиа (GIA) белая (40),7a7cc657-ab02-11ef-8e11-005056b6c1cd#ac39892a-5b2f-11f0-a108-005056b6f117,—,FC/GIA/np-tc/white,0,2723,1,0,0,2173,https://lubanikishina.com/catalog/dublenki/dublenka_dzhia_gia_belaya/,,—,7a7cc657-ab02-11ef-8e11-005056b6c1cd#ac39892a-5b2f-11f0-a108-005056b6f117; 7a7cc657-ab02-11ef-8e11-005056b6c1cd#ac3989a6-5b2f-11f0-a108-005056b6f117; 7a7cc657-ab02-11ef-8e11-005056b6c1cd#c2c6c807-5b2f-11f0-a108-005056b6f117; 7a7cc657-ab02-11ef-8e11-005056b6c1cd#c2c6c883-5b2f-11f0-a108-005056b6f117
250000,https://lubanikishina.com/upload/iblock/fe4/ls6y1e03coguah87t83gwvoc992l102b.jpg,Дубленка Джиа (GIA) белая,FC/GIA/np-tc/white,1,Интернет магазин,Дубленки,0,Дубленка Джиа (GIA) белая (42),7a7cc657-ab02-11ef-8e11-005056b6c1cd#ac3989a6-5b2f-11f0-a108-005056b6f117,—,FC/GIA/np-tc/white,0,2725,1,0,0,2173,https://lubanikishina.com/catalog/dublenki/dublenka_dzhia_gia_belaya/,,—,7a7cc657-ab02-11ef-8e11-005056b6c1cd#ac39892a-5b2f-11f0-a108-005056b6f117; 7a7cc657-ab02-11ef-8e11-005056b6c1cd#ac3989a6-5b2f-11f0-a108-005056b6f117; 7a7cc657-ab02-11ef-8e11-005056b6c1cd#c2c6c807-5b2f-11f0-a108-005056b6f117; 7a7cc657-ab02-11ef-8e11-005056b6c1cd#c2c6c883-5b2f-11f0-a108-005056b6f117
250000,https://lubanikishina.com/upload/iblock/fe4/ls6y1e03coguah87t83gwvoc992l102b.jpg,Дубленка Джиа (GIA) белая,FC/GIA/np-tc/white,1,Интернет магазин,Дубленки,0,Дубленка Джиа (GIA) белая (44),7a7cc657-ab02-11ef-8e11-005056b6c1cd#c2c6c807-5b2f-11f0-a108-005056b6f117,—,FC/GIA/np-tc/white,0,2727,1,0,0,2173,https://lubanikishina.com/catalog/dublenki/dublenka_dzhia_gia_belaya/,,—,7a7cc657-ab02-11ef-8e11-005056b6c1cd#ac39892a-5b2f-11f0-a108-005056b6f117; 7a7cc657-ab02-11ef-8e11-005056b6c1cd#ac3989a6-5b2f-11f0-a108-005056b6f117; 7a7cc657-ab02-11ef-8e11-005056b6c1cd#c2c6c807-5b2f-11f0-a108-005056b6f117; 7a7cc657-ab02-11ef-8e11-005056b6c1cd#c2c6c883-5b2f-11f0-a108-005056b6f117
250000,https://lubanikishina.com/upload/iblock/fe4/ls6y1e03coguah87t83gwvoc992l102b.jpg,Дубленка Джиа (GIA) белая,FC/GIA/np-tc/white,1,Интернет магазин,Дубленки,0,Дубленка Джиа (GIA) белая (46),7a7cc657-ab02-11ef-8e11-005056b6c1cd#c2c6c883-5b2f-11f0-a108-005056b6f117,—,FC/GIA/np-tc/white,0,2729,1,0,0,2173,https://lubanikishina.com/catalog/dublenki/dublenka_dzhia_gia_belaya/,,—,7a7cc657-ab02-11ef-8e11-005056b6c1cd#ac39892a-5b2f-11f0-a108-005056b6f117; 7a7cc657-ab02-11ef-8e11-005056b6c1cd#ac3989a6-5b2f-11f0-a108-005056b6f117; 7a7cc657-ab02-11ef-8e11-005056b6c1cd#c2c6c807-5b2f-11f0-a108-005056b6f117; 7a7cc657-ab02-11ef-8e11-005056b6c1cd#c2c6c883-5b2f-11f0-a108-005056b6f117
250000,https://lubanikishina.com/upload/iblock/3b9/ojjxcrnm80dgrj2f55pr0kkrh73lx1ib.jpg,Дубленка Джиа (GIA) медовая,FC/GIA/zm-tc/honey,1,Интернет магазин,Дубленки,0,Дубленка Джиа (GIA) медовая (40),5e9e228d-1cc1-11ef-8e0e-005056b6c1cd#ac39892a-5b2f-11f0-a108-005056b6f117,—,FC/GIA/zm-tc/honey,0,2880,1,0,0,1981,https://lubanikishina.com/catalog/dublenki/dublenka_dzhia_gia_medovaya/,,—,5e9e228d-1cc1-11ef-8e0e-005056b6c1cd#ac39892a-5b2f-11f0-a108-005056b6f117; 5e9e228d-1cc1-11ef-8e0e-005056b6c1cd#ac3989a6-5b2f-11f0-a108-005056b6f117; 5e9e228d-1cc1-11ef-8e0e-005056b6c1cd#c2c6c807-5b2f-11f0-a108-005056b6f117; 5e9e228d-1cc1-11ef-8e0e-005056b6c1cd#c2c6c883-5b2f-11f0-a108-005056b6f117; 5e9e228d-1cc1-11ef-8e0e-005056b6c1cd#ca662e20-5b2f-11f0-a108-005056b6f117; 5e9e228d-1cc1-11ef-8e0e-005056b6c1cd#cd835433-5b2f-11f0-a108-005056b6f117; 5e9e228d-1cc1-11ef-8e0e-005056b6c1cd#d092b583-5b2f-11f0-a108-005056b6f117
250000,https://lubanikishina.com/upload/iblock/3b9/ojjxcrnm80dgrj2f55pr0kkrh73lx1ib.jpg,Дубленка Джиа (GIA) медовая,FC/GIA/zm-tc/honey,1,Интернет магазин,Дубленки,0,Дубленка Джиа (GIA) медовая (42),5e9e228d-1cc1-11ef-8e0e-005056b6c1cd#ac3989a6-5b2f-11f0-a108-005056b6f117,—,FC/GIA/zm-tc/honey,0,2881,1,0,0,1981,https://lubanikishina.com/catalog/dublenki/dublenka_dzhia_gia_medovaya/,,—,5e9e228d-1cc1-11ef-8e0e-005056b6c1cd#ac39892a-5b2f-11f0-a108-005056b6f117; 5e9e228d-1cc1-11ef-8e0e-005056b6c1cd#ac3989a6-5b2f-11f0-a108-005056b6f117; 5e9e228d-1cc1-11ef-8e0e-005056b6c1cd#c2c6c807-5b2f-11f0-a108-005056b6f117; 5e9e228d-1cc1-11ef-8e0e-005056b6c1cd#c2c6c883-5b2f-11f0-a108-005056b6f117; 5e9e228d-1cc1-11ef-8e0e-005056b6c1cd#ca662e20-5b2f-11f0-a108-005056b6f117; 5e9e228d-1cc1-11ef-8e0e-005056b6c1cd#cd835433-5b2f-11f0-a108-005056b6f117; 5e9e228d-1cc1-11ef-8e0e-005056b6c1cd#d092b583-5b2f-11f0-a108-005056b6f117
250000,https://lubanikishina.com/upload/iblock/3b9/ojjxcrnm80dgrj2f55pr0kkrh73lx1ib.jpg,Дубленка Джиа (GIA) медовая,FC/GIA/zm-tc/honey,1,Интернет магазин,Дубленки,0,Дубленка Джиа (GIA) медовая (44),5e9e228d-1cc1-11ef-8e0e-005056b6c1cd#c2c6c807-5b2f-11f0-a108-005056b6f117,—,FC/GIA/zm-tc/honey,0,2882,1,0,0,1981,https://lubanikishina.com/catalog/dublenki/dublenka_dzhia_gia_medovaya/,,—,5e9e228d-1cc1-11ef-8e0e-005056b6c1cd#ac39892a-5b2f-11f0-a108-005056b6f117; 5e9e228d-1cc1-11ef-8e0e-005056b6c1cd#ac3989a6-5b2f-11f0-a108-005056b6f117; 5e9e228d-1cc1-11ef-8e0e-005056b6c1cd#c2c6c807-5b2f-11f0-a108-005056b6f117; 5e9e228d-1cc1-11ef-8e0e-005056b6c1cd#c2c6c883-5b2f-11f0-a108-005056b6f117; 5e9e228d-1cc1-11ef-8e0e-005056b6c1cd#ca662e20-5b2f-11f0-a108-005056b6f117; 5e9e228d-1cc1-11ef-8e0e-005056b6c1cd#cd835433-5b2f-11f0-a108-005056b6f117; 5e9e228d-1cc1-11ef-8e0e-005056b6c1cd#d092b583-5b2f-11f0-a108-005056b6f117
250000,https://lubanikishina.com/upload/iblock/3b9/ojjxcrnm80dgrj2f55pr0kkrh73lx1ib.jpg,Дубленка Джиа (GIA) медовая,FC/GIA/zm-tc/honey,1,Интернет магазин,Дубленки,0,Дубленка Джиа (GIA) медовая (46),5e9e228d-1cc1-11ef-8e0e-005056b6c1cd#c2c6c883-5b2f-11f0-a108-005056b6f117,—,FC/GIA/zm-tc/honey,0,2883,1,0,0,1981,https://lubanikishina.com/catalog/dublenki/dublenka_dzhia_gia_medovaya/,,—,5e9e228d-1cc1-11ef-8e0e-005056b6c1cd#ac39892a-5b2f-11f0-a108-005056b6f117; 5e9e228d-1cc1-11ef-8e0e-005056b6c1cd#ac3989a6-5b2f-11f0-a108-005056b6f117; 5e9e228d-1cc1-11ef-8e0e-005056b6c1cd#c2c6c807-5b2f-11f0-a108-005056b6f117; 5e9e228d-1cc1-11ef-8e0e-005056b6c1cd#c2c6c883-5b2f-11f0-a108-005056b6f117; 5e9e228d-1cc1-11ef-8e0e-005056b6c1cd#ca662e20-5b2f-11f0-a108-005056b6f117; 5e9e228d-1cc1-11ef-8e0e-005056b6c1cd#cd835433-5b2f-11f0-a108-005056b6f117; 5e9e228d-1cc1-11ef-8e0e-005056b6c1cd#d092b583-5b2f-11f0-a108-005056b6f117
250000,https://lubanikishina.com/upload/iblock/3b9/ojjxcrnm80dgrj2f55pr0kkrh73lx1ib.jpg,Дубленка Джиа (GIA) медовая,FC/GIA/zm-tc/honey,1,Интернет магазин,Дубленки,0,Дубленка Джиа (GIA) медовая (48),5e9e228d-1cc1-11ef-8e0e-005056b6c1cd#ca662e20-5b2f-11f0-a108-005056b6f117,—,FC/GIA/zm-tc/honey,0,2884,1,0,0,1981,https://lubanikishina.com/catalog/dublenki/dublenka_dzhia_gia_medovaya/,,—,5e9e228d-1cc1-11ef-8e0e-005056b6c1cd#ac39892a-5b2f-11f0-a108-005056b6f117; 5e9e228d-1cc1-11ef-8e0e-005056b6c1cd#ac3989a6-5b2f-11f0-a108-005056b6f117; 5e9e228d-1cc1-11ef-8e0e-005056b6c1cd#c2c6c807-5b2f-11f0-a108-005056b6f117; 5e9e228d-1cc1-11ef-8e0e-005056b6c1cd#c2c6c883-5b2f-11f0-a108-005056b6f117; 5e9e228d-1cc1-11ef-8e0e-005056b6c1cd#ca662e20-5b2f-11f0-a108-005056b6f117; 5e9e228d-1cc1-11ef-8e0e-005056b6c1cd#cd835433-5b2f-11f0-a108-005056b6f117; 5e9e228d-1cc1-11ef-8e0e-005056b6c1cd#d092b583-5b2f-11f0-a108-005056b6f117
250000,https://lubanikishina.com/upload/iblock/3b9/ojjxcrnm80dgrj2f55pr0kkrh73lx1ib.jpg,Дубленка Джиа (GIA) медовая,FC/GIA/zm-tc/honey,1,Интернет магазин,Дубленки,0,Дубленка Джиа (GIA) медовая (50),5e9e228d-1cc1-11ef-8e0e-005056b6c1cd#cd835433-5b2f-11f0-a108-005056b6f117,—,FC/GIA/zm-tc/honey,0,3088,1,0,0,1981,https://lubanikishina.com/catalog/dublenki/dublenka_dzhia_gia_medovaya/,,—,5e9e228d-1cc1-11ef-8e0e-005056b6c1cd#ac39892a-5b2f-11f0-a108-005056b6f117; 5e9e228d-1cc1-11ef-8e0e-005056b6c1cd#ac3989a6-5b2f-11f0-a108-005056b6f117; 5e9e228d-1cc1-11ef-8e0e-005056b6c1cd#c2c6c807-5b2f-11f0-a108-005056b6f117; 5e9e228d-1cc1-11ef-8e0e-005056b6c1cd#c2c6c883-5b2f-11f0-a108-005056b6f117; 5e9e228d-1cc1-11ef-8e0e-005056b6c1cd#ca662e20-5b2f-11f0-a108-005056b6f117; 5e9e228d-1cc1-11ef-8e0e-005056b6c1cd#cd835433-5b2f-11f0-a108-005056b6f117; 5e9e228d-1cc1-11ef-8e0e-005056b6c1cd#d092b583-5b2f-11f0-a108-005056b6f117
250000,https://lubanikishina.com/upload/iblock/3b9/ojjxcrnm80dgrj2f55pr0kkrh73lx1ib.jpg,Дубленка Джиа (GIA) медовая,FC/GIA/zm-tc/honey,1,Интернет магазин,Дубленки,0,Дубленка Джиа (GIA) медовая (52),5e9e228d-1cc1-11ef-8e0e-005056b6c1cd#d092b583-5b2f-11f0-a108-005056b6f117,—,FC/GIA/zm-tc/honey,0,3089,1,0,0,1981,https://lubanikishina.com/catalog/dublenki/dublenka_dzhia_gia_medovaya/,,—,5e9e228d-1cc1-11ef-8e0e-005056b6c1cd#ac39892a-5b2f-11f0-a108-005056b6f117; 5e9e228d-1cc1-11ef-8e0e-005056b6c1cd#ac3989a6-5b2f-11f0-a108-005056b6f117; 5e9e228d-1cc1-11ef-8e0e-005056b6c1cd#c2c6c807-5b2f-11f0-a108-005056b6f117; 5e9e228d-1cc1-11ef-8e0e-005056b6c1cd#c2c6c883-5b2f-11f0-a108-005056b6f117; 5e9e228d-1cc1-11ef-8e0e-005056b6c1cd#ca662e20-5b2f-11f0-a108-005056b6f117; 5e9e228d-1cc1-11ef-8e0e-005056b6c1cd#cd835433-5b2f-11f0-a108-005056b6f117; 5e9e228d-1cc1-11ef-8e0e-005056b6c1cd#d092b583-5b2f-11f0-a108-005056b6f117
250000,https://lubanikishina.com/upload/iblock/50a/beziuwnbma61rqup050m7k8m8qidsqvx.png,Дубленка Джиа (GIA) светло-серая,FC/GIA/np-tc/l-grey,1,Интернет магазин,Дубленки,0,Дубленка Джиа (GIA) светло-серая (40),4644e1f0-6b60-11ef-8e10-005056b6c1cd#ac39892a-5b2f-11f0-a108-005056b6f117,—,FC/GIA/np-tc/l-grey,0,2731,1,0,0,2589,https://lubanikishina.com/catalog/dublenki/dublenka_dzhia_gia_svetlo_seraya/,,—,4644e1f0-6b60-11ef-8e10-005056b6c1cd#ac39892a-5b2f-11f0-a108-005056b6f117; 4644e1f0-6b60-11ef-8e10-005056b6c1cd#ac3989a6-5b2f-11f0-a108-005056b6f117; 4644e1f0-6b60-11ef-8e10-005056b6c1cd#c2c6c807-5b2f-11f0-a108-005056b6f117; 4644e1f0-6b60-11ef-8e10-005056b6c1cd#c2c6c883-5b2f-11f0-a108-005056b6f117
250000,https://lubanikishina.com/upload/iblock/50a/beziuwnbma61rqup050m7k8m8qidsqvx.png,Дубленка Джиа (GIA) светло-серая,FC/GIA/np-tc/l-grey,1,Интернет магазин,Дубленки,0,Дубленка Джиа (GIA) светло-серая (42),4644e1f0-6b60-11ef-8e10-005056b6c1cd#ac3989a6-5b2f-11f0-a108-005056b6f117,—,FC/GIA/np-tc/l-grey,0,2732,1,0,0,2589,https://lubanikishina.com/catalog/dublenki/dublenka_dzhia_gia_svetlo_seraya/,,—,4644e1f0-6b60-11ef-8e10-005056b6c1cd#ac39892a-5b2f-11f0-a108-005056b6f117; 4644e1f0-6b60-11ef-8e10-005056b6c1cd#ac3989a6-5b2f-11f0-a108-005056b6f117; 4644e1f0-6b60-11ef-8e10-005056b6c1cd#c2c6c807-5b2f-11f0-a108-005056b6f117; 4644e1f0-6b60-11ef-8e10-005056b6c1cd#c2c6c883-5b2f-11f0-a108-005056b6f117
250000,https://lubanikishina.com/upload/iblock/50a/beziuwnbma61rqup050m7k8m8qidsqvx.png,Дубленка Джиа (GIA) светло-серая,FC/GIA/np-tc/l-grey,1,Интернет магазин,Дубленки,0,Дубленка Джиа (GIA) светло-серая (44),4644e1f0-6b60-11ef-8e10-005056b6c1cd#c2c6c807-5b2f-11f0-a108-005056b6f117,—,FC/GIA/np-tc/l-grey,0,2733,1,0,0,2589,https://lubanikishina.com/catalog/dublenki/dublenka_dzhia_gia_svetlo_seraya/,,—,4644e1f0-6b60-11ef-8e10-005056b6c1cd#ac39892a-5b2f-11f0-a108-005056b6f117; 4644e1f0-6b60-11ef-8e10-005056b6c1cd#ac3989a6-5b2f-11f0-a108-005056b6f117; 4644e1f0-6b60-11ef-8e10-005056b6c1cd#c2c6c807-5b2f-11f0-a108-005056b6f117; 4644e1f0-6b60-11ef-8e10-005056b6c1cd#c2c6c883-5b2f-11f0-a108-005056b6f117
250000,https://lubanikishina.com/upload/iblock/50a/beziuwnbma61rqup050m7k8m8qidsqvx.png,Дубленка Джиа (GIA) светло-серая,FC/GIA/np-tc/l-grey,1,Интернет магазин,Дубленки,0,Дубленка Джиа (GIA) светло-серая (46),4644e1f0-6b60-11ef-8e10-005056b6c1cd#c2c6c883-5b2f-11f0-a108-005056b6f117,—,FC/GIA/np-tc/l-grey,0,2734,1,0,0,2589,https://lubanikishina.com/catalog/dublenki/dublenka_dzhia_gia_svetlo_seraya/,,—,4644e1f0-6b60-11ef-8e10-005056b6c1cd#ac39892a-5b2f-11f0-a108-005056b6f117; 4644e1f0-6b60-11ef-8e10-005056b6c1cd#ac3989a6-5b2f-11f0-a108-005056b6f117; 4644e1f0-6b60-11ef-8e10-005056b6c1cd#c2c6c807-5b2f-11f0-a108-005056b6f117; 4644e1f0-6b60-11ef-8e10-005056b6c1cd#c2c6c883-5b2f-11f0-a108-005056b6f117
250000,https://lubanikishina.com/upload/iblock/3c0/o13woa3p3lxoapn203f839tklw7zv2qn.jpg,Дубленка Джиа (GIA) серо-зелёная,FC/GIA/np-tc/greenstone,1,Интернет магазин,Дубленки,1,Дубленка Джиа (GIA) серо-зелёная (40),ff71a867-fc55-11f0-a13c-005056b6f117#ac39892a-5b2f-11f0-a108-005056b6f117,—,FC/GIA/np-tc/greenstone,0,3152,1,0,0,3150,https://lubanikishina.com/catalog/dublenki/dublenka_dzhia_gia_sero_zelyenaya/,,—,ff71a867-fc55-11f0-a13c-005056b6f117#ac39892a-5b2f-11f0-a108-005056b6f117; ff71a867-fc55-11f0-a13c-005056b6f117#ac3989a6-5b2f-11f0-a108-005056b6f117; ff71a867-fc55-11f0-a13c-005056b6f117#c2c6c807-5b2f-11f0-a108-005056b6f117; ff71a867-fc55-11f0-a13c-005056b6f117#c2c6c883-5b2f-11f0-a108-005056b6f117
250000,https://lubanikishina.com/upload/iblock/3c0/o13woa3p3lxoapn203f839tklw7zv2qn.jpg,Дубленка Джиа (GIA) серо-зелёная,FC/GIA/np-tc/greenstone,1,Интернет магазин,Дубленки,1,Дубленка Джиа (GIA) серо-зелёная (42),ff71a867-fc55-11f0-a13c-005056b6f117#ac3989a6-5b2f-11f0-a108-005056b6f117,—,FC/GIA/np-tc/greenstone,0,3153,1,0,0,3150,https://lubanikishina.com/catalog/dublenki/dublenka_dzhia_gia_sero_zelyenaya/,,—,ff71a867-fc55-11f0-a13c-005056b6f117#ac39892a-5b2f-11f0-a108-005056b6f117; ff71a867-fc55-11f0-a13c-005056b6f117#ac3989a6-5b2f-11f0-a108-005056b6f117; ff71a867-fc55-11f0-a13c-005056b6f117#c2c6c807-5b2f-11f0-a108-005056b6f117; ff71a867-fc55-11f0-a13c-005056b6f117#c2c6c883-5b2f-11f0-a108-005056b6f117
250000,https://lubanikishina.com/upload/iblock/3c0/o13woa3p3lxoapn203f839tklw7zv2qn.jpg,Дубленка Джиа (GIA) серо-зелёная,FC/GIA/np-tc/greenstone,1,Интернет магазин,Дубленки,1,Дубленка Джиа (GIA) серо-зелёная (44),ff71a867-fc55-11f0-a13c-005056b6f117#c2c6c807-5b2f-11f0-a108-005056b6f117,—,FC/GIA/np-tc/greenstone,1,3154,1,0,0,3150,https://lubanikishina.com/catalog/dublenki/dublenka_dzhia_gia_sero_zelyenaya/,,—,ff71a867-fc55-11f0-a13c-005056b6f117#ac39892a-5b2f-11f0-a108-005056b6f117; ff71a867-fc55-11f0-a13c-005056b6f117#ac3989a6-5b2f-11f0-a108-005056b6f117; ff71a867-fc55-11f0-a13c-005056b6f117#c2c6c807-5b2f-11f0-a108-005056b6f117; ff71a867-fc55-11f0-a13c-005056b6f117#c2c6c883-5b2f-11f0-a108-005056b6f117
250000,https://lubanikishina.com/upload/iblock/3c0/o13woa3p3lxoapn203f839tklw7zv2qn.jpg,Дубленка Джиа (GIA) серо-зелёная,FC/GIA/np-tc/greenstone,1,Интернет магазин,Дубленки,1,Дубленка Джиа (GIA) серо-зелёная (46),ff71a867-fc55-11f0-a13c-005056b6f117#c2c6c883-5b2f-11f0-a108-005056b6f117,—,FC/GIA/np-tc/greenstone,0,3155,1,0,0,3150,https://lubanikishina.com/catalog/dublenki/dublenka_dzhia_gia_sero_zelyenaya/,,—,ff71a867-fc55-11f0-a13c-005056b6f117#ac39892a-5b2f-11f0-a108-005056b6f117; ff71a867-fc55-11f0-a13c-005056b6f117#ac3989a6-5b2f-11f0-a108-005056b6f117; ff71a867-fc55-11f0-a13c-005056b6f117#c2c6c807-5b2f-11f0-a108-005056b6f117; ff71a867-fc55-11f0-a13c-005056b6f117#c2c6c883-5b2f-11f0-a108-005056b6f117
250000,https://lubanikishina.com/upload/iblock/b1f/8eoels769nfusokg13u6kn6a5dm15sxc.jpg,Дубленка Джиа (GIA) чёрная,FC/GIA/np-tc/black,1,Интернет магазин,Дубленки,0,Дубленка Джиа (GIA) чёрная (40),7c30cece-5ba5-11ef-8e10-005056b6c1cd#ac39892a-5b2f-11f0-a108-005056b6f117,—,FC/GIA/np-tc/black,0,3078,1,0,0,1978,https://lubanikishina.com/catalog/dublenki/dublenka_dzhia_gia_chyernaya/,,—,7c30cece-5ba5-11ef-8e10-005056b6c1cd#ac39892a-5b2f-11f0-a108-005056b6f117; 7c30cece-5ba5-11ef-8e10-005056b6c1cd#ac3989a6-5b2f-11f0-a108-005056b6f117; 7c30cece-5ba5-11ef-8e10-005056b6c1cd#c2c6c807-5b2f-11f0-a108-005056b6f117; 7c30cece-5ba5-11ef-8e10-005056b6c1cd#c2c6c883-5b2f-11f0-a108-005056b6f117; 7c30cece-5ba5-11ef-8e10-005056b6c1cd#cd835433-5b2f-11f0-a108-005056b6f117; 7c30cece-5ba5-11ef-8e10-005056b6c1cd#d092bf7d-5b2f-11f0-a108-005056b6f117
250000,https://lubanikishina.com/upload/iblock/b1f/8eoels769nfusokg13u6kn6a5dm15sxc.jpg,Дубленка Джиа (GIA) чёрная,FC/GIA/np-tc/black,1,Интернет магазин,Дубленки,0,Дубленка Джиа (GIA) чёрная (42),7c30cece-5ba5-11ef-8e10-005056b6c1cd#ac3989a6-5b2f-11f0-a108-005056b6f117,—,FC/GIA/np-tc/black,0,3079,1,0,0,1978,https://lubanikishina.com/catalog/dublenki/dublenka_dzhia_gia_chyernaya/,,—,7c30cece-5ba5-11ef-8e10-005056b6c1cd#ac39892a-5b2f-11f0-a108-005056b6f117; 7c30cece-5ba5-11ef-8e10-005056b6c1cd#ac3989a6-5b2f-11f0-a108-005056b6f117; 7c30cece-5ba5-11ef-8e10-005056b6c1cd#c2c6c807-5b2f-11f0-a108-005056b6f117; 7c30cece-5ba5-11ef-8e10-005056b6c1cd#c2c6c883-5b2f-11f0-a108-005056b6f117; 7c30cece-5ba5-11ef-8e10-005056b6c1cd#cd835433-5b2f-11f0-a108-005056b6f117; 7c30cece-5ba5-11ef-8e10-005056b6c1cd#d092bf7d-5b2f-11f0-a108-005056b6f117
250000,https://lubanikishina.com/upload/iblock/b1f/8eoels769nfusokg13u6kn6a5dm15sxc.jpg,Дубленка Джиа (GIA) чёрная,FC/GIA/np-tc/black,1,Интернет магазин,Дубленки,0,Дубленка Джиа (GIA) чёрная (44),7c30cece-5ba5-11ef-8e10-005056b6c1cd#c2c6c807-5b2f-11f0-a108-005056b6f117,—,FC/GIA/np-tc/black,0,3080,1,0,0,1978,https://lubanikishina.com/catalog/dublenki/dublenka_dzhia_gia_chyernaya/,,—,7c30cece-5ba5-11ef-8e10-005056b6c1cd#ac39892a-5b2f-11f0-a108-005056b6f117; 7c30cece-5ba5-11ef-8e10-005056b6c1cd#ac3989a6-5b2f-11f0-a108-005056b6f117; 7c30cece-5ba5-11ef-8e10-005056b6c1cd#c2c6c807-5b2f-11f0-a108-005056b6f117; 7c30cece-5ba5-11ef-8e10-005056b6c1cd#c2c6c883-5b2f-11f0-a108-005056b6f117; 7c30cece-5ba5-11ef-8e10-005056b6c1cd#cd835433-5b2f-11f0-a108-005056b6f117; 7c30cece-5ba5-11ef-8e10-005056b6c1cd#d092bf7d-5b2f-11f0-a108-005056b6f117
250000,https://lubanikishina.com/upload/iblock/b1f/8eoels769nfusokg13u6kn6a5dm15sxc.jpg,Дубленка Джиа (GIA) чёрная,FC/GIA/np-tc/black,1,Интернет магазин,Дубленки,0,Дубленка Джиа (GIA) чёрная (46),7c30cece-5ba5-11ef-8e10-005056b6c1cd#c2c6c883-5b2f-11f0-a108-005056b6f117,—,FC/GIA/np-tc/black,0,3081,1,0,0,1978,https://lubanikishina.com/catalog/dublenki/dublenka_dzhia_gia_chyernaya/,,—,7c30cece-5ba5-11ef-8e10-005056b6c1cd#ac39892a-5b2f-11f0-a108-005056b6f117; 7c30cece-5ba5-11ef-8e10-005056b6c1cd#ac3989a6-5b2f-11f0-a108-005056b6f117; 7c30cece-5ba5-11ef-8e10-005056b6c1cd#c2c6c807-5b2f-11f0-a108-005056b6f117; 7c30cece-5ba5-11ef-8e10-005056b6c1cd#c2c6c883-5b2f-11f0-a108-005056b6f117; 7c30cece-5ba5-11ef-8e10-005056b6c1cd#cd835433-5b2f-11f0-a108-005056b6f117; 7c30cece-5ba5-11ef-8e10-005056b6c1cd#d092bf7d-5b2f-11f0-a108-005056b6f117
250000,https://lubanikishina.com/upload/iblock/b1f/8eoels769nfusokg13u6kn6a5dm15sxc.jpg,Дубленка Джиа (GIA) чёрная,FC/GIA/np-tc/black,1,Интернет магазин,Дубленки,0,Дубленка Джиа (GIA) чёрная (50),7c30cece-5ba5-11ef-8e10-005056b6c1cd#cd835433-5b2f-11f0-a108-005056b6f117,—,FC/GIA/np-tc/black,0,3145,1,0,0,1978,https://lubanikishina.com/catalog/dublenki/dublenka_dzhia_gia_chyernaya/,,—,7c30cece-5ba5-11ef-8e10-005056b6c1cd#ac39892a-5b2f-11f0-a108-005056b6f117; 7c30cece-5ba5-11ef-8e10-005056b6c1cd#ac3989a6-5b2f-11f0-a108-005056b6f117; 7c30cece-5ba5-11ef-8e10-005056b6c1cd#c2c6c807-5b2f-11f0-a108-005056b6f117; 7c30cece-5ba5-11ef-8e10-005056b6c1cd#c2c6c883-5b2f-11f0-a108-005056b6f117; 7c30cece-5ba5-11ef-8e10-005056b6c1cd#cd835433-5b2f-11f0-a108-005056b6f117; 7c30cece-5ba5-11ef-8e10-005056b6c1cd#d092bf7d-5b2f-11f0-a108-005056b6f117
250000,https://lubanikishina.com/upload/iblock/b1f/8eoels769nfusokg13u6kn6a5dm15sxc.jpg,Дубленка Джиа (GIA) чёрная,FC/GIA/np-tc/black,1,Интернет магазин,Дубленки,0,Дубленка Джиа (GIA) чёрная (54),7c30cece-5ba5-11ef-8e10-005056b6c1cd#d092bf7d-5b2f-11f0-a108-005056b6f117,—,FC/GIA/np-tc/black,0,3146,1,0,0,1978,https://lubanikishina.com/catalog/dublenki/dublenka_dzhia_gia_chyernaya/,,—,7c30cece-5ba5-11ef-8e10-005056b6c1cd#ac39892a-5b2f-11f0-a108-005056b6f117; 7c30cece-5ba5-11ef-8e10-005056b6c1cd#ac3989a6-5b2f-11f0-a108-005056b6f117; 7c30cece-5ba5-11ef-8e10-005056b6c1cd#c2c6c807-5b2f-11f0-a108-005056b6f117; 7c30cece-5ba5-11ef-8e10-005056b6c1cd#c2c6c883-5b2f-11f0-a108-005056b6f117; 7c30cece-5ba5-11ef-8e10-005056b6c1cd#cd835433-5b2f-11f0-a108-005056b6f117; 7c30cece-5ba5-11ef-8e10-005056b6c1cd#d092bf7d-5b2f-11f0-a108-005056b6f117
215000,https://lubanikishina.com/upload/iblock/d94/bxncrhqy7b3qcj2n80c550ev9w9sfta1.jpg,Дубленка Джил (GILL) серо-коричневая,FC/GILL/np-tc/greybrown,1,Интернет магазин,Дубленки,0,Дубленка Джил (GILL) серо-коричневая (38),d9754150-a8a5-11ef-8e11-005056b6c1cd#a1ca0b24-5b2f-11f0-a108-005056b6f117,—,FC/GILL/np-tc/greybrown,0,2758,1,0,0,2145,https://lubanikishina.com/catalog/dublenki/dublenka_dzhil_gill_sero_korichnevaya/,,—,d9754150-a8a5-11ef-8e11-005056b6c1cd#a1ca0b24-5b2f-11f0-a108-005056b6f117; d9754150-a8a5-11ef-8e11-005056b6c1cd#ac39892a-5b2f-11f0-a108-005056b6f117; d9754150-a8a5-11ef-8e11-005056b6c1cd#ac3989a6-5b2f-11f0-a108-005056b6f117; d9754150-a8a5-11ef-8e11-005056b6c1cd#c2c6c807-5b2f-11f0-a108-005056b6f117; d9754150-a8a5-11ef-8e11-005056b6c1cd#c2c6c883-5b2f-11f0-a108-005056b6f117
215000,https://lubanikishina.com/upload/iblock/d94/bxncrhqy7b3qcj2n80c550ev9w9sfta1.jpg,Дубленка Джил (GILL) серо-коричневая,FC/GILL/np-tc/greybrown,1,Интернет магазин,Дубленки,0,Дубленка Джил (GILL) серо-коричневая (40),d9754150-a8a5-11ef-8e11-005056b6c1cd#ac39892a-5b2f-11f0-a108-005056b6f117,—,FC/GILL/np-tc/greybrown,0,2759,1,0,0,2145,https://lubanikishina.com/catalog/dublenki/dublenka_dzhil_gill_sero_korichnevaya/,,—,d9754150-a8a5-11ef-8e11-005056b6c1cd#a1ca0b24-5b2f-11f0-a108-005056b6f117; d9754150-a8a5-11ef-8e11-005056b6c1cd#ac39892a-5b2f-11f0-a108-005056b6f117; d9754150-a8a5-11ef-8e11-005056b6c1cd#ac3989a6-5b2f-11f0-a108-005056b6f117; d9754150-a8a5-11ef-8e11-005056b6c1cd#c2c6c807-5b2f-11f0-a108-005056b6f117; d9754150-a8a5-11ef-8e11-005056b6c1cd#c2c6c883-5b2f-11f0-a108-005056b6f117
215000,https://lubanikishina.com/upload/iblock/d94/bxncrhqy7b3qcj2n80c550ev9w9sfta1.jpg,Дубленка Джил (GILL) серо-коричневая,FC/GILL/np-tc/greybrown,1,Интернет магазин,Дубленки,0,Дубленка Джил (GILL) серо-коричневая (42),d9754150-a8a5-11ef-8e11-005056b6c1cd#ac3989a6-5b2f-11f0-a108-005056b6f117,—,FC/GILL/np-tc/greybrown,0,2760,1,0,0,2145,https://lubanikishina.com/catalog/dublenki/dublenka_dzhil_gill_sero_korichnevaya/,,—,d9754150-a8a5-11ef-8e11-005056b6c1cd#a1ca0b24-5b2f-11f0-a108-005056b6f117; d9754150-a8a5-11ef-8e11-005056b6c1cd#ac39892a-5b2f-11f0-a108-005056b6f117; d9754150-a8a5-11ef-8e11-005056b6c1cd#ac3989a6-5b2f-11f0-a108-005056b6f117; d9754150-a8a5-11ef-8e11-005056b6c1cd#c2c6c807-5b2f-11f0-a108-005056b6f117; d9754150-a8a5-11ef-8e11-005056b6c1cd#c2c6c883-5b2f-11f0-a108-005056b6f117
215000,https://lubanikishina.com/upload/iblock/d94/bxncrhqy7b3qcj2n80c550ev9w9sfta1.jpg,Дубленка Джил (GILL) серо-коричневая,FC/GILL/np-tc/greybrown,1,Интернет магазин,Дубленки,0,Дубленка Джил (GILL) серо-коричневая (44),d9754150-a8a5-11ef-8e11-005056b6c1cd#c2c6c807-5b2f-11f0-a108-005056b6f117,—,FC/GILL/np-tc/greybrown,0,2761,1,0,0,2145,https://lubanikishina.com/catalog/dublenki/dublenka_dzhil_gill_sero_korichnevaya/,,—,d9754150-a8a5-11ef-8e11-005056b6c1cd#a1ca0b24-5b2f-11f0-a108-005056b6f117; d9754150-a8a5-11ef-8e11-005056b6c1cd#ac39892a-5b2f-11f0-a108-005056b6f117; d9754150-a8a5-11ef-8e11-005056b6c1cd#ac3989a6-5b2f-11f0-a108-005056b6f117; d9754150-a8a5-11ef-8e11-005056b6c1cd#c2c6c807-5b2f-11f0-a108-005056b6f117; d9754150-a8a5-11ef-8e11-005056b6c1cd#c2c6c883-5b2f-11f0-a108-005056b6f117
215000,https://lubanikishina.com/upload/iblock/d94/bxncrhqy7b3qcj2n80c550ev9w9sfta1.jpg,Дубленка Джил (GILL) серо-коричневая,FC/GILL/np-tc/greybrown,1,Интернет магазин,Дубленки,0,Дубленка Джил (GILL) серо-коричневая (46),d9754150-a8a5-11ef-8e11-005056b6c1cd#c2c6c883-5b2f-11f0-a108-005056b6f117,—,FC/GILL/np-tc/greybrown,0,3179,1,0,0,2145,https://lubanikishina.com/catalog/dublenki/dublenka_dzhil_gill_sero_korichnevaya/,,—,d9754150-a8a5-11ef-8e11-005056b6c1cd#a1ca0b24-5b2f-11f0-a108-005056b6f117; d9754150-a8a5-11ef-8e11-005056b6c1cd#ac39892a-5b2f-11f0-a108-005056b6f117; d9754150-a8a5-11ef-8e11-005056b6c1cd#ac3989a6-5b2f-11f0-a108-005056b6f117; d9754150-a8a5-11ef-8e11-005056b6c1cd#c2c6c807-5b2f-11f0-a108-005056b6f117; d9754150-a8a5-11ef-8e11-005056b6c1cd#c2c6c883-5b2f-11f0-a108-005056b6f117
215000,https://lubanikishina.com/upload/iblock/b72/gcs42azdjnttmdjty5mepqxox79k0cpj.png,Дубленка Джил (GILL) чёрная,FC/GILL/black,1,Интернет магазин,Дубленки,1,Дубленка Джил (GILL) чёрная (38),6dce76d6-b85d-11ef-8e14-005056b6c1cd#a1ca0b24-5b2f-11f0-a108-005056b6f117,—,FC/GILL/black,0,2803,1,0,0,2802,https://lubanikishina.com/catalog/dublenki/dublenka_dzhil_gill_chyernaya/,,—,6dce76d6-b85d-11ef-8e14-005056b6c1cd#a1ca0b24-5b2f-11f0-a108-005056b6f117; 6dce76d6-b85d-11ef-8e14-005056b6c1cd#ac39892a-5b2f-11f0-a108-005056b6f117; 6dce76d6-b85d-11ef-8e14-005056b6c1cd#ac3989a6-5b2f-11f0-a108-005056b6f117; 6dce76d6-b85d-11ef-8e14-005056b6c1cd#c2c6c807-5b2f-11f0-a108-005056b6f117
215000,https://lubanikishina.com/upload/iblock/b72/gcs42azdjnttmdjty5mepqxox79k0cpj.png,Дубленка Джил (GILL) чёрная,FC/GILL/black,1,Интернет магазин,Дубленки,1,Дубленка Джил (GILL) чёрная (40),6dce76d6-b85d-11ef-8e14-005056b6c1cd#ac39892a-5b2f-11f0-a108-005056b6f117,—,FC/GILL/black,1,2804,1,0,0,2802,https://lubanikishina.com/catalog/dublenki/dublenka_dzhil_gill_chyernaya/,,—,6dce76d6-b85d-11ef-8e14-005056b6c1cd#a1ca0b24-5b2f-11f0-a108-005056b6f117; 6dce76d6-b85d-11ef-8e14-005056b6c1cd#ac39892a-5b2f-11f0-a108-005056b6f117; 6dce76d6-b85d-11ef-8e14-005056b6c1cd#ac3989a6-5b2f-11f0-a108-005056b6f117; 6dce76d6-b85d-11ef-8e14-005056b6c1cd#c2c6c807-5b2f-11f0-a108-005056b6f117
215000,https://lubanikishina.com/upload/iblock/b72/gcs42azdjnttmdjty5mepqxox79k0cpj.png,Дубленка Джил (GILL) чёрная,FC/GILL/black,1,Интернет магазин,Дубленки,1,Дубленка Джил (GILL) чёрная (42),6dce76d6-b85d-11ef-8e14-005056b6c1cd#ac3989a6-5b2f-11f0-a108-005056b6f117,—,FC/GILL/black,0,2805,1,0,0,2802,https://lubanikishina.com/catalog/dublenki/dublenka_dzhil_gill_chyernaya/,,—,6dce76d6-b85d-11ef-8e14-005056b6c1cd#a1ca0b24-5b2f-11f0-a108-005056b6f117; 6dce76d6-b85d-11ef-8e14-005056b6c1cd#ac39892a-5b2f-11f0-a108-005056b6f117; 6dce76d6-b85d-11ef-8e14-005056b6c1cd#ac3989a6-5b2f-11f0-a108-005056b6f117; 6dce76d6-b85d-11ef-8e14-005056b6c1cd#c2c6c807-5b2f-11f0-a108-005056b6f117
215000,https://lubanikishina.com/upload/iblock/b72/gcs42azdjnttmdjty5mepqxox79k0cpj.png,Дубленка Джил (GILL) чёрная,FC/GILL/black,1,Интернет магазин,Дубленки,1,Дубленка Джил (GILL) чёрная (44),6dce76d6-b85d-11ef-8e14-005056b6c1cd#c2c6c807-5b2f-11f0-a108-005056b6f117,—,FC/GILL/black,0,2806,1,0,0,2802,https://lubanikishina.com/catalog/dublenki/dublenka_dzhil_gill_chyernaya/,,—,6dce76d6-b85d-11ef-8e14-005056b6c1cd#a1ca0b24-5b2f-11f0-a108-005056b6f117; 6dce76d6-b85d-11ef-8e14-005056b6c1cd#ac39892a-5b2f-11f0-a108-005056b6f117; 6dce76d6-b85d-11ef-8e14-005056b6c1cd#ac3989a6-5b2f-11f0-a108-005056b6f117; 6dce76d6-b85d-11ef-8e14-005056b6c1cd#c2c6c807-5b2f-11f0-a108-005056b6f117
155000,https://lubanikishina.com/upload/iblock/637/bppaber9q2dnj6iaick1b4naeqkqtxgc.jpg,Дубленка Доломан (DOLOMAN) коричневая,FC/DOLOMAN/cr-kr/v-brown,1,Интернет магазин,Дубленки,1,Дубленка Доломан (DOLOMAN) коричневая (42),4c022c93-0b28-11f1-a13d-005056b6f117#ac3989a6-5b2f-11f0-a108-005056b6f117,—,FC/DOLOMAN/cr-kr/v-brown,1,3199,1,0,0,3198,https://lubanikishina.com/catalog/dublenki/dublenka_doloman_doloman_korichnevaya/,,—,4c022c93-0b28-11f1-a13d-005056b6f117#ac3989a6-5b2f-11f0-a108-005056b6f117; 4c022c93-0b28-11f1-a13d-005056b6f117#c2c6c807-5b2f-11f0-a108-005056b6f117; 4c022c93-0b28-11f1-a13d-005056b6f117#c2c6c883-5b2f-11f0-a108-005056b6f117
155000,https://lubanikishina.com/upload/iblock/637/bppaber9q2dnj6iaick1b4naeqkqtxgc.jpg,Дубленка Доломан (DOLOMAN) коричневая,FC/DOLOMAN/cr-kr/v-brown,1,Интернет магазин,Дубленки,1,Дубленка Доломан (DOLOMAN) коричневая (44),4c022c93-0b28-11f1-a13d-005056b6f117#c2c6c807-5b2f-11f0-a108-005056b6f117,—,FC/DOLOMAN/cr-kr/v-brown,0,3200,1,0,0,3198,https://lubanikishina.com/catalog/dublenki/dublenka_doloman_doloman_korichnevaya/,,—,4c022c93-0b28-11f1-a13d-005056b6f117#ac3989a6-5b2f-11f0-a108-005056b6f117; 4c022c93-0b28-11f1-a13d-005056b6f117#c2c6c807-5b2f-11f0-a108-005056b6f117; 4c022c93-0b28-11f1-a13d-005056b6f117#c2c6c883-5b2f-11f0-a108-005056b6f117
155000,https://lubanikishina.com/upload/iblock/637/bppaber9q2dnj6iaick1b4naeqkqtxgc.jpg,Дубленка Доломан (DOLOMAN) коричневая,FC/DOLOMAN/cr-kr/v-brown,1,Интернет магазин,Дубленки,1,Дубленка Доломан (DOLOMAN) коричневая (46),4c022c93-0b28-11f1-a13d-005056b6f117#c2c6c883-5b2f-11f0-a108-005056b6f117,—,FC/DOLOMAN/cr-kr/v-brown,0,3201,1,0,0,3198,https://lubanikishina.com/catalog/dublenki/dublenka_doloman_doloman_korichnevaya/,,—,4c022c93-0b28-11f1-a13d-005056b6f117#ac3989a6-5b2f-11f0-a108-005056b6f117; 4c022c93-0b28-11f1-a13d-005056b6f117#c2c6c807-5b2f-11f0-a108-005056b6f117; 4c022c93-0b28-11f1-a13d-005056b6f117#c2c6c883-5b2f-11f0-a108-005056b6f117
220000,https://lubanikishina.com/upload/iblock/44a/hep3tgljwhtoykz32e12grzc6z1nsk4c.png,Дубленка Дэш (DASH) из чёрной замши,FC/DASH/zm-tg/black,1,Интернет магазин,Дубленки,0,Дубленка Дэш (DASH) из чёрной замши  (38),d7cff677-5b3f-11f0-a108-005056b6f117#a1ca0b24-5b2f-11f0-a108-005056b6f117,—,FC/DASH/zm-tg/black,0,2554,1,0,0,2553,https://lubanikishina.com/catalog/dublenki/dublenka_desh_dash_iz_chyernoy_zamshi_/,,—,d7cff677-5b3f-11f0-a108-005056b6f117#a1ca0b24-5b2f-11f0-a108-005056b6f117; d7cff677-5b3f-11f0-a108-005056b6f117#ac39892a-5b2f-11f0-a108-005056b6f117; d7cff677-5b3f-11f0-a108-005056b6f117#ac3989a6-5b2f-11f0-a108-005056b6f117; d7cff677-5b3f-11f0-a108-005056b6f117#c2c6c807-5b2f-11f0-a108-005056b6f117; d7cff677-5b3f-11f0-a108-005056b6f117#c2c6c883-5b2f-11f0-a108-005056b6f117
220000,https://lubanikishina.com/upload/iblock/44a/hep3tgljwhtoykz32e12grzc6z1nsk4c.png,Дубленка Дэш (DASH) из чёрной замши,FC/DASH/zm-tg/black,1,Интернет магазин,Дубленки,0,Дубленка Дэш (DASH) из чёрной замши  (40),d7cff677-5b3f-11f0-a108-005056b6f117#ac39892a-5b2f-11f0-a108-005056b6f117,—,FC/DASH/zm-tg/black,0,2555,1,0,0,2553,https://lubanikishina.com/catalog/dublenki/dublenka_desh_dash_iz_chyernoy_zamshi_/,,—,d7cff677-5b3f-11f0-a108-005056b6f117#a1ca0b24-5b2f-11f0-a108-005056b6f117; d7cff677-5b3f-11f0-a108-005056b6f117#ac39892a-5b2f-11f0-a108-005056b6f117; d7cff677-5b3f-11f0-a108-005056b6f117#ac3989a6-5b2f-11f0-a108-005056b6f117; d7cff677-5b3f-11f0-a108-005056b6f117#c2c6c807-5b2f-11f0-a108-005056b6f117; d7cff677-5b3f-11f0-a108-005056b6f117#c2c6c883-5b2f-11f0-a108-005056b6f117
220000,https://lubanikishina.com/upload/iblock/44a/hep3tgljwhtoykz32e12grzc6z1nsk4c.png,Дубленка Дэш (DASH) из чёрной замши,FC/DASH/zm-tg/black,1,Интернет магазин,Дубленки,0,Дубленка Дэш (DASH) из чёрной замши  (42),d7cff677-5b3f-11f0-a108-005056b6f117#ac3989a6-5b2f-11f0-a108-005056b6f117,—,FC/DASH/zm-tg/black,0,2556,1,0,0,2553,https://lubanikishina.com/catalog/dublenki/dublenka_desh_dash_iz_chyernoy_zamshi_/,,—,d7cff677-5b3f-11f0-a108-005056b6f117#a1ca0b24-5b2f-11f0-a108-005056b6f117; d7cff677-5b3f-11f0-a108-005056b6f117#ac39892a-5b2f-11f0-a108-005056b6f117; d7cff677-5b3f-11f0-a108-005056b6f117#ac3989a6-5b2f-11f0-a108-005056b6f117; d7cff677-5b3f-11f0-a108-005056b6f117#c2c6c807-5b2f-11f0-a108-005056b6f117; d7cff677-5b3f-11f0-a108-005056b6f117#c2c6c883-5b2f-11f0-a108-005056b6f117
220000,https://lubanikishina.com/upload/iblock/44a/hep3tgljwhtoykz32e12grzc6z1nsk4c.png,Дубленка Дэш (DASH) из чёрной замши,FC/DASH/zm-tg/black,1,Интернет магазин,Дубленки,0,Дубленка Дэш (DASH) из чёрной замши  (44),d7cff677-5b3f-11f0-a108-005056b6f117#c2c6c807-5b2f-11f0-a108-005056b6f117,—,FC/DASH/zm-tg/black,0,2557,1,0,0,2553,https://lubanikishina.com/catalog/dublenki/dublenka_desh_dash_iz_chyernoy_zamshi_/,,—,d7cff677-5b3f-11f0-a108-005056b6f117#a1ca0b24-5b2f-11f0-a108-005056b6f117; d7cff677-5b3f-11f0-a108-005056b6f117#ac39892a-5b2f-11f0-a108-005056b6f117; d7cff677-5b3f-11f0-a108-005056b6f117#ac3989a6-5b2f-11f0-a108-005056b6f117; d7cff677-5b3f-11f0-a108-005056b6f117#c2c6c807-5b2f-11f0-a108-005056b6f117; d7cff677-5b3f-11f0-a108-005056b6f117#c2c6c883-5b2f-11f0-a108-005056b6f117
220000,https://lubanikishina.com/upload/iblock/44a/hep3tgljwhtoykz32e12grzc6z1nsk4c.png,Дубленка Дэш (DASH) из чёрной замши,FC/DASH/zm-tg/black,1,Интернет магазин,Дубленки,0,Дубленка Дэш (DASH) из чёрной замши  (46),d7cff677-5b3f-11f0-a108-005056b6f117#c2c6c883-5b2f-11f0-a108-005056b6f117,—,FC/DASH/zm-tg/black,0,2558,1,0,0,2553,https://lubanikishina.com/catalog/dublenki/dublenka_desh_dash_iz_chyernoy_zamshi_/,,—,d7cff677-5b3f-11f0-a108-005056b6f117#a1ca0b24-5b2f-11f0-a108-005056b6f117; d7cff677-5b3f-11f0-a108-005056b6f117#ac39892a-5b2f-11f0-a108-005056b6f117; d7cff677-5b3f-11f0-a108-005056b6f117#ac3989a6-5b2f-11f0-a108-005056b6f117; d7cff677-5b3f-11f0-a108-005056b6f117#c2c6c807-5b2f-11f0-a108-005056b6f117; d7cff677-5b3f-11f0-a108-005056b6f117#c2c6c883-5b2f-11f0-a108-005056b6f117
175000,https://lubanikishina.com/upload/iblock/a30/yoefu939ok6jyn1s5m8gg58g0ulq5kcv.jpg,Дубленка Квин (QUEEN) коричнево-бежевая,FC/QUEEN/np-tg/white-beige,1,Интернет магазин,Дубленки,0,Дубленка Квин (QUEEN) коричнево-бежевая (44),b5ccdb35-1681-11ef-8e0e-005056b6c1cd#c2c6c807-5b2f-11f0-a108-005056b6f117,—,FC/QUEEN/np-tg/white-beige,0,2747,1,0,0,1973,https://lubanikishina.com/catalog/dublenki/dublenka_kvin_queen_korichnevo_bezhevaya/,,—,b5ccdb35-1681-11ef-8e0e-005056b6c1cd#c2c6c807-5b2f-11f0-a108-005056b6f117; b5ccdb35-1681-11ef-8e0e-005056b6c1cd#a1ca0b24-5b2f-11f0-a108-005056b6f117; b5ccdb35-1681-11ef-8e0e-005056b6c1cd#ac39892a-5b2f-11f0-a108-005056b6f117; b5ccdb35-1681-11ef-8e0e-005056b6c1cd#ac3989a6-5b2f-11f0-a108-005056b6f117; b5ccdb35-1681-11ef-8e0e-005056b6c1cd#c2c6c883-5b2f-11f0-a108-005056b6f117
175000,https://lubanikishina.com/upload/iblock/a30/yoefu939ok6jyn1s5m8gg58g0ulq5kcv.jpg,Дубленка Квин (QUEEN) коричнево-бежевая,FC/QUEEN/np-tg/white-beige,1,Интернет магазин,Дубленки,0,Дубленка Квин (QUEEN) коричнево-бежевая (38),b5ccdb35-1681-11ef-8e0e-005056b6c1cd#a1ca0b24-5b2f-11f0-a108-005056b6f117,—,FC/QUEEN/np-tg/white-beige,0,2744,1,0,0,1973,https://lubanikishina.com/catalog/dublenki/dublenka_kvin_queen_korichnevo_bezhevaya/,,—,b5ccdb35-1681-11ef-8e0e-005056b6c1cd#c2c6c807-5b2f-11f0-a108-005056b6f117; b5ccdb35-1681-11ef-8e0e-005056b6c1cd#a1ca0b24-5b2f-11f0-a108-005056b6f117; b5ccdb35-1681-11ef-8e0e-005056b6c1cd#ac39892a-5b2f-11f0-a108-005056b6f117; b5ccdb35-1681-11ef-8e0e-005056b6c1cd#ac3989a6-5b2f-11f0-a108-005056b6f117; b5ccdb35-1681-11ef-8e0e-005056b6c1cd#c2c6c883-5b2f-11f0-a108-005056b6f117
175000,https://lubanikishina.com/upload/iblock/a30/yoefu939ok6jyn1s5m8gg58g0ulq5kcv.jpg,Дубленка Квин (QUEEN) коричнево-бежевая,FC/QUEEN/np-tg/white-beige,1,Интернет магазин,Дубленки,0,Дубленка Квин (QUEEN) коричнево-бежевая (40),b5ccdb35-1681-11ef-8e0e-005056b6c1cd#ac39892a-5b2f-11f0-a108-005056b6f117,—,FC/QUEEN/np-tg/white-beige,0,2745,1,0,0,1973,https://lubanikishina.com/catalog/dublenki/dublenka_kvin_queen_korichnevo_bezhevaya/,,—,b5ccdb35-1681-11ef-8e0e-005056b6c1cd#c2c6c807-5b2f-11f0-a108-005056b6f117; b5ccdb35-1681-11ef-8e0e-005056b6c1cd#a1ca0b24-5b2f-11f0-a108-005056b6f117; b5ccdb35-1681-11ef-8e0e-005056b6c1cd#ac39892a-5b2f-11f0-a108-005056b6f117; b5ccdb35-1681-11ef-8e0e-005056b6c1cd#ac3989a6-5b2f-11f0-a108-005056b6f117; b5ccdb35-1681-11ef-8e0e-005056b6c1cd#c2c6c883-5b2f-11f0-a108-005056b6f117
175000,https://lubanikishina.com/upload/iblock/a30/yoefu939ok6jyn1s5m8gg58g0ulq5kcv.jpg,Дубленка Квин (QUEEN) коричнево-бежевая,FC/QUEEN/np-tg/white-beige,1,Интернет магазин,Дубленки,0,Дубленка Квин (QUEEN) коричнево-бежевая (42),b5ccdb35-1681-11ef-8e0e-005056b6c1cd#ac3989a6-5b2f-11f0-a108-005056b6f117,—,FC/QUEEN/np-tg/white-beige,0,2746,1,0,0,1973,https://lubanikishina.com/catalog/dublenki/dublenka_kvin_queen_korichnevo_bezhevaya/,,—,b5ccdb35-1681-11ef-8e0e-005056b6c1cd#c2c6c807-5b2f-11f0-a108-005056b6f117; b5ccdb35-1681-11ef-8e0e-005056b6c1cd#a1ca0b24-5b2f-11f0-a108-005056b6f117; b5ccdb35-1681-11ef-8e0e-005056b6c1cd#ac39892a-5b2f-11f0-a108-005056b6f117; b5ccdb35-1681-11ef-8e0e-005056b6c1cd#ac3989a6-5b2f-11f0-a108-005056b6f117; b5ccdb35-1681-11ef-8e0e-005056b6c1cd#c2c6c883-5b2f-11f0-a108-005056b6f117
175000,https://lubanikishina.com/upload/iblock/a30/yoefu939ok6jyn1s5m8gg58g0ulq5kcv.jpg,Дубленка Квин (QUEEN) коричнево-бежевая,FC/QUEEN/np-tg/white-beige,1,Интернет магазин,Дубленки,0,Дубленка Квин (QUEEN) коричнево-бежевая (46),b5ccdb35-1681-11ef-8e0e-005056b6c1cd#c2c6c883-5b2f-11f0-a108-005056b6f117,—,FC/QUEEN/np-tg/white-beige,0,2888,1,0,0,1973,https://lubanikishina.com/catalog/dublenki/dublenka_kvin_queen_korichnevo_bezhevaya/,,—,b5ccdb35-1681-11ef-8e0e-005056b6c1cd#c2c6c807-5b2f-11f0-a108-005056b6f117; b5ccdb35-1681-11ef-8e0e-005056b6c1cd#a1ca0b24-5b2f-11f0-a108-005056b6f117; b5ccdb35-1681-11ef-8e0e-005056b6c1cd#ac39892a-5b2f-11f0-a108-005056b6f117; b5ccdb35-1681-11ef-8e0e-005056b6c1cd#ac3989a6-5b2f-11f0-a108-005056b6f117; b5ccdb35-1681-11ef-8e0e-005056b6c1cd#c2c6c883-5b2f-11f0-a108-005056b6f117
178000,https://lubanikishina.com/upload/iblock/c13/sgd34q2pzi8mbu9ggoijgy3903n8nryu.png,Дубленка Ли (LEE) темно-коричневая,FC/LEE/np-kr/brown,1,Интернет магазин,Дубленки,0,Дубленка Ли (LEE) темно-коричневая (40),6b458c5d-e206-11ef-8e2b-005056b6c1cd#ac39892a-5b2f-11f0-a108-005056b6f117,—,FC/LEE/np-kr/brown,0,2623,1,0,0,2300,https://lubanikishina.com/catalog/dublenki/dublenka_li_lee_temno_korichnevaya/,,—,6b458c5d-e206-11ef-8e2b-005056b6c1cd#ac39892a-5b2f-11f0-a108-005056b6f117; 6b458c5d-e206-11ef-8e2b-005056b6c1cd#ac3989a6-5b2f-11f0-a108-005056b6f117; 6b458c5d-e206-11ef-8e2b-005056b6c1cd#c2c6c807-5b2f-11f0-a108-005056b6f117; 6b458c5d-e206-11ef-8e2b-005056b6c1cd#c2c6c883-5b2f-11f0-a108-005056b6f117; 6b458c5d-e206-11ef-8e2b-005056b6c1cd#a1ca0b24-5b2f-11f0-a108-005056b6f117
178000,https://lubanikishina.com/upload/iblock/c13/sgd34q2pzi8mbu9ggoijgy3903n8nryu.png,Дубленка Ли (LEE) темно-коричневая,FC/LEE/np-kr/brown,1,Интернет магазин,Дубленки,0,Дубленка Ли (LEE) темно-коричневая (42),6b458c5d-e206-11ef-8e2b-005056b6c1cd#ac3989a6-5b2f-11f0-a108-005056b6f117,—,FC/LEE/np-kr/brown,0,2624,1,0,0,2300,https://lubanikishina.com/catalog/dublenki/dublenka_li_lee_temno_korichnevaya/,,—,6b458c5d-e206-11ef-8e2b-005056b6c1cd#ac39892a-5b2f-11f0-a108-005056b6f117; 6b458c5d-e206-11ef-8e2b-005056b6c1cd#ac3989a6-5b2f-11f0-a108-005056b6f117; 6b458c5d-e206-11ef-8e2b-005056b6c1cd#c2c6c807-5b2f-11f0-a108-005056b6f117; 6b458c5d-e206-11ef-8e2b-005056b6c1cd#c2c6c883-5b2f-11f0-a108-005056b6f117; 6b458c5d-e206-11ef-8e2b-005056b6c1cd#a1ca0b24-5b2f-11f0-a108-005056b6f117
178000,https://lubanikishina.com/upload/iblock/c13/sgd34q2pzi8mbu9ggoijgy3903n8nryu.png,Дубленка Ли (LEE) темно-коричневая,FC/LEE/np-kr/brown,1,Интернет магазин,Дубленки,0,Дубленка Ли (LEE) темно-коричневая (44),6b458c5d-e206-11ef-8e2b-005056b6c1cd#c2c6c807-5b2f-11f0-a108-005056b6f117,—,FC/LEE/np-kr/brown,0,2625,1,0,0,2300,https://lubanikishina.com/catalog/dublenki/dublenka_li_lee_temno_korichnevaya/,,—,6b458c5d-e206-11ef-8e2b-005056b6c1cd#ac39892a-5b2f-11f0-a108-005056b6f117; 6b458c5d-e206-11ef-8e2b-005056b6c1cd#ac3989a6-5b2f-11f0-a108-005056b6f117; 6b458c5d-e206-11ef-8e2b-005056b6c1cd#c2c6c807-5b2f-11f0-a108-005056b6f117; 6b458c5d-e206-11ef-8e2b-005056b6c1cd#c2c6c883-5b2f-11f0-a108-005056b6f117; 6b458c5d-e206-11ef-8e2b-005056b6c1cd#a1ca0b24-5b2f-11f0-a108-005056b6f117
178000,https://lubanikishina.com/upload/iblock/c13/sgd34q2pzi8mbu9ggoijgy3903n8nryu.png,Дубленка Ли (LEE) темно-коричневая,FC/LEE/np-kr/brown,1,Интернет магазин,Дубленки,0,Дубленка Ли (LEE) темно-коричневая (46),6b458c5d-e206-11ef-8e2b-005056b6c1cd#c2c6c883-5b2f-11f0-a108-005056b6f117,—,FC/LEE/np-kr/brown,0,2626,1,0,0,2300,https://lubanikishina.com/catalog/dublenki/dublenka_li_lee_temno_korichnevaya/,,—,6b458c5d-e206-11ef-8e2b-005056b6c1cd#ac39892a-5b2f-11f0-a108-005056b6f117; 6b458c5d-e206-11ef-8e2b-005056b6c1cd#ac3989a6-5b2f-11f0-a108-005056b6f117; 6b458c5d-e206-11ef-8e2b-005056b6c1cd#c2c6c807-5b2f-11f0-a108-005056b6f117; 6b458c5d-e206-11ef-8e2b-005056b6c1cd#c2c6c883-5b2f-11f0-a108-005056b6f117; 6b458c5d-e206-11ef-8e2b-005056b6c1cd#a1ca0b24-5b2f-11f0-a108-005056b6f117
178000,https://lubanikishina.com/upload/iblock/c13/sgd34q2pzi8mbu9ggoijgy3903n8nryu.png,Дубленка Ли (LEE) темно-коричневая,FC/LEE/np-kr/brown,1,Интернет магазин,Дубленки,0,Дубленка Ли (LEE) темно-коричневая (38),6b458c5d-e206-11ef-8e2b-005056b6c1cd#a1ca0b24-5b2f-11f0-a108-005056b6f117,—,FC/LEE/np-kr/brown,0,3087,1,0,0,2300,https://lubanikishina.com/catalog/dublenki/dublenka_li_lee_temno_korichnevaya/,,—,6b458c5d-e206-11ef-8e2b-005056b6c1cd#ac39892a-5b2f-11f0-a108-005056b6f117; 6b458c5d-e206-11ef-8e2b-005056b6c1cd#ac3989a6-5b2f-11f0-a108-005056b6f117; 6b458c5d-e206-11ef-8e2b-005056b6c1cd#c2c6c807-5b2f-11f0-a108-005056b6f117; 6b458c5d-e206-11ef-8e2b-005056b6c1cd#c2c6c883-5b2f-11f0-a108-005056b6f117; 6b458c5d-e206-11ef-8e2b-005056b6c1cd#a1ca0b24-5b2f-11f0-a108-005056b6f117
195000,https://lubanikishina.com/upload/iblock/344/4ev50qspsv07z8sjtdybvywrgx5c53n8.jpg,Дубленка Лина (LINA) красная,FC/LINA/np-mr/red,1,Интернет магазин,Дубленки,1,Дубленка Лина (LINA) красная (38),a45a9d6c-9545-11f0-a137-005056b6f117#a1ca0b24-5b2f-11f0-a108-005056b6f117,—,FC/LINA/np-mr/red,0,3103,1,0,0,3102,https://lubanikishina.com/catalog/dublenki/dublenka_lina_lina_krasnaya/,,—,a45a9d6c-9545-11f0-a137-005056b6f117#a1ca0b24-5b2f-11f0-a108-005056b6f117; a45a9d6c-9545-11f0-a137-005056b6f117#ac39892a-5b2f-11f0-a108-005056b6f117; a45a9d6c-9545-11f0-a137-005056b6f117#ac3989a6-5b2f-11f0-a108-005056b6f117; a45a9d6c-9545-11f0-a137-005056b6f117#c2c6c807-5b2f-11f0-a108-005056b6f117; a45a9d6c-9545-11f0-a137-005056b6f117#c2c6c883-5b2f-11f0-a108-005056b6f117
195000,https://lubanikishina.com/upload/iblock/344/4ev50qspsv07z8sjtdybvywrgx5c53n8.jpg,Дубленка Лина (LINA) красная,FC/LINA/np-mr/red,1,Интернет магазин,Дубленки,1,Дубленка Лина (LINA) красная (40),a45a9d6c-9545-11f0-a137-005056b6f117#ac39892a-5b2f-11f0-a108-005056b6f117,—,FC/LINA/np-mr/red,0,3104,1,0,0,3102,https://lubanikishina.com/catalog/dublenki/dublenka_lina_lina_krasnaya/,,—,a45a9d6c-9545-11f0-a137-005056b6f117#a1ca0b24-5b2f-11f0-a108-005056b6f117; a45a9d6c-9545-11f0-a137-005056b6f117#ac39892a-5b2f-11f0-a108-005056b6f117; a45a9d6c-9545-11f0-a137-005056b6f117#ac3989a6-5b2f-11f0-a108-005056b6f117; a45a9d6c-9545-11f0-a137-005056b6f117#c2c6c807-5b2f-11f0-a108-005056b6f117; a45a9d6c-9545-11f0-a137-005056b6f117#c2c6c883-5b2f-11f0-a108-005056b6f117
195000,https://lubanikishina.com/upload/iblock/344/4ev50qspsv07z8sjtdybvywrgx5c53n8.jpg,Дубленка Лина (LINA) красная,FC/LINA/np-mr/red,1,Интернет магазин,Дубленки,1,Дубленка Лина (LINA) красная (42),a45a9d6c-9545-11f0-a137-005056b6f117#ac3989a6-5b2f-11f0-a108-005056b6f117,—,FC/LINA/np-mr/red,0,3105,1,0,0,3102,https://lubanikishina.com/catalog/dublenki/dublenka_lina_lina_krasnaya/,,—,a45a9d6c-9545-11f0-a137-005056b6f117#a1ca0b24-5b2f-11f0-a108-005056b6f117; a45a9d6c-9545-11f0-a137-005056b6f117#ac39892a-5b2f-11f0-a108-005056b6f117; a45a9d6c-9545-11f0-a137-005056b6f117#ac3989a6-5b2f-11f0-a108-005056b6f117; a45a9d6c-9545-11f0-a137-005056b6f117#c2c6c807-5b2f-11f0-a108-005056b6f117; a45a9d6c-9545-11f0-a137-005056b6f117#c2c6c883-5b2f-11f0-a108-005056b6f117
195000,https://lubanikishina.com/upload/iblock/344/4ev50qspsv07z8sjtdybvywrgx5c53n8.jpg,Дубленка Лина (LINA) красная,FC/LINA/np-mr/red,1,Интернет магазин,Дубленки,1,Дубленка Лина (LINA) красная (44),a45a9d6c-9545-11f0-a137-005056b6f117#c2c6c807-5b2f-11f0-a108-005056b6f117,—,FC/LINA/np-mr/red,1,3106,1,0,0,3102,https://lubanikishina.com/catalog/dublenki/dublenka_lina_lina_krasnaya/,,—,a45a9d6c-9545-11f0-a137-005056b6f117#a1ca0b24-5b2f-11f0-a108-005056b6f117; a45a9d6c-9545-11f0-a137-005056b6f117#ac39892a-5b2f-11f0-a108-005056b6f117; a45a9d6c-9545-11f0-a137-005056b6f117#ac3989a6-5b2f-11f0-a108-005056b6f117; a45a9d6c-9545-11f0-a137-005056b6f117#c2c6c807-5b2f-11f0-a108-005056b6f117; a45a9d6c-9545-11f0-a137-005056b6f117#c2c6c883-5b2f-11f0-a108-005056b6f117
195000,https://lubanikishina.com/upload/iblock/344/4ev50qspsv07z8sjtdybvywrgx5c53n8.jpg,Дубленка Лина (LINA) красная,FC/LINA/np-mr/red,1,Интернет магазин,Дубленки,1,Дубленка Лина (LINA) красная (46),a45a9d6c-9545-11f0-a137-005056b6f117#c2c6c883-5b2f-11f0-a108-005056b6f117,—,FC/LINA/np-mr/red,0,3107,1,0,0,3102,https://lubanikishina.com/catalog/dublenki/dublenka_lina_lina_krasnaya/,,—,a45a9d6c-9545-11f0-a137-005056b6f117#a1ca0b24-5b2f-11f0-a108-005056b6f117; a45a9d6c-9545-11f0-a137-005056b6f117#ac39892a-5b2f-11f0-a108-005056b6f117; a45a9d6c-9545-11f0-a137-005056b6f117#ac3989a6-5b2f-11f0-a108-005056b6f117; a45a9d6c-9545-11f0-a137-005056b6f117#c2c6c807-5b2f-11f0-a108-005056b6f117; a45a9d6c-9545-11f0-a137-005056b6f117#c2c6c883-5b2f-11f0-a108-005056b6f117
195000,https://lubanikishina.com/upload/iblock/548/w8iamsrg0v8yzno3zmdbipjfem17nhsr.jpg,Дубленка Лина (LINA) шоколадная,FC/LINA/np-mr/choco,1,Интернет магазин,Дубленки,5,Дубленка Лина (LINA) шоколадная (38),7c30cecd-5ba5-11ef-8e10-005056b6c1cd#a1ca0b24-5b2f-11f0-a108-005056b6f117,—,FC/LINA/np-mr/choco,1,2764,1,0,0,2440,https://lubanikishina.com/catalog/dublenki/dublenka_lina_lina_shokoladnaya/,,—,7c30cecd-5ba5-11ef-8e10-005056b6c1cd#a1ca0b24-5b2f-11f0-a108-005056b6f117; 7c30cecd-5ba5-11ef-8e10-005056b6c1cd#ac39892a-5b2f-11f0-a108-005056b6f117; 7c30cecd-5ba5-11ef-8e10-005056b6c1cd#ac3989a6-5b2f-11f0-a108-005056b6f117; 7c30cecd-5ba5-11ef-8e10-005056b6c1cd#c2c6c807-5b2f-11f0-a108-005056b6f117; 7c30cecd-5ba5-11ef-8e10-005056b6c1cd#c2c6c883-5b2f-11f0-a108-005056b6f117; 7c30cecd-5ba5-11ef-8e10-005056b6c1cd#d092bf7d-5b2f-11f0-a108-005056b6f117
195000,https://lubanikishina.com/upload/iblock/548/w8iamsrg0v8yzno3zmdbipjfem17nhsr.jpg,Дубленка Лина (LINA) шоколадная,FC/LINA/np-mr/choco,1,Интернет магазин,Дубленки,5,Дубленка Лина (LINA) шоколадная (40),7c30cecd-5ba5-11ef-8e10-005056b6c1cd#ac39892a-5b2f-11f0-a108-005056b6f117,—,FC/LINA/np-mr/choco,2,2765,1,0,0,2440,https://lubanikishina.com/catalog/dublenki/dublenka_lina_lina_shokoladnaya/,,—,7c30cecd-5ba5-11ef-8e10-005056b6c1cd#a1ca0b24-5b2f-11f0-a108-005056b6f117; 7c30cecd-5ba5-11ef-8e10-005056b6c1cd#ac39892a-5b2f-11f0-a108-005056b6f117; 7c30cecd-5ba5-11ef-8e10-005056b6c1cd#ac3989a6-5b2f-11f0-a108-005056b6f117; 7c30cecd-5ba5-11ef-8e10-005056b6c1cd#c2c6c807-5b2f-11f0-a108-005056b6f117; 7c30cecd-5ba5-11ef-8e10-005056b6c1cd#c2c6c883-5b2f-11f0-a108-005056b6f117; 7c30cecd-5ba5-11ef-8e10-005056b6c1cd#d092bf7d-5b2f-11f0-a108-005056b6f117
195000,https://lubanikishina.com/upload/iblock/548/w8iamsrg0v8yzno3zmdbipjfem17nhsr.jpg,Дубленка Лина (LINA) шоколадная,FC/LINA/np-mr/choco,1,Интернет магазин,Дубленки,5,Дубленка Лина (LINA) шоколадная (42),7c30cecd-5ba5-11ef-8e10-005056b6c1cd#ac3989a6-5b2f-11f0-a108-005056b6f117,—,FC/LINA/np-mr/choco,2,2766,1,0,0,2440,https://lubanikishina.com/catalog/dublenki/dublenka_lina_lina_shokoladnaya/,,—,7c30cecd-5ba5-11ef-8e10-005056b6c1cd#a1ca0b24-5b2f-11f0-a108-005056b6f117; 7c30cecd-5ba5-11ef-8e10-005056b6c1cd#ac39892a-5b2f-11f0-a108-005056b6f117; 7c30cecd-5ba5-11ef-8e10-005056b6c1cd#ac3989a6-5b2f-11f0-a108-005056b6f117; 7c30cecd-5ba5-11ef-8e10-005056b6c1cd#c2c6c807-5b2f-11f0-a108-005056b6f117; 7c30cecd-5ba5-11ef-8e10-005056b6c1cd#c2c6c883-5b2f-11f0-a108-005056b6f117; 7c30cecd-5ba5-11ef-8e10-005056b6c1cd#d092bf7d-5b2f-11f0-a108-005056b6f117
195000,https://lubanikishina.com/upload/iblock/548/w8iamsrg0v8yzno3zmdbipjfem17nhsr.jpg,Дубленка Лина (LINA) шоколадная,FC/LINA/np-mr/choco,1,Интернет магазин,Дубленки,5,Дубленка Лина (LINA) шоколадная (44),7c30cecd-5ba5-11ef-8e10-005056b6c1cd#c2c6c807-5b2f-11f0-a108-005056b6f117,—,FC/LINA/np-mr/choco,0,2767,1,0,0,2440,https://lubanikishina.com/catalog/dublenki/dublenka_lina_lina_shokoladnaya/,,—,7c30cecd-5ba5-11ef-8e10-005056b6c1cd#a1ca0b24-5b2f-11f0-a108-005056b6f117; 7c30cecd-5ba5-11ef-8e10-005056b6c1cd#ac39892a-5b2f-11f0-a108-005056b6f117; 7c30cecd-5ba5-11ef-8e10-005056b6c1cd#ac3989a6-5b2f-11f0-a108-005056b6f117; 7c30cecd-5ba5-11ef-8e10-005056b6c1cd#c2c6c807-5b2f-11f0-a108-005056b6f117; 7c30cecd-5ba5-11ef-8e10-005056b6c1cd#c2c6c883-5b2f-11f0-a108-005056b6f117; 7c30cecd-5ba5-11ef-8e10-005056b6c1cd#d092bf7d-5b2f-11f0-a108-005056b6f117
195000,https://lubanikishina.com/upload/iblock/548/w8iamsrg0v8yzno3zmdbipjfem17nhsr.jpg,Дубленка Лина (LINA) шоколадная,FC/LINA/np-mr/choco,1,Интернет магазин,Дубленки,5,Дубленка Лина (LINA) шоколадная (46),7c30cecd-5ba5-11ef-8e10-005056b6c1cd#c2c6c883-5b2f-11f0-a108-005056b6f117,—,FC/LINA/np-mr/choco,0,2768,1,0,0,2440,https://lubanikishina.com/catalog/dublenki/dublenka_lina_lina_shokoladnaya/,,—,7c30cecd-5ba5-11ef-8e10-005056b6c1cd#a1ca0b24-5b2f-11f0-a108-005056b6f117; 7c30cecd-5ba5-11ef-8e10-005056b6c1cd#ac39892a-5b2f-11f0-a108-005056b6f117; 7c30cecd-5ba5-11ef-8e10-005056b6c1cd#ac3989a6-5b2f-11f0-a108-005056b6f117; 7c30cecd-5ba5-11ef-8e10-005056b6c1cd#c2c6c807-5b2f-11f0-a108-005056b6f117; 7c30cecd-5ba5-11ef-8e10-005056b6c1cd#c2c6c883-5b2f-11f0-a108-005056b6f117; 7c30cecd-5ba5-11ef-8e10-005056b6c1cd#d092bf7d-5b2f-11f0-a108-005056b6f117
234000,https://lubanikishina.com/upload/iblock/548/w8iamsrg0v8yzno3zmdbipjfem17nhsr.jpg,Дубленка Лина (LINA) шоколадная,FC/LINA/np-mr/choco,1,Интернет магазин,Дубленки,5,Дубленка Лина (LINA) шоколадная (54),7c30cecd-5ba5-11ef-8e10-005056b6c1cd#d092bf7d-5b2f-11f0-a108-005056b6f117,—,FC/LINA/np-mr/choco,0,3182,1,0,0,2440,https://lubanikishina.com/catalog/dublenki/dublenka_lina_lina_shokoladnaya/,,—,7c30cecd-5ba5-11ef-8e10-005056b6c1cd#a1ca0b24-5b2f-11f0-a108-005056b6f117; 7c30cecd-5ba5-11ef-8e10-005056b6c1cd#ac39892a-5b2f-11f0-a108-005056b6f117; 7c30cecd-5ba5-11ef-8e10-005056b6c1cd#ac3989a6-5b2f-11f0-a108-005056b6f117; 7c30cecd-5ba5-11ef-8e10-005056b6c1cd#c2c6c807-5b2f-11f0-a108-005056b6f117; 7c30cecd-5ba5-11ef-8e10-005056b6c1cd#c2c6c883-5b2f-11f0-a108-005056b6f117; 7c30cecd-5ba5-11ef-8e10-005056b6c1cd#d092bf7d-5b2f-11f0-a108-005056b6f117
245000,https://lubanikishina.com/upload/iblock/340/pb99353o8k5g4ygfobymhvq6qnw2sv79.png,Дубленка Луна (LUNA) оливковая,FC/LUNA/zm-tg/greenstone,1,Интернет магазин,Дубленки,0,Дубленка Луна (LUNA) оливковая (38),51363151-79ef-11f0-a124-005056b6f117#a1ca0b24-5b2f-11f0-a108-005056b6f117,—,FC/LUNA/zm-tg/greenstone,0,2779,1,0,0,2775,https://lubanikishina.com/catalog/dublenki/dublenka_luna_luna_olivkovaya/,,—,51363151-79ef-11f0-a124-005056b6f117#a1ca0b24-5b2f-11f0-a108-005056b6f117; 51363151-79ef-11f0-a124-005056b6f117#ac39892a-5b2f-11f0-a108-005056b6f117; 51363151-79ef-11f0-a124-005056b6f117#ac3989a6-5b2f-11f0-a108-005056b6f117; 51363151-79ef-11f0-a124-005056b6f117#c2c6c807-5b2f-11f0-a108-005056b6f117; 51363151-79ef-11f0-a124-005056b6f117#c2c6c883-5b2f-11f0-a108-005056b6f117
245000,https://lubanikishina.com/upload/iblock/340/pb99353o8k5g4ygfobymhvq6qnw2sv79.png,Дубленка Луна (LUNA) оливковая,FC/LUNA/zm-tg/greenstone,1,Интернет магазин,Дубленки,0,Дубленка Луна (LUNA) оливковая (40),51363151-79ef-11f0-a124-005056b6f117#ac39892a-5b2f-11f0-a108-005056b6f117,—,FC/LUNA/zm-tg/greenstone,0,2783,1,0,0,2775,https://lubanikishina.com/catalog/dublenki/dublenka_luna_luna_olivkovaya/,,—,51363151-79ef-11f0-a124-005056b6f117#a1ca0b24-5b2f-11f0-a108-005056b6f117; 51363151-79ef-11f0-a124-005056b6f117#ac39892a-5b2f-11f0-a108-005056b6f117; 51363151-79ef-11f0-a124-005056b6f117#ac3989a6-5b2f-11f0-a108-005056b6f117; 51363151-79ef-11f0-a124-005056b6f117#c2c6c807-5b2f-11f0-a108-005056b6f117; 51363151-79ef-11f0-a124-005056b6f117#c2c6c883-5b2f-11f0-a108-005056b6f117
245000,https://lubanikishina.com/upload/iblock/340/pb99353o8k5g4ygfobymhvq6qnw2sv79.png,Дубленка Луна (LUNA) оливковая,FC/LUNA/zm-tg/greenstone,1,Интернет магазин,Дубленки,0,Дубленка Луна (LUNA) оливковая (42),51363151-79ef-11f0-a124-005056b6f117#ac3989a6-5b2f-11f0-a108-005056b6f117,—,FC/LUNA/zm-tg/greenstone,0,2787,1,0,0,2775,https://lubanikishina.com/catalog/dublenki/dublenka_luna_luna_olivkovaya/,,—,51363151-79ef-11f0-a124-005056b6f117#a1ca0b24-5b2f-11f0-a108-005056b6f117; 51363151-79ef-11f0-a124-005056b6f117#ac39892a-5b2f-11f0-a108-005056b6f117; 51363151-79ef-11f0-a124-005056b6f117#ac3989a6-5b2f-11f0-a108-005056b6f117; 51363151-79ef-11f0-a124-005056b6f117#c2c6c807-5b2f-11f0-a108-005056b6f117; 51363151-79ef-11f0-a124-005056b6f117#c2c6c883-5b2f-11f0-a108-005056b6f117
245000,https://lubanikishina.com/upload/iblock/340/pb99353o8k5g4ygfobymhvq6qnw2sv79.png,Дубленка Луна (LUNA) оливковая,FC/LUNA/zm-tg/greenstone,1,Интернет магазин,Дубленки,0,Дубленка Луна (LUNA) оливковая (44),51363151-79ef-11f0-a124-005056b6f117#c2c6c807-5b2f-11f0-a108-005056b6f117,—,FC/LUNA/zm-tg/greenstone,0,2791,1,0,0,2775,https://lubanikishina.com/catalog/dublenki/dublenka_luna_luna_olivkovaya/,,—,51363151-79ef-11f0-a124-005056b6f117#a1ca0b24-5b2f-11f0-a108-005056b6f117; 51363151-79ef-11f0-a124-005056b6f117#ac39892a-5b2f-11f0-a108-005056b6f117; 51363151-79ef-11f0-a124-005056b6f117#ac3989a6-5b2f-11f0-a108-005056b6f117; 51363151-79ef-11f0-a124-005056b6f117#c2c6c807-5b2f-11f0-a108-005056b6f117; 51363151-79ef-11f0-a124-005056b6f117#c2c6c883-5b2f-11f0-a108-005056b6f117
245000,https://lubanikishina.com/upload/iblock/340/pb99353o8k5g4ygfobymhvq6qnw2sv79.png,Дубленка Луна (LUNA) оливковая,FC/LUNA/zm-tg/greenstone,1,Интернет магазин,Дубленки,0,Дубленка Луна (LUNA) оливковая (46),51363151-79ef-11f0-a124-005056b6f117#c2c6c883-5b2f-11f0-a108-005056b6f117,—,FC/LUNA/zm-tg/greenstone,0,2795,1,0,0,2775,https://lubanikishina.com/catalog/dublenki/dublenka_luna_luna_olivkovaya/,,—,51363151-79ef-11f0-a124-005056b6f117#a1ca0b24-5b2f-11f0-a108-005056b6f117; 51363151-79ef-11f0-a124-005056b6f117#ac39892a-5b2f-11f0-a108-005056b6f117; 51363151-79ef-11f0-a124-005056b6f117#ac3989a6-5b2f-11f0-a108-005056b6f117; 51363151-79ef-11f0-a124-005056b6f117#c2c6c807-5b2f-11f0-a108-005056b6f117; 51363151-79ef-11f0-a124-005056b6f117#c2c6c883-5b2f-11f0-a108-005056b6f117
245000,https://lubanikishina.com/upload/iblock/2fa/gh1mm35u50qmsrczv8ikhem1ko0wcc6y.png,Дубленка Луна (LUNA) темно-коричневая,FC/LUNA/zm-tg/d-brown,1,Интернет магазин,Дубленки,0,Дубленка Луна (LUNA) темно-коричневая (40),48b034d5-7d10-11f0-a12c-005056b6f117#ac39892a-5b2f-11f0-a108-005056b6f117,—,FC/LUNA/zm-tg/d-brown,0,2826,1,0,0,2824,https://lubanikishina.com/catalog/dublenki/dublenka_luna_luna_temno_korichnevaya/,,—,48b034d5-7d10-11f0-a12c-005056b6f117#ac39892a-5b2f-11f0-a108-005056b6f117; 48b034d5-7d10-11f0-a12c-005056b6f117#ac3989a6-5b2f-11f0-a108-005056b6f117; 48b034d5-7d10-11f0-a12c-005056b6f117#c2c6c807-5b2f-11f0-a108-005056b6f117; 48b034d5-7d10-11f0-a12c-005056b6f117#c2c6c883-5b2f-11f0-a108-005056b6f117
245000,https://lubanikishina.com/upload/iblock/2fa/gh1mm35u50qmsrczv8ikhem1ko0wcc6y.png,Дубленка Луна (LUNA) темно-коричневая,FC/LUNA/zm-tg/d-brown,1,Интернет магазин,Дубленки,0,Дубленка Луна (LUNA) темно-коричневая (42),48b034d5-7d10-11f0-a12c-005056b6f117#ac3989a6-5b2f-11f0-a108-005056b6f117,—,FC/LUNA/zm-tg/d-brown,0,2828,1,0,0,2824,https://lubanikishina.com/catalog/dublenki/dublenka_luna_luna_temno_korichnevaya/,,—,48b034d5-7d10-11f0-a12c-005056b6f117#ac39892a-5b2f-11f0-a108-005056b6f117; 48b034d5-7d10-11f0-a12c-005056b6f117#ac3989a6-5b2f-11f0-a108-005056b6f117; 48b034d5-7d10-11f0-a12c-005056b6f117#c2c6c807-5b2f-11f0-a108-005056b6f117; 48b034d5-7d10-11f0-a12c-005056b6f117#c2c6c883-5b2f-11f0-a108-005056b6f117
245000,https://lubanikishina.com/upload/iblock/2fa/gh1mm35u50qmsrczv8ikhem1ko0wcc6y.png,Дубленка Луна (LUNA) темно-коричневая,FC/LUNA/zm-tg/d-brown,1,Интернет магазин,Дубленки,0,Дубленка Луна (LUNA) темно-коричневая (44),48b034d5-7d10-11f0-a12c-005056b6f117#c2c6c807-5b2f-11f0-a108-005056b6f117,—,FC/LUNA/zm-tg/d-brown,0,2830,1,0,0,2824,https://lubanikishina.com/catalog/dublenki/dublenka_luna_luna_temno_korichnevaya/,,—,48b034d5-7d10-11f0-a12c-005056b6f117#ac39892a-5b2f-11f0-a108-005056b6f117; 48b034d5-7d10-11f0-a12c-005056b6f117#ac3989a6-5b2f-11f0-a108-005056b6f117; 48b034d5-7d10-11f0-a12c-005056b6f117#c2c6c807-5b2f-11f0-a108-005056b6f117; 48b034d5-7d10-11f0-a12c-005056b6f117#c2c6c883-5b2f-11f0-a108-005056b6f117
245000,https://lubanikishina.com/upload/iblock/2fa/gh1mm35u50qmsrczv8ikhem1ko0wcc6y.png,Дубленка Луна (LUNA) темно-коричневая,FC/LUNA/zm-tg/d-brown,1,Интернет магазин,Дубленки,0,Дубленка Луна (LUNA) темно-коричневая (46),48b034d5-7d10-11f0-a12c-005056b6f117#c2c6c883-5b2f-11f0-a108-005056b6f117,—,FC/LUNA/zm-tg/d-brown,0,2832,1,0,0,2824,https://lubanikishina.com/catalog/dublenki/dublenka_luna_luna_temno_korichnevaya/,,—,48b034d5-7d10-11f0-a12c-005056b6f117#ac39892a-5b2f-11f0-a108-005056b6f117; 48b034d5-7d10-11f0-a12c-005056b6f117#ac3989a6-5b2f-11f0-a108-005056b6f117; 48b034d5-7d10-11f0-a12c-005056b6f117#c2c6c807-5b2f-11f0-a108-005056b6f117; 48b034d5-7d10-11f0-a12c-005056b6f117#c2c6c883-5b2f-11f0-a108-005056b6f117
245000,https://lubanikishina.com/upload/iblock/c5c/3osf8xqsn1q9ocrlcqthqkc5znc52xyv.jpg,Дубленка Луна (LUNA) чёрная,FC/LUNA/zam-tg/black,1,Интернет магазин,Дубленки,0,Дубленка Луна (LUNA) чёрная (38),cbb59be8-1758-11ef-8e0e-005056b6c1cd#a1ca0b24-5b2f-11f0-a108-005056b6f117,—,FC/LUNA/zam-tg/black,0,2942,1,0,0,2941,https://lubanikishina.com/catalog/dublenki/dublenka_luna_luna_chyernaya/,,—,cbb59be8-1758-11ef-8e0e-005056b6c1cd#a1ca0b24-5b2f-11f0-a108-005056b6f117; cbb59be8-1758-11ef-8e0e-005056b6c1cd#ac39892a-5b2f-11f0-a108-005056b6f117; cbb59be8-1758-11ef-8e0e-005056b6c1cd#ac3989a6-5b2f-11f0-a108-005056b6f117; cbb59be8-1758-11ef-8e0e-005056b6c1cd#c2c6c807-5b2f-11f0-a108-005056b6f117
245000,https://lubanikishina.com/upload/iblock/c5c/3osf8xqsn1q9ocrlcqthqkc5znc52xyv.jpg,Дубленка Луна (LUNA) чёрная,FC/LUNA/zam-tg/black,1,Интернет магазин,Дубленки,0,Дубленка Луна (LUNA) чёрная (40),cbb59be8-1758-11ef-8e0e-005056b6c1cd#ac39892a-5b2f-11f0-a108-005056b6f117,—,FC/LUNA/zam-tg/black,0,2943,1,0,0,2941,https://lubanikishina.com/catalog/dublenki/dublenka_luna_luna_chyernaya/,,—,cbb59be8-1758-11ef-8e0e-005056b6c1cd#a1ca0b24-5b2f-11f0-a108-005056b6f117; cbb59be8-1758-11ef-8e0e-005056b6c1cd#ac39892a-5b2f-11f0-a108-005056b6f117; cbb59be8-1758-11ef-8e0e-005056b6c1cd#ac3989a6-5b2f-11f0-a108-005056b6f117; cbb59be8-1758-11ef-8e0e-005056b6c1cd#c2c6c807-5b2f-11f0-a108-005056b6f117
245000,https://lubanikishina.com/upload/iblock/c5c/3osf8xqsn1q9ocrlcqthqkc5znc52xyv.jpg,Дубленка Луна (LUNA) чёрная,FC/LUNA/zam-tg/black,1,Интернет магазин,Дубленки,0,Дубленка Луна (LUNA) чёрная (42),cbb59be8-1758-11ef-8e0e-005056b6c1cd#ac3989a6-5b2f-11f0-a108-005056b6f117,—,FC/LUNA/zam-tg/black,0,2944,1,0,0,2941,https://lubanikishina.com/catalog/dublenki/dublenka_luna_luna_chyernaya/,,—,cbb59be8-1758-11ef-8e0e-005056b6c1cd#a1ca0b24-5b2f-11f0-a108-005056b6f117; cbb59be8-1758-11ef-8e0e-005056b6c1cd#ac39892a-5b2f-11f0-a108-005056b6f117; cbb59be8-1758-11ef-8e0e-005056b6c1cd#ac3989a6-5b2f-11f0-a108-005056b6f117; cbb59be8-1758-11ef-8e0e-005056b6c1cd#c2c6c807-5b2f-11f0-a108-005056b6f117
245000,https://lubanikishina.com/upload/iblock/c5c/3osf8xqsn1q9ocrlcqthqkc5znc52xyv.jpg,Дубленка Луна (LUNA) чёрная,FC/LUNA/zam-tg/black,1,Интернет магазин,Дубленки,0,Дубленка Луна (LUNA) чёрная (44),cbb59be8-1758-11ef-8e0e-005056b6c1cd#c2c6c807-5b2f-11f0-a108-005056b6f117,—,FC/LUNA/zam-tg/black,0,2945,1,0,0,2941,https://lubanikishina.com/catalog/dublenki/dublenka_luna_luna_chyernaya/,,—,cbb59be8-1758-11ef-8e0e-005056b6c1cd#a1ca0b24-5b2f-11f0-a108-005056b6f117; cbb59be8-1758-11ef-8e0e-005056b6c1cd#ac39892a-5b2f-11f0-a108-005056b6f117; cbb59be8-1758-11ef-8e0e-005056b6c1cd#ac3989a6-5b2f-11f0-a108-005056b6f117; cbb59be8-1758-11ef-8e0e-005056b6c1cd#c2c6c807-5b2f-11f0-a108-005056b6f117
185000,https://lubanikishina.com/upload/iblock/5ce/19lhc4lby6jk0eotrqa7tj58uudvslqd.jpg,Дубленка Микх (MIKH) бордовая,FC/MIKH/np-mr/vine,1,Интернет магазин,Дубленки,0,Дубленка Микх (MIKH) бордовая (50),7c30cec1-5ba5-11ef-8e10-005056b6c1cd#cd835433-5b2f-11f0-a108-005056b6f117,—,FC/MIKH/np-mr/vine,0,2654,1,0,0,2067,https://lubanikishina.com/catalog/dublenki/dublenka_mikkh_mikh_bordovaya/,,—,7c30cec1-5ba5-11ef-8e10-005056b6c1cd#cd835433-5b2f-11f0-a108-005056b6f117; 7c30cec1-5ba5-11ef-8e10-005056b6c1cd#ac3989a6-5b2f-11f0-a108-005056b6f117; 7c30cec1-5ba5-11ef-8e10-005056b6c1cd#c2c6c807-5b2f-11f0-a108-005056b6f117; 7c30cec1-5ba5-11ef-8e10-005056b6c1cd#c2c6c883-5b2f-11f0-a108-005056b6f117; 7c30cec1-5ba5-11ef-8e10-005056b6c1cd#ca662e20-5b2f-11f0-a108-005056b6f117
185000,https://lubanikishina.com/upload/iblock/5ce/19lhc4lby6jk0eotrqa7tj58uudvslqd.jpg,Дубленка Микх (MIKH) бордовая,FC/MIKH/np-mr/vine,1,Интернет магазин,Дубленки,0,Дубленка Микх (MIKH) бордовая (42),7c30cec1-5ba5-11ef-8e10-005056b6c1cd#ac3989a6-5b2f-11f0-a108-005056b6f117,—,FC/MIKH/np-mr/vine,0,2650,1,0,0,2067,https://lubanikishina.com/catalog/dublenki/dublenka_mikkh_mikh_bordovaya/,,—,7c30cec1-5ba5-11ef-8e10-005056b6c1cd#cd835433-5b2f-11f0-a108-005056b6f117; 7c30cec1-5ba5-11ef-8e10-005056b6c1cd#ac3989a6-5b2f-11f0-a108-005056b6f117; 7c30cec1-5ba5-11ef-8e10-005056b6c1cd#c2c6c807-5b2f-11f0-a108-005056b6f117; 7c30cec1-5ba5-11ef-8e10-005056b6c1cd#c2c6c883-5b2f-11f0-a108-005056b6f117; 7c30cec1-5ba5-11ef-8e10-005056b6c1cd#ca662e20-5b2f-11f0-a108-005056b6f117
185000,https://lubanikishina.com/upload/iblock/5ce/19lhc4lby6jk0eotrqa7tj58uudvslqd.jpg,Дубленка Микх (MIKH) бордовая,FC/MIKH/np-mr/vine,1,Интернет магазин,Дубленки,0,Дубленка Микх (MIKH) бордовая (44),7c30cec1-5ba5-11ef-8e10-005056b6c1cd#c2c6c807-5b2f-11f0-a108-005056b6f117,—,FC/MIKH/np-mr/vine,0,2651,1,0,0,2067,https://lubanikishina.com/catalog/dublenki/dublenka_mikkh_mikh_bordovaya/,,—,7c30cec1-5ba5-11ef-8e10-005056b6c1cd#cd835433-5b2f-11f0-a108-005056b6f117; 7c30cec1-5ba5-11ef-8e10-005056b6c1cd#ac3989a6-5b2f-11f0-a108-005056b6f117; 7c30cec1-5ba5-11ef-8e10-005056b6c1cd#c2c6c807-5b2f-11f0-a108-005056b6f117; 7c30cec1-5ba5-11ef-8e10-005056b6c1cd#c2c6c883-5b2f-11f0-a108-005056b6f117; 7c30cec1-5ba5-11ef-8e10-005056b6c1cd#ca662e20-5b2f-11f0-a108-005056b6f117
185000,https://lubanikishina.com/upload/iblock/5ce/19lhc4lby6jk0eotrqa7tj58uudvslqd.jpg,Дубленка Микх (MIKH) бордовая,FC/MIKH/np-mr/vine,1,Интернет магазин,Дубленки,0,Дубленка Микх (MIKH) бордовая (46),7c30cec1-5ba5-11ef-8e10-005056b6c1cd#c2c6c883-5b2f-11f0-a108-005056b6f117,—,FC/MIKH/np-mr/vine,0,2652,1,0,0,2067,https://lubanikishina.com/catalog/dublenki/dublenka_mikkh_mikh_bordovaya/,,—,7c30cec1-5ba5-11ef-8e10-005056b6c1cd#cd835433-5b2f-11f0-a108-005056b6f117; 7c30cec1-5ba5-11ef-8e10-005056b6c1cd#ac3989a6-5b2f-11f0-a108-005056b6f117; 7c30cec1-5ba5-11ef-8e10-005056b6c1cd#c2c6c807-5b2f-11f0-a108-005056b6f117; 7c30cec1-5ba5-11ef-8e10-005056b6c1cd#c2c6c883-5b2f-11f0-a108-005056b6f117; 7c30cec1-5ba5-11ef-8e10-005056b6c1cd#ca662e20-5b2f-11f0-a108-005056b6f117
185000,https://lubanikishina.com/upload/iblock/5ce/19lhc4lby6jk0eotrqa7tj58uudvslqd.jpg,Дубленка Микх (MIKH) бордовая,FC/MIKH/np-mr/vine,1,Интернет магазин,Дубленки,0,Дубленка Микх (MIKH) бордовая (48),7c30cec1-5ba5-11ef-8e10-005056b6c1cd#ca662e20-5b2f-11f0-a108-005056b6f117,—,FC/MIKH/np-mr/vine,0,2653,1,0,0,2067,https://lubanikishina.com/catalog/dublenki/dublenka_mikkh_mikh_bordovaya/,,—,7c30cec1-5ba5-11ef-8e10-005056b6c1cd#cd835433-5b2f-11f0-a108-005056b6f117; 7c30cec1-5ba5-11ef-8e10-005056b6c1cd#ac3989a6-5b2f-11f0-a108-005056b6f117; 7c30cec1-5ba5-11ef-8e10-005056b6c1cd#c2c6c807-5b2f-11f0-a108-005056b6f117; 7c30cec1-5ba5-11ef-8e10-005056b6c1cd#c2c6c883-5b2f-11f0-a108-005056b6f117; 7c30cec1-5ba5-11ef-8e10-005056b6c1cd#ca662e20-5b2f-11f0-a108-005056b6f117
185000,https://lubanikishina.com/upload/iblock/b7c/vfyx495o84occaddnpzle2c7f5b0ncpz.jpg,Дубленка Микх (MIKH) светло-бежевая,FC/MIKH/zm-mr/lightbeige,1,Интернет магазин,Дубленки,1,Дубленка Микх (MIKH) светло-бежевая (42),14a8db6d-9da5-11ef-8e10-005056b6c1cd#ac3989a6-5b2f-11f0-a108-005056b6f117,—,FC/MIKH/zm-mr/lightbeige,1,2741,1,0,0,2188,https://lubanikishina.com/catalog/dublenki/dublenka_mikkh_mikh_svetlo_bezhevaya/,,—,14a8db6d-9da5-11ef-8e10-005056b6c1cd#ac3989a6-5b2f-11f0-a108-005056b6f117; 14a8db6d-9da5-11ef-8e10-005056b6c1cd#c2c6c807-5b2f-11f0-a108-005056b6f117; 14a8db6d-9da5-11ef-8e10-005056b6c1cd#ac39892a-5b2f-11f0-a108-005056b6f117; 14a8db6d-9da5-11ef-8e10-005056b6c1cd#c2c6c883-5b2f-11f0-a108-005056b6f117
185000,https://lubanikishina.com/upload/iblock/b7c/vfyx495o84occaddnpzle2c7f5b0ncpz.jpg,Дубленка Микх (MIKH) светло-бежевая,FC/MIKH/zm-mr/lightbeige,1,Интернет магазин,Дубленки,1,Дубленка Микх (MIKH) светло-бежевая (44),14a8db6d-9da5-11ef-8e10-005056b6c1cd#c2c6c807-5b2f-11f0-a108-005056b6f117,—,FC/MIKH/zm-mr/lightbeige,0,2742,1,0,0,2188,https://lubanikishina.com/catalog/dublenki/dublenka_mikkh_mikh_svetlo_bezhevaya/,,—,14a8db6d-9da5-11ef-8e10-005056b6c1cd#ac3989a6-5b2f-11f0-a108-005056b6f117; 14a8db6d-9da5-11ef-8e10-005056b6c1cd#c2c6c807-5b2f-11f0-a108-005056b6f117; 14a8db6d-9da5-11ef-8e10-005056b6c1cd#ac39892a-5b2f-11f0-a108-005056b6f117; 14a8db6d-9da5-11ef-8e10-005056b6c1cd#c2c6c883-5b2f-11f0-a108-005056b6f117
185000,https://lubanikishina.com/upload/iblock/b7c/vfyx495o84occaddnpzle2c7f5b0ncpz.jpg,Дубленка Микх (MIKH) светло-бежевая,FC/MIKH/zm-mr/lightbeige,1,Интернет магазин,Дубленки,1,Дубленка Микх (MIKH) светло-бежевая (40),14a8db6d-9da5-11ef-8e10-005056b6c1cd#ac39892a-5b2f-11f0-a108-005056b6f117,—,FC/MIKH/zm-mr/lightbeige,0,2740,1,0,0,2188,https://lubanikishina.com/catalog/dublenki/dublenka_mikkh_mikh_svetlo_bezhevaya/,,—,14a8db6d-9da5-11ef-8e10-005056b6c1cd#ac3989a6-5b2f-11f0-a108-005056b6f117; 14a8db6d-9da5-11ef-8e10-005056b6c1cd#c2c6c807-5b2f-11f0-a108-005056b6f117; 14a8db6d-9da5-11ef-8e10-005056b6c1cd#ac39892a-5b2f-11f0-a108-005056b6f117; 14a8db6d-9da5-11ef-8e10-005056b6c1cd#c2c6c883-5b2f-11f0-a108-005056b6f117
185000,https://lubanikishina.com/upload/iblock/b7c/vfyx495o84occaddnpzle2c7f5b0ncpz.jpg,Дубленка Микх (MIKH) светло-бежевая,FC/MIKH/zm-mr/lightbeige,1,Интернет магазин,Дубленки,1,Дубленка Микх (MIKH) светло-бежевая (46),14a8db6d-9da5-11ef-8e10-005056b6c1cd#c2c6c883-5b2f-11f0-a108-005056b6f117,—,FC/MIKH/zm-mr/lightbeige,0,2743,1,0,0,2188,https://lubanikishina.com/catalog/dublenki/dublenka_mikkh_mikh_svetlo_bezhevaya/,,—,14a8db6d-9da5-11ef-8e10-005056b6c1cd#ac3989a6-5b2f-11f0-a108-005056b6f117; 14a8db6d-9da5-11ef-8e10-005056b6c1cd#c2c6c807-5b2f-11f0-a108-005056b6f117; 14a8db6d-9da5-11ef-8e10-005056b6c1cd#ac39892a-5b2f-11f0-a108-005056b6f117; 14a8db6d-9da5-11ef-8e10-005056b6c1cd#c2c6c883-5b2f-11f0-a108-005056b6f117
185000,https://lubanikishina.com/upload/iblock/af4/16z3266tcdlmrwp6ahd5huw156m00svo.jpg,Дубленка Микх (MIKH) светло-серая,FC/MIKH/zm-mr/lightgrey,1,Интернет магазин,Дубленки,1,Дубленка Микх (MIKH) светло-серая (40),14a8db6f-9da5-11ef-8e10-005056b6c1cd#ac39892a-5b2f-11f0-a108-005056b6f117,—,FC/MIKH/zm-mr/lightgrey,0,2748,1,0,0,2189,https://lubanikishina.com/catalog/dublenki/dublenka_mikkh_mikh_svetlo_seraya/,,—,14a8db6f-9da5-11ef-8e10-005056b6c1cd#ac39892a-5b2f-11f0-a108-005056b6f117; 14a8db6f-9da5-11ef-8e10-005056b6c1cd#ac3989a6-5b2f-11f0-a108-005056b6f117; 14a8db6f-9da5-11ef-8e10-005056b6c1cd#c2c6c807-5b2f-11f0-a108-005056b6f117; 14a8db6f-9da5-11ef-8e10-005056b6c1cd#c2c6c883-5b2f-11f0-a108-005056b6f117
185000,https://lubanikishina.com/upload/iblock/af4/16z3266tcdlmrwp6ahd5huw156m00svo.jpg,Дубленка Микх (MIKH) светло-серая,FC/MIKH/zm-mr/lightgrey,1,Интернет магазин,Дубленки,1,Дубленка Микх (MIKH) светло-серая (42),14a8db6f-9da5-11ef-8e10-005056b6c1cd#ac3989a6-5b2f-11f0-a108-005056b6f117,—,FC/MIKH/zm-mr/lightgrey,1,2749,1,0,0,2189,https://lubanikishina.com/catalog/dublenki/dublenka_mikkh_mikh_svetlo_seraya/,,—,14a8db6f-9da5-11ef-8e10-005056b6c1cd#ac39892a-5b2f-11f0-a108-005056b6f117; 14a8db6f-9da5-11ef-8e10-005056b6c1cd#ac3989a6-5b2f-11f0-a108-005056b6f117; 14a8db6f-9da5-11ef-8e10-005056b6c1cd#c2c6c807-5b2f-11f0-a108-005056b6f117; 14a8db6f-9da5-11ef-8e10-005056b6c1cd#c2c6c883-5b2f-11f0-a108-005056b6f117
185000,https://lubanikishina.com/upload/iblock/af4/16z3266tcdlmrwp6ahd5huw156m00svo.jpg,Дубленка Микх (MIKH) светло-серая,FC/MIKH/zm-mr/lightgrey,1,Интернет магазин,Дубленки,1,Дубленка Микх (MIKH) светло-серая (44),14a8db6f-9da5-11ef-8e10-005056b6c1cd#c2c6c807-5b2f-11f0-a108-005056b6f117,—,FC/MIKH/zm-mr/lightgrey,0,2750,1,0,0,2189,https://lubanikishina.com/catalog/dublenki/dublenka_mikkh_mikh_svetlo_seraya/,,—,14a8db6f-9da5-11ef-8e10-005056b6c1cd#ac39892a-5b2f-11f0-a108-005056b6f117; 14a8db6f-9da5-11ef-8e10-005056b6c1cd#ac3989a6-5b2f-11f0-a108-005056b6f117; 14a8db6f-9da5-11ef-8e10-005056b6c1cd#c2c6c807-5b2f-11f0-a108-005056b6f117; 14a8db6f-9da5-11ef-8e10-005056b6c1cd#c2c6c883-5b2f-11f0-a108-005056b6f117
185000,https://lubanikishina.com/upload/iblock/af4/16z3266tcdlmrwp6ahd5huw156m00svo.jpg,Дубленка Микх (MIKH) светло-серая,FC/MIKH/zm-mr/lightgrey,1,Интернет магазин,Дубленки,1,Дубленка Микх (MIKH) светло-серая (46),14a8db6f-9da5-11ef-8e10-005056b6c1cd#c2c6c883-5b2f-11f0-a108-005056b6f117,—,FC/MIKH/zm-mr/lightgrey,0,2751,1,0,0,2189,https://lubanikishina.com/catalog/dublenki/dublenka_mikkh_mikh_svetlo_seraya/,,—,14a8db6f-9da5-11ef-8e10-005056b6c1cd#ac39892a-5b2f-11f0-a108-005056b6f117; 14a8db6f-9da5-11ef-8e10-005056b6c1cd#ac3989a6-5b2f-11f0-a108-005056b6f117; 14a8db6f-9da5-11ef-8e10-005056b6c1cd#c2c6c807-5b2f-11f0-a108-005056b6f117; 14a8db6f-9da5-11ef-8e10-005056b6c1cd#c2c6c883-5b2f-11f0-a108-005056b6f117
185000,https://lubanikishina.com/upload/iblock/74c/pv02kkqosp2l2ab9lxfn4lwffafhovyc.jpg,Дубленка Микх (MIKH) темно-серая,FC/MIKH/np-kr/dgrey,1,Интернет магазин,Дубленки,1,Дубленка Микх (MIKH) темно-серая (40),cbb59be9-1758-11ef-8e0e-005056b6c1cd#ac39892a-5b2f-11f0-a108-005056b6f117,—,FC/MIKH/np-kr/dgrey,0,2735,1,0,0,1916,https://lubanikishina.com/catalog/dublenki/dublenka_mikkh_mikh_temno_seraya/,,—,cbb59be9-1758-11ef-8e0e-005056b6c1cd#ac39892a-5b2f-11f0-a108-005056b6f117; cbb59be9-1758-11ef-8e0e-005056b6c1cd#ac3989a6-5b2f-11f0-a108-005056b6f117; cbb59be9-1758-11ef-8e0e-005056b6c1cd#c2c6c807-5b2f-11f0-a108-005056b6f117; cbb59be9-1758-11ef-8e0e-005056b6c1cd#c2c6c883-5b2f-11f0-a108-005056b6f117; cbb59be9-1758-11ef-8e0e-005056b6c1cd#ca662e20-5b2f-11f0-a108-005056b6f117
185000,https://lubanikishina.com/upload/iblock/74c/pv02kkqosp2l2ab9lxfn4lwffafhovyc.jpg,Дубленка Микх (MIKH) темно-серая,FC/MIKH/np-kr/dgrey,1,Интернет магазин,Дубленки,1,Дубленка Микх (MIKH) темно-серая (42),cbb59be9-1758-11ef-8e0e-005056b6c1cd#ac3989a6-5b2f-11f0-a108-005056b6f117,—,FC/MIKH/np-kr/dgrey,0,2736,1,0,0,1916,https://lubanikishina.com/catalog/dublenki/dublenka_mikkh_mikh_temno_seraya/,,—,cbb59be9-1758-11ef-8e0e-005056b6c1cd#ac39892a-5b2f-11f0-a108-005056b6f117; cbb59be9-1758-11ef-8e0e-005056b6c1cd#ac3989a6-5b2f-11f0-a108-005056b6f117; cbb59be9-1758-11ef-8e0e-005056b6c1cd#c2c6c807-5b2f-11f0-a108-005056b6f117; cbb59be9-1758-11ef-8e0e-005056b6c1cd#c2c6c883-5b2f-11f0-a108-005056b6f117; cbb59be9-1758-11ef-8e0e-005056b6c1cd#ca662e20-5b2f-11f0-a108-005056b6f117
185000,https://lubanikishina.com/upload/iblock/74c/pv02kkqosp2l2ab9lxfn4lwffafhovyc.jpg,Дубленка Микх (MIKH) темно-серая,FC/MIKH/np-kr/dgrey,1,Интернет магазин,Дубленки,1,Дубленка Микх (MIKH) темно-серая (44),cbb59be9-1758-11ef-8e0e-005056b6c1cd#c2c6c807-5b2f-11f0-a108-005056b6f117,—,FC/MIKH/np-kr/dgrey,0,2737,1,0,0,1916,https://lubanikishina.com/catalog/dublenki/dublenka_mikkh_mikh_temno_seraya/,,—,cbb59be9-1758-11ef-8e0e-005056b6c1cd#ac39892a-5b2f-11f0-a108-005056b6f117; cbb59be9-1758-11ef-8e0e-005056b6c1cd#ac3989a6-5b2f-11f0-a108-005056b6f117; cbb59be9-1758-11ef-8e0e-005056b6c1cd#c2c6c807-5b2f-11f0-a108-005056b6f117; cbb59be9-1758-11ef-8e0e-005056b6c1cd#c2c6c883-5b2f-11f0-a108-005056b6f117; cbb59be9-1758-11ef-8e0e-005056b6c1cd#ca662e20-5b2f-11f0-a108-005056b6f117
185000,https://lubanikishina.com/upload/iblock/74c/pv02kkqosp2l2ab9lxfn4lwffafhovyc.jpg,Дубленка Микх (MIKH) темно-серая,FC/MIKH/np-kr/dgrey,1,Интернет магазин,Дубленки,1,Дубленка Микх (MIKH) темно-серая (46),cbb59be9-1758-11ef-8e0e-005056b6c1cd#c2c6c883-5b2f-11f0-a108-005056b6f117,—,FC/MIKH/np-kr/dgrey,0,2738,1,0,0,1916,https://lubanikishina.com/catalog/dublenki/dublenka_mikkh_mikh_temno_seraya/,,—,cbb59be9-1758-11ef-8e0e-005056b6c1cd#ac39892a-5b2f-11f0-a108-005056b6f117; cbb59be9-1758-11ef-8e0e-005056b6c1cd#ac3989a6-5b2f-11f0-a108-005056b6f117; cbb59be9-1758-11ef-8e0e-005056b6c1cd#c2c6c807-5b2f-11f0-a108-005056b6f117; cbb59be9-1758-11ef-8e0e-005056b6c1cd#c2c6c883-5b2f-11f0-a108-005056b6f117; cbb59be9-1758-11ef-8e0e-005056b6c1cd#ca662e20-5b2f-11f0-a108-005056b6f117
185000,https://lubanikishina.com/upload/iblock/74c/pv02kkqosp2l2ab9lxfn4lwffafhovyc.jpg,Дубленка Микх (MIKH) темно-серая,FC/MIKH/np-kr/dgrey,1,Интернет магазин,Дубленки,1,Дубленка Микх (MIKH) темно-серая (48),cbb59be9-1758-11ef-8e0e-005056b6c1cd#ca662e20-5b2f-11f0-a108-005056b6f117,—,FC/MIKH/np-kr/dgrey,1,2739,1,0,0,1916,https://lubanikishina.com/catalog/dublenki/dublenka_mikkh_mikh_temno_seraya/,,—,cbb59be9-1758-11ef-8e0e-005056b6c1cd#ac39892a-5b2f-11f0-a108-005056b6f117; cbb59be9-1758-11ef-8e0e-005056b6c1cd#ac3989a6-5b2f-11f0-a108-005056b6f117; cbb59be9-1758-11ef-8e0e-005056b6c1cd#c2c6c807-5b2f-11f0-a108-005056b6f117; cbb59be9-1758-11ef-8e0e-005056b6c1cd#c2c6c883-5b2f-11f0-a108-005056b6f117; cbb59be9-1758-11ef-8e0e-005056b6c1cd#ca662e20-5b2f-11f0-a108-005056b6f117
220000,https://lubanikishina.com/upload/iblock/36e/gjnaju68a7ewipciw7161zg2ofz0qp7c.jpg,Дубленка Муус (MUUS) c хомутом,FC/MUUS/np-mrl/brown,1,Интернет магазин,Дубленки,0,Дубленка Муус (MUUS) c хомутом (40),4a33f688-fcfc-11f0-a13c-005056b6f117#ac39892a-5b2f-11f0-a108-005056b6f117,—,FC/MUUS/np-mrl/brown,0,3167,1,0,0,3166,https://lubanikishina.com/catalog/dublenki/dublenka_muus_muus_c_khomutom/,,—,4a33f688-fcfc-11f0-a13c-005056b6f117#ac39892a-5b2f-11f0-a108-005056b6f117; 4a33f688-fcfc-11f0-a13c-005056b6f117#ac3989a6-5b2f-11f0-a108-005056b6f117; 4a33f688-fcfc-11f0-a13c-005056b6f117#c2c6c807-5b2f-11f0-a108-005056b6f117; 4a33f688-fcfc-11f0-a13c-005056b6f117#c2c6c883-5b2f-11f0-a108-005056b6f117
220000,https://lubanikishina.com/upload/iblock/36e/gjnaju68a7ewipciw7161zg2ofz0qp7c.jpg,Дубленка Муус (MUUS) c хомутом,FC/MUUS/np-mrl/brown,1,Интернет магазин,Дубленки,0,Дубленка Муус (MUUS) c хомутом (42),4a33f688-fcfc-11f0-a13c-005056b6f117#ac3989a6-5b2f-11f0-a108-005056b6f117,—,FC/MUUS/np-mrl/brown,0,3168,1,0,0,3166,https://lubanikishina.com/catalog/dublenki/dublenka_muus_muus_c_khomutom/,,—,4a33f688-fcfc-11f0-a13c-005056b6f117#ac39892a-5b2f-11f0-a108-005056b6f117; 4a33f688-fcfc-11f0-a13c-005056b6f117#ac3989a6-5b2f-11f0-a108-005056b6f117; 4a33f688-fcfc-11f0-a13c-005056b6f117#c2c6c807-5b2f-11f0-a108-005056b6f117; 4a33f688-fcfc-11f0-a13c-005056b6f117#c2c6c883-5b2f-11f0-a108-005056b6f117
220000,https://lubanikishina.com/upload/iblock/36e/gjnaju68a7ewipciw7161zg2ofz0qp7c.jpg,Дубленка Муус (MUUS) c хомутом,FC/MUUS/np-mrl/brown,1,Интернет магазин,Дубленки,0,Дубленка Муус (MUUS) c хомутом (44),4a33f688-fcfc-11f0-a13c-005056b6f117#c2c6c807-5b2f-11f0-a108-005056b6f117,—,FC/MUUS/np-mrl/brown,0,3169,1,0,0,3166,https://lubanikishina.com/catalog/dublenki/dublenka_muus_muus_c_khomutom/,,—,4a33f688-fcfc-11f0-a13c-005056b6f117#ac39892a-5b2f-11f0-a108-005056b6f117; 4a33f688-fcfc-11f0-a13c-005056b6f117#ac3989a6-5b2f-11f0-a108-005056b6f117; 4a33f688-fcfc-11f0-a13c-005056b6f117#c2c6c807-5b2f-11f0-a108-005056b6f117; 4a33f688-fcfc-11f0-a13c-005056b6f117#c2c6c883-5b2f-11f0-a108-005056b6f117
220000,https://lubanikishina.com/upload/iblock/36e/gjnaju68a7ewipciw7161zg2ofz0qp7c.jpg,Дубленка Муус (MUUS) c хомутом,FC/MUUS/np-mrl/brown,1,Интернет магазин,Дубленки,0,Дубленка Муус (MUUS) c хомутом (46),4a33f688-fcfc-11f0-a13c-005056b6f117#c2c6c883-5b2f-11f0-a108-005056b6f117,—,FC/MUUS/np-mrl/brown,0,3170,1,0,0,3166,https://lubanikishina.com/catalog/dublenki/dublenka_muus_muus_c_khomutom/,,—,4a33f688-fcfc-11f0-a13c-005056b6f117#ac39892a-5b2f-11f0-a108-005056b6f117; 4a33f688-fcfc-11f0-a13c-005056b6f117#ac3989a6-5b2f-11f0-a108-005056b6f117; 4a33f688-fcfc-11f0-a13c-005056b6f117#c2c6c807-5b2f-11f0-a108-005056b6f117; 4a33f688-fcfc-11f0-a13c-005056b6f117#c2c6c883-5b2f-11f0-a108-005056b6f117
157000,https://lubanikishina.com/upload/iblock/6a7/duepyj7io181jybz6q6f3jrxl5vyr7x0.png,Дубленка Муус (MUUS) коричневая,FC/MUUS/zm-cr/dbrown,1,Интернет магазин,Дубленки,0,Дубленка Муус (MUUS) коричневая (40),58f6d902-5d8a-11f0-a108-005056b6f117#ac39892a-5b2f-11f0-a108-005056b6f117,—,FC/MUUS/zm-cr/dbrown,0,2571,1,0,0,2570,https://lubanikishina.com/catalog/dublenki/dublenka_muus_muus_korichnevaya/,,—,58f6d902-5d8a-11f0-a108-005056b6f117#ac39892a-5b2f-11f0-a108-005056b6f117; 58f6d902-5d8a-11f0-a108-005056b6f117#ac3989a6-5b2f-11f0-a108-005056b6f117; 58f6d902-5d8a-11f0-a108-005056b6f117#c2c6c807-5b2f-11f0-a108-005056b6f117; 58f6d902-5d8a-11f0-a108-005056b6f117#c2c6c883-5b2f-11f0-a108-005056b6f117
157000,https://lubanikishina.com/upload/iblock/6a7/duepyj7io181jybz6q6f3jrxl5vyr7x0.png,Дубленка Муус (MUUS) коричневая,FC/MUUS/zm-cr/dbrown,1,Интернет магазин,Дубленки,0,Дубленка Муус (MUUS) коричневая (42),58f6d902-5d8a-11f0-a108-005056b6f117#ac3989a6-5b2f-11f0-a108-005056b6f117,—,FC/MUUS/zm-cr/dbrown,0,2572,1,0,0,2570,https://lubanikishina.com/catalog/dublenki/dublenka_muus_muus_korichnevaya/,,—,58f6d902-5d8a-11f0-a108-005056b6f117#ac39892a-5b2f-11f0-a108-005056b6f117; 58f6d902-5d8a-11f0-a108-005056b6f117#ac3989a6-5b2f-11f0-a108-005056b6f117; 58f6d902-5d8a-11f0-a108-005056b6f117#c2c6c807-5b2f-11f0-a108-005056b6f117; 58f6d902-5d8a-11f0-a108-005056b6f117#c2c6c883-5b2f-11f0-a108-005056b6f117
157000,https://lubanikishina.com/upload/iblock/6a7/duepyj7io181jybz6q6f3jrxl5vyr7x0.png,Дубленка Муус (MUUS) коричневая,FC/MUUS/zm-cr/dbrown,1,Интернет магазин,Дубленки,0,Дубленка Муус (MUUS) коричневая (44),58f6d902-5d8a-11f0-a108-005056b6f117#c2c6c807-5b2f-11f0-a108-005056b6f117,—,FC/MUUS/zm-cr/dbrown,0,2573,1,0,0,2570,https://lubanikishina.com/catalog/dublenki/dublenka_muus_muus_korichnevaya/,,—,58f6d902-5d8a-11f0-a108-005056b6f117#ac39892a-5b2f-11f0-a108-005056b6f117; 58f6d902-5d8a-11f0-a108-005056b6f117#ac3989a6-5b2f-11f0-a108-005056b6f117; 58f6d902-5d8a-11f0-a108-005056b6f117#c2c6c807-5b2f-11f0-a108-005056b6f117; 58f6d902-5d8a-11f0-a108-005056b6f117#c2c6c883-5b2f-11f0-a108-005056b6f117
157000,https://lubanikishina.com/upload/iblock/6a7/duepyj7io181jybz6q6f3jrxl5vyr7x0.png,Дубленка Муус (MUUS) коричневая,FC/MUUS/zm-cr/dbrown,1,Интернет магазин,Дубленки,0,Дубленка Муус (MUUS) коричневая (46),58f6d902-5d8a-11f0-a108-005056b6f117#c2c6c883-5b2f-11f0-a108-005056b6f117,—,FC/MUUS/zm-cr/dbrown,0,2574,1,0,0,2570,https://lubanikishina.com/catalog/dublenki/dublenka_muus_muus_korichnevaya/,,—,58f6d902-5d8a-11f0-a108-005056b6f117#ac39892a-5b2f-11f0-a108-005056b6f117; 58f6d902-5d8a-11f0-a108-005056b6f117#ac3989a6-5b2f-11f0-a108-005056b6f117; 58f6d902-5d8a-11f0-a108-005056b6f117#c2c6c807-5b2f-11f0-a108-005056b6f117; 58f6d902-5d8a-11f0-a108-005056b6f117#c2c6c883-5b2f-11f0-a108-005056b6f117
220000,https://lubanikishina.com/upload/iblock/64b/gv9xa08tlot4itduvdwph25xpl1jpxb4.jpg,Дубленка Муус (MUUS) с воротником-хомутом,FC/MUUS/np-mrl/beige,1,Интернет магазин,Дубленки,0,Дубленка Муус (MUUS) с воротником-хомутом (40),8d9b4886-5d83-11f0-a108-005056b6f117#ac39892a-5b2f-11f0-a108-005056b6f117,—,FC/MUUS/np-mrl/beige,0,2566,1,0,0,2565,https://lubanikishina.com/catalog/dublenki/dublenka_muus_muus_s_vorotnikom_khomutom/,,—,8d9b4886-5d83-11f0-a108-005056b6f117#ac39892a-5b2f-11f0-a108-005056b6f117; 8d9b4886-5d83-11f0-a108-005056b6f117#ac3989a6-5b2f-11f0-a108-005056b6f117; 8d9b4886-5d83-11f0-a108-005056b6f117#c2c6c807-5b2f-11f0-a108-005056b6f117; 8d9b4886-5d83-11f0-a108-005056b6f117#c2c6c883-5b2f-11f0-a108-005056b6f117; 8d9b4886-5d83-11f0-a108-005056b6f117#a1ca0b24-5b2f-11f0-a108-005056b6f117
220000,https://lubanikishina.com/upload/iblock/64b/gv9xa08tlot4itduvdwph25xpl1jpxb4.jpg,Дубленка Муус (MUUS) с воротником-хомутом,FC/MUUS/np-mrl/beige,1,Интернет магазин,Дубленки,0,Дубленка Муус (MUUS) с воротником-хомутом (42),8d9b4886-5d83-11f0-a108-005056b6f117#ac3989a6-5b2f-11f0-a108-005056b6f117,—,FC/MUUS/np-mrl/beige,0,2567,1,0,0,2565,https://lubanikishina.com/catalog/dublenki/dublenka_muus_muus_s_vorotnikom_khomutom/,,—,8d9b4886-5d83-11f0-a108-005056b6f117#ac39892a-5b2f-11f0-a108-005056b6f117; 8d9b4886-5d83-11f0-a108-005056b6f117#ac3989a6-5b2f-11f0-a108-005056b6f117; 8d9b4886-5d83-11f0-a108-005056b6f117#c2c6c807-5b2f-11f0-a108-005056b6f117; 8d9b4886-5d83-11f0-a108-005056b6f117#c2c6c883-5b2f-11f0-a108-005056b6f117; 8d9b4886-5d83-11f0-a108-005056b6f117#a1ca0b24-5b2f-11f0-a108-005056b6f117
220000,https://lubanikishina.com/upload/iblock/64b/gv9xa08tlot4itduvdwph25xpl1jpxb4.jpg,Дубленка Муус (MUUS) с воротником-хомутом,FC/MUUS/np-mrl/beige,1,Интернет магазин,Дубленки,0,Дубленка Муус (MUUS) с воротником-хомутом (44),8d9b4886-5d83-11f0-a108-005056b6f117#c2c6c807-5b2f-11f0-a108-005056b6f117,—,FC/MUUS/np-mrl/beige,0,2568,1,0,0,2565,https://lubanikishina.com/catalog/dublenki/dublenka_muus_muus_s_vorotnikom_khomutom/,,—,8d9b4886-5d83-11f0-a108-005056b6f117#ac39892a-5b2f-11f0-a108-005056b6f117; 8d9b4886-5d83-11f0-a108-005056b6f117#ac3989a6-5b2f-11f0-a108-005056b6f117; 8d9b4886-5d83-11f0-a108-005056b6f117#c2c6c807-5b2f-11f0-a108-005056b6f117; 8d9b4886-5d83-11f0-a108-005056b6f117#c2c6c883-5b2f-11f0-a108-005056b6f117; 8d9b4886-5d83-11f0-a108-005056b6f117#a1ca0b24-5b2f-11f0-a108-005056b6f117
220000,https://lubanikishina.com/upload/iblock/64b/gv9xa08tlot4itduvdwph25xpl1jpxb4.jpg,Дубленка Муус (MUUS) с воротником-хомутом,FC/MUUS/np-mrl/beige,1,Интернет магазин,Дубленки,0,Дубленка Муус (MUUS) с воротником-хомутом (46),8d9b4886-5d83-11f0-a108-005056b6f117#c2c6c883-5b2f-11f0-a108-005056b6f117,—,FC/MUUS/np-mrl/beige,0,2569,1,0,0,2565,https://lubanikishina.com/catalog/dublenki/dublenka_muus_muus_s_vorotnikom_khomutom/,,—,8d9b4886-5d83-11f0-a108-005056b6f117#ac39892a-5b2f-11f0-a108-005056b6f117; 8d9b4886-5d83-11f0-a108-005056b6f117#ac3989a6-5b2f-11f0-a108-005056b6f117; 8d9b4886-5d83-11f0-a108-005056b6f117#c2c6c807-5b2f-11f0-a108-005056b6f117; 8d9b4886-5d83-11f0-a108-005056b6f117#c2c6c883-5b2f-11f0-a108-005056b6f117; 8d9b4886-5d83-11f0-a108-005056b6f117#a1ca0b24-5b2f-11f0-a108-005056b6f117
220000,https://lubanikishina.com/upload/iblock/64b/gv9xa08tlot4itduvdwph25xpl1jpxb4.jpg,Дубленка Муус (MUUS) с воротником-хомутом,FC/MUUS/np-mrl/beige,1,Интернет магазин,Дубленки,0,Дубленка Муус (MUUS) с воротником-хомутом (38),8d9b4886-5d83-11f0-a108-005056b6f117#a1ca0b24-5b2f-11f0-a108-005056b6f117,—,FC/MUUS/np-mrl/beige,0,2934,1,0,0,2565,https://lubanikishina.com/catalog/dublenki/dublenka_muus_muus_s_vorotnikom_khomutom/,,—,8d9b4886-5d83-11f0-a108-005056b6f117#ac39892a-5b2f-11f0-a108-005056b6f117; 8d9b4886-5d83-11f0-a108-005056b6f117#ac3989a6-5b2f-11f0-a108-005056b6f117; 8d9b4886-5d83-11f0-a108-005056b6f117#c2c6c807-5b2f-11f0-a108-005056b6f117; 8d9b4886-5d83-11f0-a108-005056b6f117#c2c6c883-5b2f-11f0-a108-005056b6f117; 8d9b4886-5d83-11f0-a108-005056b6f117#a1ca0b24-5b2f-11f0-a108-005056b6f117
157000,https://lubanikishina.com/upload/iblock/8f2/wxkg0a7weogoc06p9078w4onff1bhsx0.jpg,Дубленка Муус (MUUS) чёрная,FC/MUUS/np-mr/black,1,Интернет магазин,Дубленки,0,Дубленка Муус (MUUS) чёрная (40),5e9e2289-1cc1-11ef-8e0e-005056b6c1cd#ac39892a-5b2f-11f0-a108-005056b6f117,—,FC/MUUS/np-mr/black,0,2860,1,0,0,1917,https://lubanikishina.com/catalog/dublenki/dublenka_muus_muus_chyernaya/,,—,5e9e2289-1cc1-11ef-8e0e-005056b6c1cd#ac39892a-5b2f-11f0-a108-005056b6f117; 5e9e2289-1cc1-11ef-8e0e-005056b6c1cd#ac3989a6-5b2f-11f0-a108-005056b6f117; 5e9e2289-1cc1-11ef-8e0e-005056b6c1cd#c2c6c807-5b2f-11f0-a108-005056b6f117; 5e9e2289-1cc1-11ef-8e0e-005056b6c1cd#c2c6c883-5b2f-11f0-a108-005056b6f117; 5e9e2289-1cc1-11ef-8e0e-005056b6c1cd#a1ca0b24-5b2f-11f0-a108-005056b6f117
157000,https://lubanikishina.com/upload/iblock/8f2/wxkg0a7weogoc06p9078w4onff1bhsx0.jpg,Дубленка Муус (MUUS) чёрная,FC/MUUS/np-mr/black,1,Интернет магазин,Дубленки,0,Дубленка Муус (MUUS) чёрная (42),5e9e2289-1cc1-11ef-8e0e-005056b6c1cd#ac3989a6-5b2f-11f0-a108-005056b6f117,—,FC/MUUS/np-mr/black,0,2861,1,0,0,1917,https://lubanikishina.com/catalog/dublenki/dublenka_muus_muus_chyernaya/,,—,5e9e2289-1cc1-11ef-8e0e-005056b6c1cd#ac39892a-5b2f-11f0-a108-005056b6f117; 5e9e2289-1cc1-11ef-8e0e-005056b6c1cd#ac3989a6-5b2f-11f0-a108-005056b6f117; 5e9e2289-1cc1-11ef-8e0e-005056b6c1cd#c2c6c807-5b2f-11f0-a108-005056b6f117; 5e9e2289-1cc1-11ef-8e0e-005056b6c1cd#c2c6c883-5b2f-11f0-a108-005056b6f117; 5e9e2289-1cc1-11ef-8e0e-005056b6c1cd#a1ca0b24-5b2f-11f0-a108-005056b6f117
157000,https://lubanikishina.com/upload/iblock/8f2/wxkg0a7weogoc06p9078w4onff1bhsx0.jpg,Дубленка Муус (MUUS) чёрная,FC/MUUS/np-mr/black,1,Интернет магазин,Дубленки,0,Дубленка Муус (MUUS) чёрная (44),5e9e2289-1cc1-11ef-8e0e-005056b6c1cd#c2c6c807-5b2f-11f0-a108-005056b6f117,—,FC/MUUS/np-mr/black,0,2862,1,0,0,1917,https://lubanikishina.com/catalog/dublenki/dublenka_muus_muus_chyernaya/,,—,5e9e2289-1cc1-11ef-8e0e-005056b6c1cd#ac39892a-5b2f-11f0-a108-005056b6f117; 5e9e2289-1cc1-11ef-8e0e-005056b6c1cd#ac3989a6-5b2f-11f0-a108-005056b6f117; 5e9e2289-1cc1-11ef-8e0e-005056b6c1cd#c2c6c807-5b2f-11f0-a108-005056b6f117; 5e9e2289-1cc1-11ef-8e0e-005056b6c1cd#c2c6c883-5b2f-11f0-a108-005056b6f117; 5e9e2289-1cc1-11ef-8e0e-005056b6c1cd#a1ca0b24-5b2f-11f0-a108-005056b6f117
157000,https://lubanikishina.com/upload/iblock/8f2/wxkg0a7weogoc06p9078w4onff1bhsx0.jpg,Дубленка Муус (MUUS) чёрная,FC/MUUS/np-mr/black,1,Интернет магазин,Дубленки,0,Дубленка Муус (MUUS) чёрная (46),5e9e2289-1cc1-11ef-8e0e-005056b6c1cd#c2c6c883-5b2f-11f0-a108-005056b6f117,—,FC/MUUS/np-mr/black,0,2863,1,0,0,1917,https://lubanikishina.com/catalog/dublenki/dublenka_muus_muus_chyernaya/,,—,5e9e2289-1cc1-11ef-8e0e-005056b6c1cd#ac39892a-5b2f-11f0-a108-005056b6f117; 5e9e2289-1cc1-11ef-8e0e-005056b6c1cd#ac3989a6-5b2f-11f0-a108-005056b6f117; 5e9e2289-1cc1-11ef-8e0e-005056b6c1cd#c2c6c807-5b2f-11f0-a108-005056b6f117; 5e9e2289-1cc1-11ef-8e0e-005056b6c1cd#c2c6c883-5b2f-11f0-a108-005056b6f117; 5e9e2289-1cc1-11ef-8e0e-005056b6c1cd#a1ca0b24-5b2f-11f0-a108-005056b6f117
157000,https://lubanikishina.com/upload/iblock/8f2/wxkg0a7weogoc06p9078w4onff1bhsx0.jpg,Дубленка Муус (MUUS) чёрная,FC/MUUS/np-mr/black,1,Интернет магазин,Дубленки,0,Дубленка Муус (MUUS) чёрная (38),5e9e2289-1cc1-11ef-8e0e-005056b6c1cd#a1ca0b24-5b2f-11f0-a108-005056b6f117,—,FC/MUUS/np-mr/black,0,3178,1,0,0,1917,https://lubanikishina.com/catalog/dublenki/dublenka_muus_muus_chyernaya/,,—,5e9e2289-1cc1-11ef-8e0e-005056b6c1cd#ac39892a-5b2f-11f0-a108-005056b6f117; 5e9e2289-1cc1-11ef-8e0e-005056b6c1cd#ac3989a6-5b2f-11f0-a108-005056b6f117; 5e9e2289-1cc1-11ef-8e0e-005056b6c1cd#c2c6c807-5b2f-11f0-a108-005056b6f117; 5e9e2289-1cc1-11ef-8e0e-005056b6c1cd#c2c6c883-5b2f-11f0-a108-005056b6f117; 5e9e2289-1cc1-11ef-8e0e-005056b6c1cd#a1ca0b24-5b2f-11f0-a108-005056b6f117
157000,https://lubanikishina.com/upload/iblock/507/fs4iv143afqxfemzwgbvvrffutprj8zs.png,Дубленка Муус (MUUS) шоколадная,FC/MUUS/np-kr/choco,1,Интернет магазин,Дубленки,3,Дубленка Муус (MUUS) шоколадная (40),31506d14-f5ab-11ef-8e37-005056b6c1cd#ac39892a-5b2f-11f0-a108-005056b6f117,—,FC/MUUS/np-kr/choco,1,2837,1,0,0,2369,https://lubanikishina.com/catalog/dublenki/dublenka_muus_muus_shokoladnaya/,,—,31506d14-f5ab-11ef-8e37-005056b6c1cd#ac39892a-5b2f-11f0-a108-005056b6f117; 31506d14-f5ab-11ef-8e37-005056b6c1cd#ac3989a6-5b2f-11f0-a108-005056b6f117; 31506d14-f5ab-11ef-8e37-005056b6c1cd#c2c6c807-5b2f-11f0-a108-005056b6f117; 31506d14-f5ab-11ef-8e37-005056b6c1cd#c2c6c883-5b2f-11f0-a108-005056b6f117
157000,https://lubanikishina.com/upload/iblock/507/fs4iv143afqxfemzwgbvvrffutprj8zs.png,Дубленка Муус (MUUS) шоколадная,FC/MUUS/np-kr/choco,1,Интернет магазин,Дубленки,3,Дубленка Муус (MUUS) шоколадная (42),31506d14-f5ab-11ef-8e37-005056b6c1cd#ac3989a6-5b2f-11f0-a108-005056b6f117,—,FC/MUUS/np-kr/choco,0,2838,1,0,0,2369,https://lubanikishina.com/catalog/dublenki/dublenka_muus_muus_shokoladnaya/,,—,31506d14-f5ab-11ef-8e37-005056b6c1cd#ac39892a-5b2f-11f0-a108-005056b6f117; 31506d14-f5ab-11ef-8e37-005056b6c1cd#ac3989a6-5b2f-11f0-a108-005056b6f117; 31506d14-f5ab-11ef-8e37-005056b6c1cd#c2c6c807-5b2f-11f0-a108-005056b6f117; 31506d14-f5ab-11ef-8e37-005056b6c1cd#c2c6c883-5b2f-11f0-a108-005056b6f117
157000,https://lubanikishina.com/upload/iblock/507/fs4iv143afqxfemzwgbvvrffutprj8zs.png,Дубленка Муус (MUUS) шоколадная,FC/MUUS/np-kr/choco,1,Интернет магазин,Дубленки,3,Дубленка Муус (MUUS) шоколадная (44),31506d14-f5ab-11ef-8e37-005056b6c1cd#c2c6c807-5b2f-11f0-a108-005056b6f117,—,FC/MUUS/np-kr/choco,2,2839,1,0,0,2369,https://lubanikishina.com/catalog/dublenki/dublenka_muus_muus_shokoladnaya/,,—,31506d14-f5ab-11ef-8e37-005056b6c1cd#ac39892a-5b2f-11f0-a108-005056b6f117; 31506d14-f5ab-11ef-8e37-005056b6c1cd#ac3989a6-5b2f-11f0-a108-005056b6f117; 31506d14-f5ab-11ef-8e37-005056b6c1cd#c2c6c807-5b2f-11f0-a108-005056b6f117; 31506d14-f5ab-11ef-8e37-005056b6c1cd#c2c6c883-5b2f-11f0-a108-005056b6f117
157000,https://lubanikishina.com/upload/iblock/507/fs4iv143afqxfemzwgbvvrffutprj8zs.png,Дубленка Муус (MUUS) шоколадная,FC/MUUS/np-kr/choco,1,Интернет магазин,Дубленки,3,Дубленка Муус (MUUS) шоколадная (46),31506d14-f5ab-11ef-8e37-005056b6c1cd#c2c6c883-5b2f-11f0-a108-005056b6f117,—,FC/MUUS/np-kr/choco,0,3075,1,0,0,2369,https://lubanikishina.com/catalog/dublenki/dublenka_muus_muus_shokoladnaya/,,—,31506d14-f5ab-11ef-8e37-005056b6c1cd#ac39892a-5b2f-11f0-a108-005056b6f117; 31506d14-f5ab-11ef-8e37-005056b6c1cd#ac3989a6-5b2f-11f0-a108-005056b6f117; 31506d14-f5ab-11ef-8e37-005056b6c1cd#c2c6c807-5b2f-11f0-a108-005056b6f117; 31506d14-f5ab-11ef-8e37-005056b6c1cd#c2c6c883-5b2f-11f0-a108-005056b6f117
240000,https://lubanikishina.com/upload/iblock/a77/ep9r0qknjfqxzoyoadzgcpmfc6thjbmu.png,Дубленка Мэй (MAY) медовая,FC/MAY/zm-tg/honey,1,Интернет магазин,Дубленки,0,Дубленка Мэй (MAY) медовая  (38),c2d04d09-4833-11f0-8e5e-005056b6c1cd#a1ca0b24-5b2f-11f0-a108-005056b6f117,—,FC/MAY/zm-tg/honey,0,2777,1,0,0,2773,https://lubanikishina.com/catalog/dublenki/dublenka_mey_may_medovaya_/,,—,c2d04d09-4833-11f0-8e5e-005056b6c1cd#a1ca0b24-5b2f-11f0-a108-005056b6f117; c2d04d09-4833-11f0-8e5e-005056b6c1cd#ac39892a-5b2f-11f0-a108-005056b6f117; c2d04d09-4833-11f0-8e5e-005056b6c1cd#ac3989a6-5b2f-11f0-a108-005056b6f117; c2d04d09-4833-11f0-8e5e-005056b6c1cd#c2c6c807-5b2f-11f0-a108-005056b6f117; c2d04d09-4833-11f0-8e5e-005056b6c1cd#c2c6c883-5b2f-11f0-a108-005056b6f117
240000,https://lubanikishina.com/upload/iblock/a77/ep9r0qknjfqxzoyoadzgcpmfc6thjbmu.png,Дубленка Мэй (MAY) медовая,FC/MAY/zm-tg/honey,1,Интернет магазин,Дубленки,0,Дубленка Мэй (MAY) медовая  (40),c2d04d09-4833-11f0-8e5e-005056b6c1cd#ac39892a-5b2f-11f0-a108-005056b6f117,—,FC/MAY/zm-tg/honey,0,2781,1,0,0,2773,https://lubanikishina.com/catalog/dublenki/dublenka_mey_may_medovaya_/,,—,c2d04d09-4833-11f0-8e5e-005056b6c1cd#a1ca0b24-5b2f-11f0-a108-005056b6f117; c2d04d09-4833-11f0-8e5e-005056b6c1cd#ac39892a-5b2f-11f0-a108-005056b6f117; c2d04d09-4833-11f0-8e5e-005056b6c1cd#ac3989a6-5b2f-11f0-a108-005056b6f117; c2d04d09-4833-11f0-8e5e-005056b6c1cd#c2c6c807-5b2f-11f0-a108-005056b6f117; c2d04d09-4833-11f0-8e5e-005056b6c1cd#c2c6c883-5b2f-11f0-a108-005056b6f117
240000,https://lubanikishina.com/upload/iblock/a77/ep9r0qknjfqxzoyoadzgcpmfc6thjbmu.png,Дубленка Мэй (MAY) медовая,FC/MAY/zm-tg/honey,1,Интернет магазин,Дубленки,0,Дубленка Мэй (MAY) медовая  (42),c2d04d09-4833-11f0-8e5e-005056b6c1cd#ac3989a6-5b2f-11f0-a108-005056b6f117,—,FC/MAY/zm-tg/honey,0,2785,1,0,0,2773,https://lubanikishina.com/catalog/dublenki/dublenka_mey_may_medovaya_/,,—,c2d04d09-4833-11f0-8e5e-005056b6c1cd#a1ca0b24-5b2f-11f0-a108-005056b6f117; c2d04d09-4833-11f0-8e5e-005056b6c1cd#ac39892a-5b2f-11f0-a108-005056b6f117; c2d04d09-4833-11f0-8e5e-005056b6c1cd#ac3989a6-5b2f-11f0-a108-005056b6f117; c2d04d09-4833-11f0-8e5e-005056b6c1cd#c2c6c807-5b2f-11f0-a108-005056b6f117; c2d04d09-4833-11f0-8e5e-005056b6c1cd#c2c6c883-5b2f-11f0-a108-005056b6f117
240000,https://lubanikishina.com/upload/iblock/a77/ep9r0qknjfqxzoyoadzgcpmfc6thjbmu.png,Дубленка Мэй (MAY) медовая,FC/MAY/zm-tg/honey,1,Интернет магазин,Дубленки,0,Дубленка Мэй (MAY) медовая  (44),c2d04d09-4833-11f0-8e5e-005056b6c1cd#c2c6c807-5b2f-11f0-a108-005056b6f117,—,FC/MAY/zm-tg/honey,0,2789,1,0,0,2773,https://lubanikishina.com/catalog/dublenki/dublenka_mey_may_medovaya_/,,—,c2d04d09-4833-11f0-8e5e-005056b6c1cd#a1ca0b24-5b2f-11f0-a108-005056b6f117; c2d04d09-4833-11f0-8e5e-005056b6c1cd#ac39892a-5b2f-11f0-a108-005056b6f117; c2d04d09-4833-11f0-8e5e-005056b6c1cd#ac3989a6-5b2f-11f0-a108-005056b6f117; c2d04d09-4833-11f0-8e5e-005056b6c1cd#c2c6c807-5b2f-11f0-a108-005056b6f117; c2d04d09-4833-11f0-8e5e-005056b6c1cd#c2c6c883-5b2f-11f0-a108-005056b6f117
240000,https://lubanikishina.com/upload/iblock/a77/ep9r0qknjfqxzoyoadzgcpmfc6thjbmu.png,Дубленка Мэй (MAY) медовая,FC/MAY/zm-tg/honey,1,Интернет магазин,Дубленки,0,Дубленка Мэй (MAY) медовая  (46),c2d04d09-4833-11f0-8e5e-005056b6c1cd#c2c6c883-5b2f-11f0-a108-005056b6f117,—,FC/MAY/zm-tg/honey,0,2793,1,0,0,2773,https://lubanikishina.com/catalog/dublenki/dublenka_mey_may_medovaya_/,,—,c2d04d09-4833-11f0-8e5e-005056b6c1cd#a1ca0b24-5b2f-11f0-a108-005056b6f117; c2d04d09-4833-11f0-8e5e-005056b6c1cd#ac39892a-5b2f-11f0-a108-005056b6f117; c2d04d09-4833-11f0-8e5e-005056b6c1cd#ac3989a6-5b2f-11f0-a108-005056b6f117; c2d04d09-4833-11f0-8e5e-005056b6c1cd#c2c6c807-5b2f-11f0-a108-005056b6f117; c2d04d09-4833-11f0-8e5e-005056b6c1cd#c2c6c883-5b2f-11f0-a108-005056b6f117
165000,https://lubanikishina.com/upload/iblock/17f/p0jnu1k0tkd3grdfltp7q92oeibrfo77.JPG,Дубленка Полин (POLINE) коричневая,FC/POLINE/np-kr/brown,1,Интернет магазин,Дубленки,1,Дубленка Полин (POLINE) коричневая (40),cc6a2745-b673-11f0-a138-005056b6f117#ac39892a-5b2f-11f0-a108-005056b6f117,—,FC/POLINE/np-kr/brown,0,3015,1,0,0,3007,https://lubanikishina.com/catalog/dublenki/dublenka_polin_poline_korichnevaya/,,—,cc6a2745-b673-11f0-a138-005056b6f117#ac39892a-5b2f-11f0-a108-005056b6f117; cc6a2745-b673-11f0-a138-005056b6f117#ac3989a6-5b2f-11f0-a108-005056b6f117; cc6a2745-b673-11f0-a138-005056b6f117#c2c6c807-5b2f-11f0-a108-005056b6f117; cc6a2745-b673-11f0-a138-005056b6f117#c2c6c883-5b2f-11f0-a108-005056b6f117
165000,https://lubanikishina.com/upload/iblock/17f/p0jnu1k0tkd3grdfltp7q92oeibrfo77.JPG,Дубленка Полин (POLINE) коричневая,FC/POLINE/np-kr/brown,1,Интернет магазин,Дубленки,1,Дубленка Полин (POLINE) коричневая (42),cc6a2745-b673-11f0-a138-005056b6f117#ac3989a6-5b2f-11f0-a108-005056b6f117,—,FC/POLINE/np-kr/brown,1,3016,1,0,0,3007,https://lubanikishina.com/catalog/dublenki/dublenka_polin_poline_korichnevaya/,,—,cc6a2745-b673-11f0-a138-005056b6f117#ac39892a-5b2f-11f0-a108-005056b6f117; cc6a2745-b673-11f0-a138-005056b6f117#ac3989a6-5b2f-11f0-a108-005056b6f117; cc6a2745-b673-11f0-a138-005056b6f117#c2c6c807-5b2f-11f0-a108-005056b6f117; cc6a2745-b673-11f0-a138-005056b6f117#c2c6c883-5b2f-11f0-a108-005056b6f117
165000,https://lubanikishina.com/upload/iblock/17f/p0jnu1k0tkd3grdfltp7q92oeibrfo77.JPG,Дубленка Полин (POLINE) коричневая,FC/POLINE/np-kr/brown,1,Интернет магазин,Дубленки,1,Дубленка Полин (POLINE) коричневая (44),cc6a2745-b673-11f0-a138-005056b6f117#c2c6c807-5b2f-11f0-a108-005056b6f117,—,FC/POLINE/np-kr/brown,0,3017,1,0,0,3007,https://lubanikishina.com/catalog/dublenki/dublenka_polin_poline_korichnevaya/,,—,cc6a2745-b673-11f0-a138-005056b6f117#ac39892a-5b2f-11f0-a108-005056b6f117; cc6a2745-b673-11f0-a138-005056b6f117#ac3989a6-5b2f-11f0-a108-005056b6f117; cc6a2745-b673-11f0-a138-005056b6f117#c2c6c807-5b2f-11f0-a108-005056b6f117; cc6a2745-b673-11f0-a138-005056b6f117#c2c6c883-5b2f-11f0-a108-005056b6f117
165000,https://lubanikishina.com/upload/iblock/17f/p0jnu1k0tkd3grdfltp7q92oeibrfo77.JPG,Дубленка Полин (POLINE) коричневая,FC/POLINE/np-kr/brown,1,Интернет магазин,Дубленки,1,Дубленка Полин (POLINE) коричневая (46),cc6a2745-b673-11f0-a138-005056b6f117#c2c6c883-5b2f-11f0-a108-005056b6f117,—,FC/POLINE/np-kr/brown,0,3018,1,0,0,3007,https://lubanikishina.com/catalog/dublenki/dublenka_polin_poline_korichnevaya/,,—,cc6a2745-b673-11f0-a138-005056b6f117#ac39892a-5b2f-11f0-a108-005056b6f117; cc6a2745-b673-11f0-a138-005056b6f117#ac3989a6-5b2f-11f0-a108-005056b6f117; cc6a2745-b673-11f0-a138-005056b6f117#c2c6c807-5b2f-11f0-a108-005056b6f117; cc6a2745-b673-11f0-a138-005056b6f117#c2c6c883-5b2f-11f0-a108-005056b6f117
162000,https://lubanikishina.com/upload/iblock/c16/voev23y21fgitysc2y2kxj1y8501f5sr.png,Дубленка Райз (RISE) коричневая,FC/RISE/np-tc/brown,1,Интернет магазин,Дубленки,0,Дубленка Райз (RISE) коричневая  (42),4e31bef8-d702-11ef-8e23-005056b6c1cd#ac3989a6-5b2f-11f0-a108-005056b6f117,—,FC/RISE/np-tc/brown,0,2614,1,0,0,2491,https://lubanikishina.com/catalog/dublenki/dublenka_rayz_rise_korichnevaya_/,,—,4e31bef8-d702-11ef-8e23-005056b6c1cd#ac3989a6-5b2f-11f0-a108-005056b6f117; 4e31bef8-d702-11ef-8e23-005056b6c1cd#c2c6c807-5b2f-11f0-a108-005056b6f117; 4e31bef8-d702-11ef-8e23-005056b6c1cd#ac39892a-5b2f-11f0-a108-005056b6f117; 4e31bef8-d702-11ef-8e23-005056b6c1cd#c2c6c883-5b2f-11f0-a108-005056b6f117
162000,https://lubanikishina.com/upload/iblock/c16/voev23y21fgitysc2y2kxj1y8501f5sr.png,Дубленка Райз (RISE) коричневая,FC/RISE/np-tc/brown,1,Интернет магазин,Дубленки,0,Дубленка Райз (RISE) коричневая  (44),4e31bef8-d702-11ef-8e23-005056b6c1cd#c2c6c807-5b2f-11f0-a108-005056b6f117,—,FC/RISE/np-tc/brown,0,2615,1,0,0,2491,https://lubanikishina.com/catalog/dublenki/dublenka_rayz_rise_korichnevaya_/,,—,4e31bef8-d702-11ef-8e23-005056b6c1cd#ac3989a6-5b2f-11f0-a108-005056b6f117; 4e31bef8-d702-11ef-8e23-005056b6c1cd#c2c6c807-5b2f-11f0-a108-005056b6f117; 4e31bef8-d702-11ef-8e23-005056b6c1cd#ac39892a-5b2f-11f0-a108-005056b6f117; 4e31bef8-d702-11ef-8e23-005056b6c1cd#c2c6c883-5b2f-11f0-a108-005056b6f117
162000,https://lubanikishina.com/upload/iblock/c16/voev23y21fgitysc2y2kxj1y8501f5sr.png,Дубленка Райз (RISE) коричневая,FC/RISE/np-tc/brown,1,Интернет магазин,Дубленки,0,Дубленка Райз (RISE) коричневая  (40),4e31bef8-d702-11ef-8e23-005056b6c1cd#ac39892a-5b2f-11f0-a108-005056b6f117,—,FC/RISE/np-tc/brown,0,2613,1,0,0,2491,https://lubanikishina.com/catalog/dublenki/dublenka_rayz_rise_korichnevaya_/,,—,4e31bef8-d702-11ef-8e23-005056b6c1cd#ac3989a6-5b2f-11f0-a108-005056b6f117; 4e31bef8-d702-11ef-8e23-005056b6c1cd#c2c6c807-5b2f-11f0-a108-005056b6f117; 4e31bef8-d702-11ef-8e23-005056b6c1cd#ac39892a-5b2f-11f0-a108-005056b6f117; 4e31bef8-d702-11ef-8e23-005056b6c1cd#c2c6c883-5b2f-11f0-a108-005056b6f117
162000,https://lubanikishina.com/upload/iblock/c16/voev23y21fgitysc2y2kxj1y8501f5sr.png,Дубленка Райз (RISE) коричневая,FC/RISE/np-tc/brown,1,Интернет магазин,Дубленки,0,Дубленка Райз (RISE) коричневая  (46),4e31bef8-d702-11ef-8e23-005056b6c1cd#c2c6c883-5b2f-11f0-a108-005056b6f117,—,FC/RISE/np-tc/brown,0,2616,1,0,0,2491,https://lubanikishina.com/catalog/dublenki/dublenka_rayz_rise_korichnevaya_/,,—,4e31bef8-d702-11ef-8e23-005056b6c1cd#ac3989a6-5b2f-11f0-a108-005056b6f117; 4e31bef8-d702-11ef-8e23-005056b6c1cd#c2c6c807-5b2f-11f0-a108-005056b6f117; 4e31bef8-d702-11ef-8e23-005056b6c1cd#ac39892a-5b2f-11f0-a108-005056b6f117; 4e31bef8-d702-11ef-8e23-005056b6c1cd#c2c6c883-5b2f-11f0-a108-005056b6f117
162000,https://lubanikishina.com/upload/iblock/e9d/ny858j8ilr16jafo6g66hqv72wrauldm.jpg,Дубленка Райз (RISE) медовый,FC/RISE/zm-tc/honey,1,Интернет магазин,Дубленки,0,Дубленка Райз (RISE) медовый (40),b5ccdb34-1681-11ef-8e0e-005056b6c1cd#ac39892a-5b2f-11f0-a108-005056b6f117,—,FC/RISE/zm-tc/honey,0,2609,1,0,0,1985,https://lubanikishina.com/catalog/dublenki/dublenka_rayz_rise_medovyy/,,—,b5ccdb34-1681-11ef-8e0e-005056b6c1cd#ac39892a-5b2f-11f0-a108-005056b6f117; b5ccdb34-1681-11ef-8e0e-005056b6c1cd#c2c6c883-5b2f-11f0-a108-005056b6f117; b5ccdb34-1681-11ef-8e0e-005056b6c1cd#ac3989a6-5b2f-11f0-a108-005056b6f117; b5ccdb34-1681-11ef-8e0e-005056b6c1cd#c2c6c807-5b2f-11f0-a108-005056b6f117
162000,https://lubanikishina.com/upload/iblock/e9d/ny858j8ilr16jafo6g66hqv72wrauldm.jpg,Дубленка Райз (RISE) медовый,FC/RISE/zm-tc/honey,1,Интернет магазин,Дубленки,0,Дубленка Райз (RISE) медовый (46),b5ccdb34-1681-11ef-8e0e-005056b6c1cd#c2c6c883-5b2f-11f0-a108-005056b6f117,—,FC/RISE/zm-tc/honey,0,2610,1,0,0,1985,https://lubanikishina.com/catalog/dublenki/dublenka_rayz_rise_medovyy/,,—,b5ccdb34-1681-11ef-8e0e-005056b6c1cd#ac39892a-5b2f-11f0-a108-005056b6f117; b5ccdb34-1681-11ef-8e0e-005056b6c1cd#c2c6c883-5b2f-11f0-a108-005056b6f117; b5ccdb34-1681-11ef-8e0e-005056b6c1cd#ac3989a6-5b2f-11f0-a108-005056b6f117; b5ccdb34-1681-11ef-8e0e-005056b6c1cd#c2c6c807-5b2f-11f0-a108-005056b6f117
162000,https://lubanikishina.com/upload/iblock/e9d/ny858j8ilr16jafo6g66hqv72wrauldm.jpg,Дубленка Райз (RISE) медовый,FC/RISE/zm-tc/honey,1,Интернет магазин,Дубленки,0,Дубленка Райз (RISE) медовый (42),b5ccdb34-1681-11ef-8e0e-005056b6c1cd#ac3989a6-5b2f-11f0-a108-005056b6f117,—,FC/RISE/zm-tc/honey,0,2611,1,0,0,1985,https://lubanikishina.com/catalog/dublenki/dublenka_rayz_rise_medovyy/,,—,b5ccdb34-1681-11ef-8e0e-005056b6c1cd#ac39892a-5b2f-11f0-a108-005056b6f117; b5ccdb34-1681-11ef-8e0e-005056b6c1cd#c2c6c883-5b2f-11f0-a108-005056b6f117; b5ccdb34-1681-11ef-8e0e-005056b6c1cd#ac3989a6-5b2f-11f0-a108-005056b6f117; b5ccdb34-1681-11ef-8e0e-005056b6c1cd#c2c6c807-5b2f-11f0-a108-005056b6f117
162000,https://lubanikishina.com/upload/iblock/e9d/ny858j8ilr16jafo6g66hqv72wrauldm.jpg,Дубленка Райз (RISE) медовый,FC/RISE/zm-tc/honey,1,Интернет магазин,Дубленки,0,Дубленка Райз (RISE) медовый (44),b5ccdb34-1681-11ef-8e0e-005056b6c1cd#c2c6c807-5b2f-11f0-a108-005056b6f117,—,FC/RISE/zm-tc/honey,0,2612,1,0,0,1985,https://lubanikishina.com/catalog/dublenki/dublenka_rayz_rise_medovyy/,,—,b5ccdb34-1681-11ef-8e0e-005056b6c1cd#ac39892a-5b2f-11f0-a108-005056b6f117; b5ccdb34-1681-11ef-8e0e-005056b6c1cd#c2c6c883-5b2f-11f0-a108-005056b6f117; b5ccdb34-1681-11ef-8e0e-005056b6c1cd#ac3989a6-5b2f-11f0-a108-005056b6f117; b5ccdb34-1681-11ef-8e0e-005056b6c1cd#c2c6c807-5b2f-11f0-a108-005056b6f117
162000,https://lubanikishina.com/upload/iblock/bab/lt45o07nbkh03n7prqspto0r58lcooxd.jpg,Дубленка Райз (RISE) чёрная,FC/RISE/np-tc/black,1,Интернет магазин,Дубленки,1,Дубленка Райз (RISE) чёрная (40),9be9a09b-7eff-11ef-8e10-005056b6c1cd#ac39892a-5b2f-11f0-a108-005056b6f117,—,FC/RISE/np-tc/black,0,3189,1,0,0,3188,https://lubanikishina.com/catalog/dublenki/dublenka_rayz_rise_chyernaya/,,—,9be9a09b-7eff-11ef-8e10-005056b6c1cd#ac39892a-5b2f-11f0-a108-005056b6f117; 9be9a09b-7eff-11ef-8e10-005056b6c1cd#ac3989a6-5b2f-11f0-a108-005056b6f117; 9be9a09b-7eff-11ef-8e10-005056b6c1cd#c2c6c807-5b2f-11f0-a108-005056b6f117; 9be9a09b-7eff-11ef-8e10-005056b6c1cd#c2c6c883-5b2f-11f0-a108-005056b6f117
162000,https://lubanikishina.com/upload/iblock/bab/lt45o07nbkh03n7prqspto0r58lcooxd.jpg,Дубленка Райз (RISE) чёрная,FC/RISE/np-tc/black,1,Интернет магазин,Дубленки,1,Дубленка Райз (RISE) чёрная (42),9be9a09b-7eff-11ef-8e10-005056b6c1cd#ac3989a6-5b2f-11f0-a108-005056b6f117,—,FC/RISE/np-tc/black,0,3190,1,0,0,3188,https://lubanikishina.com/catalog/dublenki/dublenka_rayz_rise_chyernaya/,,—,9be9a09b-7eff-11ef-8e10-005056b6c1cd#ac39892a-5b2f-11f0-a108-005056b6f117; 9be9a09b-7eff-11ef-8e10-005056b6c1cd#ac3989a6-5b2f-11f0-a108-005056b6f117; 9be9a09b-7eff-11ef-8e10-005056b6c1cd#c2c6c807-5b2f-11f0-a108-005056b6f117; 9be9a09b-7eff-11ef-8e10-005056b6c1cd#c2c6c883-5b2f-11f0-a108-005056b6f117
162000,https://lubanikishina.com/upload/iblock/bab/lt45o07nbkh03n7prqspto0r58lcooxd.jpg,Дубленка Райз (RISE) чёрная,FC/RISE/np-tc/black,1,Интернет магазин,Дубленки,1,Дубленка Райз (RISE) чёрная (44),9be9a09b-7eff-11ef-8e10-005056b6c1cd#c2c6c807-5b2f-11f0-a108-005056b6f117,—,FC/RISE/np-tc/black,1,3191,1,0,0,3188,https://lubanikishina.com/catalog/dublenki/dublenka_rayz_rise_chyernaya/,,—,9be9a09b-7eff-11ef-8e10-005056b6c1cd#ac39892a-5b2f-11f0-a108-005056b6f117; 9be9a09b-7eff-11ef-8e10-005056b6c1cd#ac3989a6-5b2f-11f0-a108-005056b6f117; 9be9a09b-7eff-11ef-8e10-005056b6c1cd#c2c6c807-5b2f-11f0-a108-005056b6f117; 9be9a09b-7eff-11ef-8e10-005056b6c1cd#c2c6c883-5b2f-11f0-a108-005056b6f117
162000,https://lubanikishina.com/upload/iblock/bab/lt45o07nbkh03n7prqspto0r58lcooxd.jpg,Дубленка Райз (RISE) чёрная,FC/RISE/np-tc/black,1,Интернет магазин,Дубленки,1,Дубленка Райз (RISE) чёрная (46),9be9a09b-7eff-11ef-8e10-005056b6c1cd#c2c6c883-5b2f-11f0-a108-005056b6f117,—,FC/RISE/np-tc/black,0,3192,1,0,0,3188,https://lubanikishina.com/catalog/dublenki/dublenka_rayz_rise_chyernaya/,,—,9be9a09b-7eff-11ef-8e10-005056b6c1cd#ac39892a-5b2f-11f0-a108-005056b6f117; 9be9a09b-7eff-11ef-8e10-005056b6c1cd#ac3989a6-5b2f-11f0-a108-005056b6f117; 9be9a09b-7eff-11ef-8e10-005056b6c1cd#c2c6c807-5b2f-11f0-a108-005056b6f117; 9be9a09b-7eff-11ef-8e10-005056b6c1cd#c2c6c883-5b2f-11f0-a108-005056b6f117
185000,https://lubanikishina.com/upload/iblock/c4a/te0x0b2lhqa2d9v05f2tt2mjazmkxksa.jpg,Дубленка Рене (RENE) оливковая,FC/RENE/np-tc/greenstone,1,Интернет магазин,Дубленки,0,Дубленка Рене (RENE) оливковая (40),38a8fcb8-fad5-11f0-a13c-005056b6f117#ac39892a-5b2f-11f0-a108-005056b6f117,—,FC/RENE/np-tc/greenstone,0,3162,1,0,0,3161,https://lubanikishina.com/catalog/dublenki/dublenka_rene_rene_olivkovaya/,,—,38a8fcb8-fad5-11f0-a13c-005056b6f117#ac39892a-5b2f-11f0-a108-005056b6f117; 38a8fcb8-fad5-11f0-a13c-005056b6f117#ac3989a6-5b2f-11f0-a108-005056b6f117; 38a8fcb8-fad5-11f0-a13c-005056b6f117#c2c6c807-5b2f-11f0-a108-005056b6f117; 38a8fcb8-fad5-11f0-a13c-005056b6f117#c2c6c883-5b2f-11f0-a108-005056b6f117
185000,https://lubanikishina.com/upload/iblock/c4a/te0x0b2lhqa2d9v05f2tt2mjazmkxksa.jpg,Дубленка Рене (RENE) оливковая,FC/RENE/np-tc/greenstone,1,Интернет магазин,Дубленки,0,Дубленка Рене (RENE) оливковая (42),38a8fcb8-fad5-11f0-a13c-005056b6f117#ac3989a6-5b2f-11f0-a108-005056b6f117,—,FC/RENE/np-tc/greenstone,0,3163,1,0,0,3161,https://lubanikishina.com/catalog/dublenki/dublenka_rene_rene_olivkovaya/,,—,38a8fcb8-fad5-11f0-a13c-005056b6f117#ac39892a-5b2f-11f0-a108-005056b6f117; 38a8fcb8-fad5-11f0-a13c-005056b6f117#ac3989a6-5b2f-11f0-a108-005056b6f117; 38a8fcb8-fad5-11f0-a13c-005056b6f117#c2c6c807-5b2f-11f0-a108-005056b6f117; 38a8fcb8-fad5-11f0-a13c-005056b6f117#c2c6c883-5b2f-11f0-a108-005056b6f117
185000,https://lubanikishina.com/upload/iblock/c4a/te0x0b2lhqa2d9v05f2tt2mjazmkxksa.jpg,Дубленка Рене (RENE) оливковая,FC/RENE/np-tc/greenstone,1,Интернет магазин,Дубленки,0,Дубленка Рене (RENE) оливковая (44),38a8fcb8-fad5-11f0-a13c-005056b6f117#c2c6c807-5b2f-11f0-a108-005056b6f117,—,FC/RENE/np-tc/greenstone,0,3164,1,0,0,3161,https://lubanikishina.com/catalog/dublenki/dublenka_rene_rene_olivkovaya/,,—,38a8fcb8-fad5-11f0-a13c-005056b6f117#ac39892a-5b2f-11f0-a108-005056b6f117; 38a8fcb8-fad5-11f0-a13c-005056b6f117#ac3989a6-5b2f-11f0-a108-005056b6f117; 38a8fcb8-fad5-11f0-a13c-005056b6f117#c2c6c807-5b2f-11f0-a108-005056b6f117; 38a8fcb8-fad5-11f0-a13c-005056b6f117#c2c6c883-5b2f-11f0-a108-005056b6f117
185000,https://lubanikishina.com/upload/iblock/c4a/te0x0b2lhqa2d9v05f2tt2mjazmkxksa.jpg,Дубленка Рене (RENE) оливковая,FC/RENE/np-tc/greenstone,1,Интернет магазин,Дубленки,0,Дубленка Рене (RENE) оливковая (46),38a8fcb8-fad5-11f0-a13c-005056b6f117#c2c6c883-5b2f-11f0-a108-005056b6f117,—,FC/RENE/np-tc/greenstone,0,3165,1,0,0,3161,https://lubanikishina.com/catalog/dublenki/dublenka_rene_rene_olivkovaya/,,—,38a8fcb8-fad5-11f0-a13c-005056b6f117#ac39892a-5b2f-11f0-a108-005056b6f117; 38a8fcb8-fad5-11f0-a13c-005056b6f117#ac3989a6-5b2f-11f0-a108-005056b6f117; 38a8fcb8-fad5-11f0-a13c-005056b6f117#c2c6c807-5b2f-11f0-a108-005056b6f117; 38a8fcb8-fad5-11f0-a13c-005056b6f117#c2c6c883-5b2f-11f0-a108-005056b6f117
185000,https://lubanikishina.com/upload/iblock/ec9/w27kzn7iqt5j1w9xigaj08pjdv972qdh.png,Дубленка Рене (RENE) серо-коричневая,FC/RENE/np-tc/d-taupe,1,Интернет магазин,Дубленки,1,Дубленка Рене (RENE) серо-коричневая (42),644c553c-99f7-11f0-a137-005056b6f117#ac3989a6-5b2f-11f0-a108-005056b6f117,—,FC/RENE/np-tc/d-taupe,1,2870,1,0,0,2868,https://lubanikishina.com/catalog/dublenki/dublenka_rene_rene_sero_korichnevaya/,,—,644c553c-99f7-11f0-a137-005056b6f117#ac3989a6-5b2f-11f0-a108-005056b6f117; 644c553c-99f7-11f0-a137-005056b6f117#ac39892a-5b2f-11f0-a108-005056b6f117; 644c553c-99f7-11f0-a137-005056b6f117#c2c6c807-5b2f-11f0-a108-005056b6f117; 644c553c-99f7-11f0-a137-005056b6f117#c2c6c883-5b2f-11f0-a108-005056b6f117
185000,https://lubanikishina.com/upload/iblock/ec9/w27kzn7iqt5j1w9xigaj08pjdv972qdh.png,Дубленка Рене (RENE) серо-коричневая,FC/RENE/np-tc/d-taupe,1,Интернет магазин,Дубленки,1,Дубленка Рене (RENE) серо-коричневая (40),644c553c-99f7-11f0-a137-005056b6f117#ac39892a-5b2f-11f0-a108-005056b6f117,—,FC/RENE/np-tc/d-taupe,0,2869,1,0,0,2868,https://lubanikishina.com/catalog/dublenki/dublenka_rene_rene_sero_korichnevaya/,,—,644c553c-99f7-11f0-a137-005056b6f117#ac3989a6-5b2f-11f0-a108-005056b6f117; 644c553c-99f7-11f0-a137-005056b6f117#ac39892a-5b2f-11f0-a108-005056b6f117; 644c553c-99f7-11f0-a137-005056b6f117#c2c6c807-5b2f-11f0-a108-005056b6f117; 644c553c-99f7-11f0-a137-005056b6f117#c2c6c883-5b2f-11f0-a108-005056b6f117
185000,https://lubanikishina.com/upload/iblock/ec9/w27kzn7iqt5j1w9xigaj08pjdv972qdh.png,Дубленка Рене (RENE) серо-коричневая,FC/RENE/np-tc/d-taupe,1,Интернет магазин,Дубленки,1,Дубленка Рене (RENE) серо-коричневая (44),644c553c-99f7-11f0-a137-005056b6f117#c2c6c807-5b2f-11f0-a108-005056b6f117,—,FC/RENE/np-tc/d-taupe,0,2871,1,0,0,2868,https://lubanikishina.com/catalog/dublenki/dublenka_rene_rene_sero_korichnevaya/,,—,644c553c-99f7-11f0-a137-005056b6f117#ac3989a6-5b2f-11f0-a108-005056b6f117; 644c553c-99f7-11f0-a137-005056b6f117#ac39892a-5b2f-11f0-a108-005056b6f117; 644c553c-99f7-11f0-a137-005056b6f117#c2c6c807-5b2f-11f0-a108-005056b6f117; 644c553c-99f7-11f0-a137-005056b6f117#c2c6c883-5b2f-11f0-a108-005056b6f117
185000,https://lubanikishina.com/upload/iblock/ec9/w27kzn7iqt5j1w9xigaj08pjdv972qdh.png,Дубленка Рене (RENE) серо-коричневая,FC/RENE/np-tc/d-taupe,1,Интернет магазин,Дубленки,1,Дубленка Рене (RENE) серо-коричневая (46),644c553c-99f7-11f0-a137-005056b6f117#c2c6c883-5b2f-11f0-a108-005056b6f117,—,FC/RENE/np-tc/d-taupe,0,2872,1,0,0,2868,https://lubanikishina.com/catalog/dublenki/dublenka_rene_rene_sero_korichnevaya/,,—,644c553c-99f7-11f0-a137-005056b6f117#ac3989a6-5b2f-11f0-a108-005056b6f117; 644c553c-99f7-11f0-a137-005056b6f117#ac39892a-5b2f-11f0-a108-005056b6f117; 644c553c-99f7-11f0-a137-005056b6f117#c2c6c807-5b2f-11f0-a108-005056b6f117; 644c553c-99f7-11f0-a137-005056b6f117#c2c6c883-5b2f-11f0-a108-005056b6f117
185000,https://lubanikishina.com/upload/iblock/e24/h24eublji61k4vc2zitbhtw5kphon3nz.png,Дубленка Рене (RENE) темно-коричневая,FC/RENE/zm-tc/d-brown,1,Интернет магазин,Дубленки,0,Дубленка Рене (RENE) темно-коричневая (40),badccf18-829a-11f0-a131-005056b6f117#ac39892a-5b2f-11f0-a108-005056b6f117,—,FC/RENE/zm-tc/d-brown,0,2827,1,0,0,2825,https://lubanikishina.com/catalog/dublenki/dublenka_rene_rene_temno_korichnevaya/,,—,badccf18-829a-11f0-a131-005056b6f117#ac39892a-5b2f-11f0-a108-005056b6f117; badccf18-829a-11f0-a131-005056b6f117#ac3989a6-5b2f-11f0-a108-005056b6f117; badccf18-829a-11f0-a131-005056b6f117#c2c6c807-5b2f-11f0-a108-005056b6f117; badccf18-829a-11f0-a131-005056b6f117#c2c6c883-5b2f-11f0-a108-005056b6f117
185000,https://lubanikishina.com/upload/iblock/e24/h24eublji61k4vc2zitbhtw5kphon3nz.png,Дубленка Рене (RENE) темно-коричневая,FC/RENE/zm-tc/d-brown,1,Интернет магазин,Дубленки,0,Дубленка Рене (RENE) темно-коричневая (42),badccf18-829a-11f0-a131-005056b6f117#ac3989a6-5b2f-11f0-a108-005056b6f117,—,FC/RENE/zm-tc/d-brown,0,2829,1,0,0,2825,https://lubanikishina.com/catalog/dublenki/dublenka_rene_rene_temno_korichnevaya/,,—,badccf18-829a-11f0-a131-005056b6f117#ac39892a-5b2f-11f0-a108-005056b6f117; badccf18-829a-11f0-a131-005056b6f117#ac3989a6-5b2f-11f0-a108-005056b6f117; badccf18-829a-11f0-a131-005056b6f117#c2c6c807-5b2f-11f0-a108-005056b6f117; badccf18-829a-11f0-a131-005056b6f117#c2c6c883-5b2f-11f0-a108-005056b6f117
185000,https://lubanikishina.com/upload/iblock/e24/h24eublji61k4vc2zitbhtw5kphon3nz.png,Дубленка Рене (RENE) темно-коричневая,FC/RENE/zm-tc/d-brown,1,Интернет магазин,Дубленки,0,Дубленка Рене (RENE) темно-коричневая (44),badccf18-829a-11f0-a131-005056b6f117#c2c6c807-5b2f-11f0-a108-005056b6f117,—,FC/RENE/zm-tc/d-brown,0,2831,1,0,0,2825,https://lubanikishina.com/catalog/dublenki/dublenka_rene_rene_temno_korichnevaya/,,—,badccf18-829a-11f0-a131-005056b6f117#ac39892a-5b2f-11f0-a108-005056b6f117; badccf18-829a-11f0-a131-005056b6f117#ac3989a6-5b2f-11f0-a108-005056b6f117; badccf18-829a-11f0-a131-005056b6f117#c2c6c807-5b2f-11f0-a108-005056b6f117; badccf18-829a-11f0-a131-005056b6f117#c2c6c883-5b2f-11f0-a108-005056b6f117
185000,https://lubanikishina.com/upload/iblock/e24/h24eublji61k4vc2zitbhtw5kphon3nz.png,Дубленка Рене (RENE) темно-коричневая,FC/RENE/zm-tc/d-brown,1,Интернет магазин,Дубленки,0,Дубленка Рене (RENE) темно-коричневая (46),badccf18-829a-11f0-a131-005056b6f117#c2c6c883-5b2f-11f0-a108-005056b6f117,—,FC/RENE/zm-tc/d-brown,0,2833,1,0,0,2825,https://lubanikishina.com/catalog/dublenki/dublenka_rene_rene_temno_korichnevaya/,,—,badccf18-829a-11f0-a131-005056b6f117#ac39892a-5b2f-11f0-a108-005056b6f117; badccf18-829a-11f0-a131-005056b6f117#ac3989a6-5b2f-11f0-a108-005056b6f117; badccf18-829a-11f0-a131-005056b6f117#c2c6c807-5b2f-11f0-a108-005056b6f117; badccf18-829a-11f0-a131-005056b6f117#c2c6c883-5b2f-11f0-a108-005056b6f117
185000,https://lubanikishina.com/upload/iblock/97d/4gu99cg75c4l6s0uvtr509in1hhljoya.jpg,Дубленка Рене (RENE) чёрная,FC/RENE/np-tc/black,1,Интернет магазин,Дубленки,0,Дубленка Рене (RENE) чёрная (40),31506d06-f5ab-11ef-8e37-005056b6c1cd#ac39892a-5b2f-11f0-a108-005056b6f117,—,FC/RENE/np-tc/black,0,2851,1,0,0,2849,https://lubanikishina.com/catalog/dublenki/dublenka_rene_rene_chyernaya/,,—,31506d06-f5ab-11ef-8e37-005056b6c1cd#ac39892a-5b2f-11f0-a108-005056b6f117; 31506d06-f5ab-11ef-8e37-005056b6c1cd#ac3989a6-5b2f-11f0-a108-005056b6f117; 31506d06-f5ab-11ef-8e37-005056b6c1cd#c2c6c807-5b2f-11f0-a108-005056b6f117; 31506d06-f5ab-11ef-8e37-005056b6c1cd#c2c6c883-5b2f-11f0-a108-005056b6f117; 31506d06-f5ab-11ef-8e37-005056b6c1cd#a1ca0b24-5b2f-11f0-a108-005056b6f117
185000,https://lubanikishina.com/upload/iblock/97d/4gu99cg75c4l6s0uvtr509in1hhljoya.jpg,Дубленка Рене (RENE) чёрная,FC/RENE/np-tc/black,1,Интернет магазин,Дубленки,0,Дубленка Рене (RENE) чёрная (42),31506d06-f5ab-11ef-8e37-005056b6c1cd#ac3989a6-5b2f-11f0-a108-005056b6f117,—,FC/RENE/np-tc/black,0,2852,1,0,0,2849,https://lubanikishina.com/catalog/dublenki/dublenka_rene_rene_chyernaya/,,—,31506d06-f5ab-11ef-8e37-005056b6c1cd#ac39892a-5b2f-11f0-a108-005056b6f117; 31506d06-f5ab-11ef-8e37-005056b6c1cd#ac3989a6-5b2f-11f0-a108-005056b6f117; 31506d06-f5ab-11ef-8e37-005056b6c1cd#c2c6c807-5b2f-11f0-a108-005056b6f117; 31506d06-f5ab-11ef-8e37-005056b6c1cd#c2c6c883-5b2f-11f0-a108-005056b6f117; 31506d06-f5ab-11ef-8e37-005056b6c1cd#a1ca0b24-5b2f-11f0-a108-005056b6f117
185000,https://lubanikishina.com/upload/iblock/97d/4gu99cg75c4l6s0uvtr509in1hhljoya.jpg,Дубленка Рене (RENE) чёрная,FC/RENE/np-tc/black,1,Интернет магазин,Дубленки,0,Дубленка Рене (RENE) чёрная (44),31506d06-f5ab-11ef-8e37-005056b6c1cd#c2c6c807-5b2f-11f0-a108-005056b6f117,—,FC/RENE/np-tc/black,0,2853,1,0,0,2849,https://lubanikishina.com/catalog/dublenki/dublenka_rene_rene_chyernaya/,,—,31506d06-f5ab-11ef-8e37-005056b6c1cd#ac39892a-5b2f-11f0-a108-005056b6f117; 31506d06-f5ab-11ef-8e37-005056b6c1cd#ac3989a6-5b2f-11f0-a108-005056b6f117; 31506d06-f5ab-11ef-8e37-005056b6c1cd#c2c6c807-5b2f-11f0-a108-005056b6f117; 31506d06-f5ab-11ef-8e37-005056b6c1cd#c2c6c883-5b2f-11f0-a108-005056b6f117; 31506d06-f5ab-11ef-8e37-005056b6c1cd#a1ca0b24-5b2f-11f0-a108-005056b6f117
185000,https://lubanikishina.com/upload/iblock/97d/4gu99cg75c4l6s0uvtr509in1hhljoya.jpg,Дубленка Рене (RENE) чёрная,FC/RENE/np-tc/black,1,Интернет магазин,Дубленки,0,Дубленка Рене (RENE) чёрная (46),31506d06-f5ab-11ef-8e37-005056b6c1cd#c2c6c883-5b2f-11f0-a108-005056b6f117,—,FC/RENE/np-tc/black,0,2854,1,0,0,2849,https://lubanikishina.com/catalog/dublenki/dublenka_rene_rene_chyernaya/,,—,31506d06-f5ab-11ef-8e37-005056b6c1cd#ac39892a-5b2f-11f0-a108-005056b6f117; 31506d06-f5ab-11ef-8e37-005056b6c1cd#ac3989a6-5b2f-11f0-a108-005056b6f117; 31506d06-f5ab-11ef-8e37-005056b6c1cd#c2c6c807-5b2f-11f0-a108-005056b6f117; 31506d06-f5ab-11ef-8e37-005056b6c1cd#c2c6c883-5b2f-11f0-a108-005056b6f117; 31506d06-f5ab-11ef-8e37-005056b6c1cd#a1ca0b24-5b2f-11f0-a108-005056b6f117
185000,https://lubanikishina.com/upload/iblock/97d/4gu99cg75c4l6s0uvtr509in1hhljoya.jpg,Дубленка Рене (RENE) чёрная,FC/RENE/np-tc/black,1,Интернет магазин,Дубленки,0,Дубленка Рене (RENE) чёрная (38),31506d06-f5ab-11ef-8e37-005056b6c1cd#a1ca0b24-5b2f-11f0-a108-005056b6f117,—,FC/RENE/np-tc/black,0,3177,1,0,0,2849,https://lubanikishina.com/catalog/dublenki/dublenka_rene_rene_chyernaya/,,—,31506d06-f5ab-11ef-8e37-005056b6c1cd#ac39892a-5b2f-11f0-a108-005056b6f117; 31506d06-f5ab-11ef-8e37-005056b6c1cd#ac3989a6-5b2f-11f0-a108-005056b6f117; 31506d06-f5ab-11ef-8e37-005056b6c1cd#c2c6c807-5b2f-11f0-a108-005056b6f117; 31506d06-f5ab-11ef-8e37-005056b6c1cd#c2c6c883-5b2f-11f0-a108-005056b6f117; 31506d06-f5ab-11ef-8e37-005056b6c1cd#a1ca0b24-5b2f-11f0-a108-005056b6f117
280000,https://lubanikishina.com/upload/iblock/9f0/jnve8hl9zkq9mukinvo3mczwnutdtu5p.png,Дубленка Сторми (STORMI) айвори,FC/STORMI/np-tg/ivory,1,Интернет магазин,Дубленки,0,Дубленка Сторми (STORMI) айвори (40),5bb9ca8b-4513-11f0-8e5e-005056b6c1cd#ac39892a-5b2f-11f0-a108-005056b6f117,—,FC/STORMI/np-tg/ivory,0,2635,1,0,0,2516,https://lubanikishina.com/catalog/dublenki/dublenka_stormi_stormi_ayvori/,,—,5bb9ca8b-4513-11f0-8e5e-005056b6c1cd#ac39892a-5b2f-11f0-a108-005056b6f117; 5bb9ca8b-4513-11f0-8e5e-005056b6c1cd#ac3989a6-5b2f-11f0-a108-005056b6f117; 5bb9ca8b-4513-11f0-8e5e-005056b6c1cd#c2c6c807-5b2f-11f0-a108-005056b6f117; 5bb9ca8b-4513-11f0-8e5e-005056b6c1cd#c2c6c883-5b2f-11f0-a108-005056b6f117
280000,https://lubanikishina.com/upload/iblock/9f0/jnve8hl9zkq9mukinvo3mczwnutdtu5p.png,Дубленка Сторми (STORMI) айвори,FC/STORMI/np-tg/ivory,1,Интернет магазин,Дубленки,0,Дубленка Сторми (STORMI) айвори (42),5bb9ca8b-4513-11f0-8e5e-005056b6c1cd#ac3989a6-5b2f-11f0-a108-005056b6f117,—,FC/STORMI/np-tg/ivory,0,2637,1,0,0,2516,https://lubanikishina.com/catalog/dublenki/dublenka_stormi_stormi_ayvori/,,—,5bb9ca8b-4513-11f0-8e5e-005056b6c1cd#ac39892a-5b2f-11f0-a108-005056b6f117; 5bb9ca8b-4513-11f0-8e5e-005056b6c1cd#ac3989a6-5b2f-11f0-a108-005056b6f117; 5bb9ca8b-4513-11f0-8e5e-005056b6c1cd#c2c6c807-5b2f-11f0-a108-005056b6f117; 5bb9ca8b-4513-11f0-8e5e-005056b6c1cd#c2c6c883-5b2f-11f0-a108-005056b6f117
280000,https://lubanikishina.com/upload/iblock/9f0/jnve8hl9zkq9mukinvo3mczwnutdtu5p.png,Дубленка Сторми (STORMI) айвори,FC/STORMI/np-tg/ivory,1,Интернет магазин,Дубленки,0,Дубленка Сторми (STORMI) айвори (44),5bb9ca8b-4513-11f0-8e5e-005056b6c1cd#c2c6c807-5b2f-11f0-a108-005056b6f117,—,FC/STORMI/np-tg/ivory,0,2639,1,0,0,2516,https://lubanikishina.com/catalog/dublenki/dublenka_stormi_stormi_ayvori/,,—,5bb9ca8b-4513-11f0-8e5e-005056b6c1cd#ac39892a-5b2f-11f0-a108-005056b6f117; 5bb9ca8b-4513-11f0-8e5e-005056b6c1cd#ac3989a6-5b2f-11f0-a108-005056b6f117; 5bb9ca8b-4513-11f0-8e5e-005056b6c1cd#c2c6c807-5b2f-11f0-a108-005056b6f117; 5bb9ca8b-4513-11f0-8e5e-005056b6c1cd#c2c6c883-5b2f-11f0-a108-005056b6f117
280000,https://lubanikishina.com/upload/iblock/9f0/jnve8hl9zkq9mukinvo3mczwnutdtu5p.png,Дубленка Сторми (STORMI) айвори,FC/STORMI/np-tg/ivory,1,Интернет магазин,Дубленки,0,Дубленка Сторми (STORMI) айвори (46),5bb9ca8b-4513-11f0-8e5e-005056b6c1cd#c2c6c883-5b2f-11f0-a108-005056b6f117,—,FC/STORMI/np-tg/ivory,0,2641,1,0,0,2516,https://lubanikishina.com/catalog/dublenki/dublenka_stormi_stormi_ayvori/,,—,5bb9ca8b-4513-11f0-8e5e-005056b6c1cd#ac39892a-5b2f-11f0-a108-005056b6f117; 5bb9ca8b-4513-11f0-8e5e-005056b6c1cd#ac3989a6-5b2f-11f0-a108-005056b6f117; 5bb9ca8b-4513-11f0-8e5e-005056b6c1cd#c2c6c807-5b2f-11f0-a108-005056b6f117; 5bb9ca8b-4513-11f0-8e5e-005056b6c1cd#c2c6c883-5b2f-11f0-a108-005056b6f117
175000,https://lubanikishina.com/upload/iblock/44f/3gcqi68sqqlm32l9eqvaj4p1trx8lwut.jpg,Дубленка Терра (TERRA) винтажная,FC/TERRA/cr-kr/v-brown,1,Интернет магазин,Дубленки,1,Дубленка Терра (TERRA) винтажная (42),03e48b72-79f4-11f0-a124-005056b6f117#ac3989a6-5b2f-11f0-a108-005056b6f117,—,FC/TERRA/cr-kr/v-brown,1,2788,1,0,0,2776,https://lubanikishina.com/catalog/dublenki/dublenka_terra_terra_vintazhnaya/,,—,03e48b72-79f4-11f0-a124-005056b6f117#ac3989a6-5b2f-11f0-a108-005056b6f117; 03e48b72-79f4-11f0-a124-005056b6f117#a1ca0b24-5b2f-11f0-a108-005056b6f117; 03e48b72-79f4-11f0-a124-005056b6f117#ac39892a-5b2f-11f0-a108-005056b6f117; 03e48b72-79f4-11f0-a124-005056b6f117#c2c6c807-5b2f-11f0-a108-005056b6f117; 03e48b72-79f4-11f0-a124-005056b6f117#c2c6c883-5b2f-11f0-a108-005056b6f117
175000,https://lubanikishina.com/upload/iblock/44f/3gcqi68sqqlm32l9eqvaj4p1trx8lwut.jpg,Дубленка Терра (TERRA) винтажная,FC/TERRA/cr-kr/v-brown,1,Интернет магазин,Дубленки,1,Дубленка Терра (TERRA) винтажная (38),03e48b72-79f4-11f0-a124-005056b6f117#a1ca0b24-5b2f-11f0-a108-005056b6f117,—,FC/TERRA/cr-kr/v-brown,0,2780,1,0,0,2776,https://lubanikishina.com/catalog/dublenki/dublenka_terra_terra_vintazhnaya/,,—,03e48b72-79f4-11f0-a124-005056b6f117#ac3989a6-5b2f-11f0-a108-005056b6f117; 03e48b72-79f4-11f0-a124-005056b6f117#a1ca0b24-5b2f-11f0-a108-005056b6f117; 03e48b72-79f4-11f0-a124-005056b6f117#ac39892a-5b2f-11f0-a108-005056b6f117; 03e48b72-79f4-11f0-a124-005056b6f117#c2c6c807-5b2f-11f0-a108-005056b6f117; 03e48b72-79f4-11f0-a124-005056b6f117#c2c6c883-5b2f-11f0-a108-005056b6f117
175000,https://lubanikishina.com/upload/iblock/44f/3gcqi68sqqlm32l9eqvaj4p1trx8lwut.jpg,Дубленка Терра (TERRA) винтажная,FC/TERRA/cr-kr/v-brown,1,Интернет магазин,Дубленки,1,Дубленка Терра (TERRA) винтажная (40),03e48b72-79f4-11f0-a124-005056b6f117#ac39892a-5b2f-11f0-a108-005056b6f117,—,FC/TERRA/cr-kr/v-brown,0,2784,1,0,0,2776,https://lubanikishina.com/catalog/dublenki/dublenka_terra_terra_vintazhnaya/,,—,03e48b72-79f4-11f0-a124-005056b6f117#ac3989a6-5b2f-11f0-a108-005056b6f117; 03e48b72-79f4-11f0-a124-005056b6f117#a1ca0b24-5b2f-11f0-a108-005056b6f117; 03e48b72-79f4-11f0-a124-005056b6f117#ac39892a-5b2f-11f0-a108-005056b6f117; 03e48b72-79f4-11f0-a124-005056b6f117#c2c6c807-5b2f-11f0-a108-005056b6f117; 03e48b72-79f4-11f0-a124-005056b6f117#c2c6c883-5b2f-11f0-a108-005056b6f117
175000,https://lubanikishina.com/upload/iblock/44f/3gcqi68sqqlm32l9eqvaj4p1trx8lwut.jpg,Дубленка Терра (TERRA) винтажная,FC/TERRA/cr-kr/v-brown,1,Интернет магазин,Дубленки,1,Дубленка Терра (TERRA) винтажная (44),03e48b72-79f4-11f0-a124-005056b6f117#c2c6c807-5b2f-11f0-a108-005056b6f117,—,FC/TERRA/cr-kr/v-brown,0,2792,1,0,0,2776,https://lubanikishina.com/catalog/dublenki/dublenka_terra_terra_vintazhnaya/,,—,03e48b72-79f4-11f0-a124-005056b6f117#ac3989a6-5b2f-11f0-a108-005056b6f117; 03e48b72-79f4-11f0-a124-005056b6f117#a1ca0b24-5b2f-11f0-a108-005056b6f117; 03e48b72-79f4-11f0-a124-005056b6f117#ac39892a-5b2f-11f0-a108-005056b6f117; 03e48b72-79f4-11f0-a124-005056b6f117#c2c6c807-5b2f-11f0-a108-005056b6f117; 03e48b72-79f4-11f0-a124-005056b6f117#c2c6c883-5b2f-11f0-a108-005056b6f117
175000,https://lubanikishina.com/upload/iblock/44f/3gcqi68sqqlm32l9eqvaj4p1trx8lwut.jpg,Дубленка Терра (TERRA) винтажная,FC/TERRA/cr-kr/v-brown,1,Интернет магазин,Дубленки,1,Дубленка Терра (TERRA) винтажная (46),03e48b72-79f4-11f0-a124-005056b6f117#c2c6c883-5b2f-11f0-a108-005056b6f117,—,FC/TERRA/cr-kr/v-brown,0,2796,1,0,0,2776,https://lubanikishina.com/catalog/dublenki/dublenka_terra_terra_vintazhnaya/,,—,03e48b72-79f4-11f0-a124-005056b6f117#ac3989a6-5b2f-11f0-a108-005056b6f117; 03e48b72-79f4-11f0-a124-005056b6f117#a1ca0b24-5b2f-11f0-a108-005056b6f117; 03e48b72-79f4-11f0-a124-005056b6f117#ac39892a-5b2f-11f0-a108-005056b6f117; 03e48b72-79f4-11f0-a124-005056b6f117#c2c6c807-5b2f-11f0-a108-005056b6f117; 03e48b72-79f4-11f0-a124-005056b6f117#c2c6c883-5b2f-11f0-a108-005056b6f117
240000,https://lubanikishina.com/upload/iblock/dba/3rn2ceq07n0n436xh3fjlmp9sk7oihw9.jpg,Дубленка Тоффи (TOFFI),FC/TOFFI/np-mrl/beige,1,Интернет магазин,Дубленки,0,Дубленка Тоффи (TOFFI) (40),0c3401fb-f6db-11f0-a13c-005056b6f117#ac39892a-5b2f-11f0-a108-005056b6f117,—,FC/TOFFI/np-mrl/beige,0,3157,1,0,0,3156,https://lubanikishina.com/catalog/dublenki/dublenka_toffi_toffi/,,—,0c3401fb-f6db-11f0-a13c-005056b6f117#ac39892a-5b2f-11f0-a108-005056b6f117; 0c3401fb-f6db-11f0-a13c-005056b6f117#ac3989a6-5b2f-11f0-a108-005056b6f117; 0c3401fb-f6db-11f0-a13c-005056b6f117#c2c6c807-5b2f-11f0-a108-005056b6f117; 0c3401fb-f6db-11f0-a13c-005056b6f117#c2c6c883-5b2f-11f0-a108-005056b6f117
240000,https://lubanikishina.com/upload/iblock/dba/3rn2ceq07n0n436xh3fjlmp9sk7oihw9.jpg,Дубленка Тоффи (TOFFI),FC/TOFFI/np-mrl/beige,1,Интернет магазин,Дубленки,0,Дубленка Тоффи (TOFFI) (42),0c3401fb-f6db-11f0-a13c-005056b6f117#ac3989a6-5b2f-11f0-a108-005056b6f117,—,FC/TOFFI/np-mrl/beige,0,3158,1,0,0,3156,https://lubanikishina.com/catalog/dublenki/dublenka_toffi_toffi/,,—,0c3401fb-f6db-11f0-a13c-005056b6f117#ac39892a-5b2f-11f0-a108-005056b6f117; 0c3401fb-f6db-11f0-a13c-005056b6f117#ac3989a6-5b2f-11f0-a108-005056b6f117; 0c3401fb-f6db-11f0-a13c-005056b6f117#c2c6c807-5b2f-11f0-a108-005056b6f117; 0c3401fb-f6db-11f0-a13c-005056b6f117#c2c6c883-5b2f-11f0-a108-005056b6f117
240000,https://lubanikishina.com/upload/iblock/dba/3rn2ceq07n0n436xh3fjlmp9sk7oihw9.jpg,Дубленка Тоффи (TOFFI),FC/TOFFI/np-mrl/beige,1,Интернет магазин,Дубленки,0,Дубленка Тоффи (TOFFI) (44),0c3401fb-f6db-11f0-a13c-005056b6f117#c2c6c807-5b2f-11f0-a108-005056b6f117,—,FC/TOFFI/np-mrl/beige,0,3159,1,0,0,3156,https://lubanikishina.com/catalog/dublenki/dublenka_toffi_toffi/,,—,0c3401fb-f6db-11f0-a13c-005056b6f117#ac39892a-5b2f-11f0-a108-005056b6f117; 0c3401fb-f6db-11f0-a13c-005056b6f117#ac3989a6-5b2f-11f0-a108-005056b6f117; 0c3401fb-f6db-11f0-a13c-005056b6f117#c2c6c807-5b2f-11f0-a108-005056b6f117; 0c3401fb-f6db-11f0-a13c-005056b6f117#c2c6c883-5b2f-11f0-a108-005056b6f117
240000,https://lubanikishina.com/upload/iblock/dba/3rn2ceq07n0n436xh3fjlmp9sk7oihw9.jpg,Дубленка Тоффи (TOFFI),FC/TOFFI/np-mrl/beige,1,Интернет магазин,Дубленки,0,Дубленка Тоффи (TOFFI) (46),0c3401fb-f6db-11f0-a13c-005056b6f117#c2c6c883-5b2f-11f0-a108-005056b6f117,—,FC/TOFFI/np-mrl/beige,0,3160,1,0,0,3156,https://lubanikishina.com/catalog/dublenki/dublenka_toffi_toffi/,,—,0c3401fb-f6db-11f0-a13c-005056b6f117#ac39892a-5b2f-11f0-a108-005056b6f117; 0c3401fb-f6db-11f0-a13c-005056b6f117#ac3989a6-5b2f-11f0-a108-005056b6f117; 0c3401fb-f6db-11f0-a13c-005056b6f117#c2c6c807-5b2f-11f0-a108-005056b6f117; 0c3401fb-f6db-11f0-a13c-005056b6f117#c2c6c883-5b2f-11f0-a108-005056b6f117
240000,https://lubanikishina.com/upload/iblock/dfe/s5yz36z85ikbsbhtf1eghlyvsamnoyp5.jpg,Дубленка Тоффи (TOFFI) коричневая,FC/TOFFI/np-mrl/brown,1,Интернет магазин,Дубленки,2,Дубленка Тоффи (TOFFI) коричневая (40),af9d3be6-1250-11f1-a13e-005056b6f117#ac39892a-5b2f-11f0-a108-005056b6f117,—,FC/TOFFI/np-mrl/brown,0,3194,1,0,0,3193,https://lubanikishina.com/catalog/dublenki/dublenka_toffi_toffi_korichnevaya/,,—,af9d3be6-1250-11f1-a13e-005056b6f117#ac39892a-5b2f-11f0-a108-005056b6f117; af9d3be6-1250-11f1-a13e-005056b6f117#ac3989a6-5b2f-11f0-a108-005056b6f117; af9d3be6-1250-11f1-a13e-005056b6f117#c2c6c807-5b2f-11f0-a108-005056b6f117; af9d3be6-1250-11f1-a13e-005056b6f117#c2c6c883-5b2f-11f0-a108-005056b6f117
240000,https://lubanikishina.com/upload/iblock/dfe/s5yz36z85ikbsbhtf1eghlyvsamnoyp5.jpg,Дубленка Тоффи (TOFFI) коричневая,FC/TOFFI/np-mrl/brown,1,Интернет магазин,Дубленки,2,Дубленка Тоффи (TOFFI) коричневая (42),af9d3be6-1250-11f1-a13e-005056b6f117#ac3989a6-5b2f-11f0-a108-005056b6f117,—,FC/TOFFI/np-mrl/brown,0,3195,1,0,0,3193,https://lubanikishina.com/catalog/dublenki/dublenka_toffi_toffi_korichnevaya/,,—,af9d3be6-1250-11f1-a13e-005056b6f117#ac39892a-5b2f-11f0-a108-005056b6f117; af9d3be6-1250-11f1-a13e-005056b6f117#ac3989a6-5b2f-11f0-a108-005056b6f117; af9d3be6-1250-11f1-a13e-005056b6f117#c2c6c807-5b2f-11f0-a108-005056b6f117; af9d3be6-1250-11f1-a13e-005056b6f117#c2c6c883-5b2f-11f0-a108-005056b6f117
240000,https://lubanikishina.com/upload/iblock/dfe/s5yz36z85ikbsbhtf1eghlyvsamnoyp5.jpg,Дубленка Тоффи (TOFFI) коричневая,FC/TOFFI/np-mrl/brown,1,Интернет магазин,Дубленки,2,Дубленка Тоффи (TOFFI) коричневая (44),af9d3be6-1250-11f1-a13e-005056b6f117#c2c6c807-5b2f-11f0-a108-005056b6f117,—,FC/TOFFI/np-mrl/brown,0,3196,1,0,0,3193,https://lubanikishina.com/catalog/dublenki/dublenka_toffi_toffi_korichnevaya/,,—,af9d3be6-1250-11f1-a13e-005056b6f117#ac39892a-5b2f-11f0-a108-005056b6f117; af9d3be6-1250-11f1-a13e-005056b6f117#ac3989a6-5b2f-11f0-a108-005056b6f117; af9d3be6-1250-11f1-a13e-005056b6f117#c2c6c807-5b2f-11f0-a108-005056b6f117; af9d3be6-1250-11f1-a13e-005056b6f117#c2c6c883-5b2f-11f0-a108-005056b6f117
240000,https://lubanikishina.com/upload/iblock/dfe/s5yz36z85ikbsbhtf1eghlyvsamnoyp5.jpg,Дубленка Тоффи (TOFFI) коричневая,FC/TOFFI/np-mrl/brown,1,Интернет магазин,Дубленки,2,Дубленка Тоффи (TOFFI) коричневая (46),af9d3be6-1250-11f1-a13e-005056b6f117#c2c6c883-5b2f-11f0-a108-005056b6f117,—,FC/TOFFI/np-mrl/brown,2,3197,1,0,0,3193,https://lubanikishina.com/catalog/dublenki/dublenka_toffi_toffi_korichnevaya/,,—,af9d3be6-1250-11f1-a13e-005056b6f117#ac39892a-5b2f-11f0-a108-005056b6f117; af9d3be6-1250-11f1-a13e-005056b6f117#ac3989a6-5b2f-11f0-a108-005056b6f117; af9d3be6-1250-11f1-a13e-005056b6f117#c2c6c807-5b2f-11f0-a108-005056b6f117; af9d3be6-1250-11f1-a13e-005056b6f117#c2c6c883-5b2f-11f0-a108-005056b6f117
250000,https://lubanikishina.com/upload/iblock/383/9jcawlhk2umugkhe97wazrssitx2f6oi.jpg,Дубленка Умбра (UMBRA),FC/UMBRA/np-tc/smoky,1,Интернет магазин,Дубленки,1,Дубленка Умбра (UMBRA) (44),b478a5cf-8295-11f0-a131-005056b6f117#c2c6c807-5b2f-11f0-a108-005056b6f117,—,FC/UMBRA/np-tc/smoky,1,2813,1,0,0,2807,https://lubanikishina.com/catalog/dublenki/dublenka_umbra_umbra/,,—,b478a5cf-8295-11f0-a131-005056b6f117#c2c6c807-5b2f-11f0-a108-005056b6f117; b478a5cf-8295-11f0-a131-005056b6f117#c2c6c883-5b2f-11f0-a108-005056b6f117
250000,https://lubanikishina.com/upload/iblock/383/9jcawlhk2umugkhe97wazrssitx2f6oi.jpg,Дубленка Умбра (UMBRA),FC/UMBRA/np-tc/smoky,1,Интернет магазин,Дубленки,1,Дубленка Умбра (UMBRA) (46),b478a5cf-8295-11f0-a131-005056b6f117#c2c6c883-5b2f-11f0-a108-005056b6f117,—,FC/UMBRA/np-tc/smoky,0,2814,1,0,0,2807,https://lubanikishina.com/catalog/dublenki/dublenka_umbra_umbra/,,—,b478a5cf-8295-11f0-a131-005056b6f117#c2c6c807-5b2f-11f0-a108-005056b6f117; b478a5cf-8295-11f0-a131-005056b6f117#c2c6c883-5b2f-11f0-a108-005056b6f117
196000,https://lubanikishina.com/upload/iblock/657/e6wam3qq2ol9funfzpk342qrddbri66j.png,Дубленка Федра (FEDRA) бежевая,FC/FEDRA/np-mr/biege,1,Интернет магазин,Дубленки,1,Дубленка Федра (FEDRA) бежевая (40),d8e9342d-66aa-11ef-8e10-005056b6c1cd#ac39892a-5b2f-11f0-a108-005056b6f117,—,FC/FEDRA/np-mr/biege,1,2642,1,0,0,2588,https://lubanikishina.com/catalog/dublenki/dublenka_fedra_fedra_bezhevaya/,,—,d8e9342d-66aa-11ef-8e10-005056b6c1cd#ac39892a-5b2f-11f0-a108-005056b6f117; d8e9342d-66aa-11ef-8e10-005056b6c1cd#ac3989a6-5b2f-11f0-a108-005056b6f117; d8e9342d-66aa-11ef-8e10-005056b6c1cd#c2c6c807-5b2f-11f0-a108-005056b6f117
196000,https://lubanikishina.com/upload/iblock/657/e6wam3qq2ol9funfzpk342qrddbri66j.png,Дубленка Федра (FEDRA) бежевая,FC/FEDRA/np-mr/biege,1,Интернет магазин,Дубленки,1,Дубленка Федра (FEDRA) бежевая (42),d8e9342d-66aa-11ef-8e10-005056b6c1cd#ac3989a6-5b2f-11f0-a108-005056b6f117,—,FC/FEDRA/np-mr/biege,0,2643,1,0,0,2588,https://lubanikishina.com/catalog/dublenki/dublenka_fedra_fedra_bezhevaya/,,—,d8e9342d-66aa-11ef-8e10-005056b6c1cd#ac39892a-5b2f-11f0-a108-005056b6f117; d8e9342d-66aa-11ef-8e10-005056b6c1cd#ac3989a6-5b2f-11f0-a108-005056b6f117; d8e9342d-66aa-11ef-8e10-005056b6c1cd#c2c6c807-5b2f-11f0-a108-005056b6f117
196000,https://lubanikishina.com/upload/iblock/657/e6wam3qq2ol9funfzpk342qrddbri66j.png,Дубленка Федра (FEDRA) бежевая,FC/FEDRA/np-mr/biege,1,Интернет магазин,Дубленки,1,Дубленка Федра (FEDRA) бежевая (44),d8e9342d-66aa-11ef-8e10-005056b6c1cd#c2c6c807-5b2f-11f0-a108-005056b6f117,—,FC/FEDRA/np-mr/biege,0,2644,1,0,0,2588,https://lubanikishina.com/catalog/dublenki/dublenka_fedra_fedra_bezhevaya/,,—,d8e9342d-66aa-11ef-8e10-005056b6c1cd#ac39892a-5b2f-11f0-a108-005056b6f117; d8e9342d-66aa-11ef-8e10-005056b6c1cd#ac3989a6-5b2f-11f0-a108-005056b6f117; d8e9342d-66aa-11ef-8e10-005056b6c1cd#c2c6c807-5b2f-11f0-a108-005056b6f117
196000,https://lubanikishina.com/upload/iblock/960/qt26u8pirivq3gbj8ujxtne2tgaer17j.jpg,Дубленка Федра (FEDRA) графитовая,FC/FEDRA/np-mr/graphit,1,Интернет магазин,Дубленки,5,Дубленка Федра (FEDRA) графитовая (38),210461e5-8482-11ef-8e10-005056b6c1cd#a1ca0b24-5b2f-11f0-a108-005056b6f117,—,FC/FEDRA/np-mr/graphit,1,3097,1,0,0,3096,https://lubanikishina.com/catalog/dublenki/dublenka_fedra_fedra_grafitovaya/,,—,210461e5-8482-11ef-8e10-005056b6c1cd#a1ca0b24-5b2f-11f0-a108-005056b6f117; 210461e5-8482-11ef-8e10-005056b6c1cd#ac39892a-5b2f-11f0-a108-005056b6f117; 210461e5-8482-11ef-8e10-005056b6c1cd#ac3989a6-5b2f-11f0-a108-005056b6f117; 210461e5-8482-11ef-8e10-005056b6c1cd#c2c6c807-5b2f-11f0-a108-005056b6f117; 210461e5-8482-11ef-8e10-005056b6c1cd#c2c6c883-5b2f-11f0-a108-005056b6f117
196000,https://lubanikishina.com/upload/iblock/960/qt26u8pirivq3gbj8ujxtne2tgaer17j.jpg,Дубленка Федра (FEDRA) графитовая,FC/FEDRA/np-mr/graphit,1,Интернет магазин,Дубленки,5,Дубленка Федра (FEDRA) графитовая (40),210461e5-8482-11ef-8e10-005056b6c1cd#ac39892a-5b2f-11f0-a108-005056b6f117,—,FC/FEDRA/np-mr/graphit,1,3098,1,0,0,3096,https://lubanikishina.com/catalog/dublenki/dublenka_fedra_fedra_grafitovaya/,,—,210461e5-8482-11ef-8e10-005056b6c1cd#a1ca0b24-5b2f-11f0-a108-005056b6f117; 210461e5-8482-11ef-8e10-005056b6c1cd#ac39892a-5b2f-11f0-a108-005056b6f117; 210461e5-8482-11ef-8e10-005056b6c1cd#ac3989a6-5b2f-11f0-a108-005056b6f117; 210461e5-8482-11ef-8e10-005056b6c1cd#c2c6c807-5b2f-11f0-a108-005056b6f117; 210461e5-8482-11ef-8e10-005056b6c1cd#c2c6c883-5b2f-11f0-a108-005056b6f117
196000,https://lubanikishina.com/upload/iblock/960/qt26u8pirivq3gbj8ujxtne2tgaer17j.jpg,Дубленка Федра (FEDRA) графитовая,FC/FEDRA/np-mr/graphit,1,Интернет магазин,Дубленки,5,Дубленка Федра (FEDRA) графитовая (42),210461e5-8482-11ef-8e10-005056b6c1cd#ac3989a6-5b2f-11f0-a108-005056b6f117,—,FC/FEDRA/np-mr/graphit,1,3099,1,0,0,3096,https://lubanikishina.com/catalog/dublenki/dublenka_fedra_fedra_grafitovaya/,,—,210461e5-8482-11ef-8e10-005056b6c1cd#a1ca0b24-5b2f-11f0-a108-005056b6f117; 210461e5-8482-11ef-8e10-005056b6c1cd#ac39892a-5b2f-11f0-a108-005056b6f117; 210461e5-8482-11ef-8e10-005056b6c1cd#ac3989a6-5b2f-11f0-a108-005056b6f117; 210461e5-8482-11ef-8e10-005056b6c1cd#c2c6c807-5b2f-11f0-a108-005056b6f117; 210461e5-8482-11ef-8e10-005056b6c1cd#c2c6c883-5b2f-11f0-a108-005056b6f117
196000,https://lubanikishina.com/upload/iblock/960/qt26u8pirivq3gbj8ujxtne2tgaer17j.jpg,Дубленка Федра (FEDRA) графитовая,FC/FEDRA/np-mr/graphit,1,Интернет магазин,Дубленки,5,Дубленка Федра (FEDRA) графитовая (44),210461e5-8482-11ef-8e10-005056b6c1cd#c2c6c807-5b2f-11f0-a108-005056b6f117,—,FC/FEDRA/np-mr/graphit,1,3100,1,0,0,3096,https://lubanikishina.com/catalog/dublenki/dublenka_fedra_fedra_grafitovaya/,,—,210461e5-8482-11ef-8e10-005056b6c1cd#a1ca0b24-5b2f-11f0-a108-005056b6f117; 210461e5-8482-11ef-8e10-005056b6c1cd#ac39892a-5b2f-11f0-a108-005056b6f117; 210461e5-8482-11ef-8e10-005056b6c1cd#ac3989a6-5b2f-11f0-a108-005056b6f117; 210461e5-8482-11ef-8e10-005056b6c1cd#c2c6c807-5b2f-11f0-a108-005056b6f117; 210461e5-8482-11ef-8e10-005056b6c1cd#c2c6c883-5b2f-11f0-a108-005056b6f117
196000,https://lubanikishina.com/upload/iblock/960/qt26u8pirivq3gbj8ujxtne2tgaer17j.jpg,Дубленка Федра (FEDRA) графитовая,FC/FEDRA/np-mr/graphit,1,Интернет магазин,Дубленки,5,Дубленка Федра (FEDRA) графитовая (46),210461e5-8482-11ef-8e10-005056b6c1cd#c2c6c883-5b2f-11f0-a108-005056b6f117,—,FC/FEDRA/np-mr/graphit,1,3101,1,0,0,3096,https://lubanikishina.com/catalog/dublenki/dublenka_fedra_fedra_grafitovaya/,,—,210461e5-8482-11ef-8e10-005056b6c1cd#a1ca0b24-5b2f-11f0-a108-005056b6f117; 210461e5-8482-11ef-8e10-005056b6c1cd#ac39892a-5b2f-11f0-a108-005056b6f117; 210461e5-8482-11ef-8e10-005056b6c1cd#ac3989a6-5b2f-11f0-a108-005056b6f117; 210461e5-8482-11ef-8e10-005056b6c1cd#c2c6c807-5b2f-11f0-a108-005056b6f117; 210461e5-8482-11ef-8e10-005056b6c1cd#c2c6c883-5b2f-11f0-a108-005056b6f117
178000,https://lubanikishina.com/upload/iblock/755/d5at2343xjhil6ernkdbkwkhwenk7poz.jpg,Дубленка Харт (HART) из замши,FC/HART/zm-kr/sandwhite,1,Интернет магазин,Дубленки,1,Дубленка Харт (HART) из замши  (40),2ac1b61a-4d8f-11ef-8e10-005056b6c1cd#ac39892a-5b2f-11f0-a108-005056b6f117,—,FC/HART/zm-kr/sandwhite,0,2620,1,0,0,2053,https://lubanikishina.com/catalog/dublenki/dublenka_khart_hart_iz_zamshi_/,,—,2ac1b61a-4d8f-11ef-8e10-005056b6c1cd#ac39892a-5b2f-11f0-a108-005056b6f117; 2ac1b61a-4d8f-11ef-8e10-005056b6c1cd#ac3989a6-5b2f-11f0-a108-005056b6f117; 2ac1b61a-4d8f-11ef-8e10-005056b6c1cd#c2c6c807-5b2f-11f0-a108-005056b6f117
178000,https://lubanikishina.com/upload/iblock/755/d5at2343xjhil6ernkdbkwkhwenk7poz.jpg,Дубленка Харт (HART) из замши,FC/HART/zm-kr/sandwhite,1,Интернет магазин,Дубленки,1,Дубленка Харт (HART) из замши  (42),2ac1b61a-4d8f-11ef-8e10-005056b6c1cd#ac3989a6-5b2f-11f0-a108-005056b6f117,—,FC/HART/zm-kr/sandwhite,0,2621,1,0,0,2053,https://lubanikishina.com/catalog/dublenki/dublenka_khart_hart_iz_zamshi_/,,—,2ac1b61a-4d8f-11ef-8e10-005056b6c1cd#ac39892a-5b2f-11f0-a108-005056b6f117; 2ac1b61a-4d8f-11ef-8e10-005056b6c1cd#ac3989a6-5b2f-11f0-a108-005056b6f117; 2ac1b61a-4d8f-11ef-8e10-005056b6c1cd#c2c6c807-5b2f-11f0-a108-005056b6f117
178000,https://lubanikishina.com/upload/iblock/755/d5at2343xjhil6ernkdbkwkhwenk7poz.jpg,Дубленка Харт (HART) из замши,FC/HART/zm-kr/sandwhite,1,Интернет магазин,Дубленки,1,Дубленка Харт (HART) из замши  (44),2ac1b61a-4d8f-11ef-8e10-005056b6c1cd#c2c6c807-5b2f-11f0-a108-005056b6f117,—,FC/HART/zm-kr/sandwhite,1,2622,1,0,0,2053,https://lubanikishina.com/catalog/dublenki/dublenka_khart_hart_iz_zamshi_/,,—,2ac1b61a-4d8f-11ef-8e10-005056b6c1cd#ac39892a-5b2f-11f0-a108-005056b6f117; 2ac1b61a-4d8f-11ef-8e10-005056b6c1cd#ac3989a6-5b2f-11f0-a108-005056b6f117; 2ac1b61a-4d8f-11ef-8e10-005056b6c1cd#c2c6c807-5b2f-11f0-a108-005056b6f117
178000,https://lubanikishina.com/upload/iblock/266/n1h8gsufxr24cyitisetcc9pqyev5aam.jpg,Дубленка Харт (HART) коричневая,FC/HART/lc-mr/brrownwhite,1,Интернет магазин,Дубленки,0,Дубленка Харт (HART) коричневая (40),7c30cec6-5ba5-11ef-8e10-005056b6c1cd#ac39892a-5b2f-11f0-a108-005056b6f117,—,FC/HART/lc-mr/brrownwhite,0,2617,1,0,0,2023,https://lubanikishina.com/catalog/dublenki/dublenka_khart_hart_korichnevaya/,,—,7c30cec6-5ba5-11ef-8e10-005056b6c1cd#ac39892a-5b2f-11f0-a108-005056b6f117; 7c30cec6-5ba5-11ef-8e10-005056b6c1cd#ac3989a6-5b2f-11f0-a108-005056b6f117; 7c30cec6-5ba5-11ef-8e10-005056b6c1cd#c2c6c807-5b2f-11f0-a108-005056b6f117; 7c30cec6-5ba5-11ef-8e10-005056b6c1cd#c2c6c883-5b2f-11f0-a108-005056b6f117
178000,https://lubanikishina.com/upload/iblock/266/n1h8gsufxr24cyitisetcc9pqyev5aam.jpg,Дубленка Харт (HART) коричневая,FC/HART/lc-mr/brrownwhite,1,Интернет магазин,Дубленки,0,Дубленка Харт (HART) коричневая (42),7c30cec6-5ba5-11ef-8e10-005056b6c1cd#ac3989a6-5b2f-11f0-a108-005056b6f117,—,FC/HART/lc-mr/brrownwhite,0,2618,1,0,0,2023,https://lubanikishina.com/catalog/dublenki/dublenka_khart_hart_korichnevaya/,,—,7c30cec6-5ba5-11ef-8e10-005056b6c1cd#ac39892a-5b2f-11f0-a108-005056b6f117; 7c30cec6-5ba5-11ef-8e10-005056b6c1cd#ac3989a6-5b2f-11f0-a108-005056b6f117; 7c30cec6-5ba5-11ef-8e10-005056b6c1cd#c2c6c807-5b2f-11f0-a108-005056b6f117; 7c30cec6-5ba5-11ef-8e10-005056b6c1cd#c2c6c883-5b2f-11f0-a108-005056b6f117
178000,https://lubanikishina.com/upload/iblock/266/n1h8gsufxr24cyitisetcc9pqyev5aam.jpg,Дубленка Харт (HART) коричневая,FC/HART/lc-mr/brrownwhite,1,Интернет магазин,Дубленки,0,Дубленка Харт (HART) коричневая (44),7c30cec6-5ba5-11ef-8e10-005056b6c1cd#c2c6c807-5b2f-11f0-a108-005056b6f117,—,FC/HART/lc-mr/brrownwhite,0,2619,1,0,0,2023,https://lubanikishina.com/catalog/dublenki/dublenka_khart_hart_korichnevaya/,,—,7c30cec6-5ba5-11ef-8e10-005056b6c1cd#ac39892a-5b2f-11f0-a108-005056b6f117; 7c30cec6-5ba5-11ef-8e10-005056b6c1cd#ac3989a6-5b2f-11f0-a108-005056b6f117; 7c30cec6-5ba5-11ef-8e10-005056b6c1cd#c2c6c807-5b2f-11f0-a108-005056b6f117; 7c30cec6-5ba5-11ef-8e10-005056b6c1cd#c2c6c883-5b2f-11f0-a108-005056b6f117
178000,https://lubanikishina.com/upload/iblock/266/n1h8gsufxr24cyitisetcc9pqyev5aam.jpg,Дубленка Харт (HART) коричневая,FC/HART/lc-mr/brrownwhite,1,Интернет магазин,Дубленки,0,Дубленка Харт (HART) коричневая (46),7c30cec6-5ba5-11ef-8e10-005056b6c1cd#c2c6c883-5b2f-11f0-a108-005056b6f117,—,FC/HART/lc-mr/brrownwhite,0,3084,1,0,0,2023,https://lubanikishina.com/catalog/dublenki/dublenka_khart_hart_korichnevaya/,,—,7c30cec6-5ba5-11ef-8e10-005056b6c1cd#ac39892a-5b2f-11f0-a108-005056b6f117; 7c30cec6-5ba5-11ef-8e10-005056b6c1cd#ac3989a6-5b2f-11f0-a108-005056b6f117; 7c30cec6-5ba5-11ef-8e10-005056b6c1cd#c2c6c807-5b2f-11f0-a108-005056b6f117; 7c30cec6-5ba5-11ef-8e10-005056b6c1cd#c2c6c883-5b2f-11f0-a108-005056b6f117
187000,https://lubanikishina.com/upload/iblock/8aa/cy4qwozzp4462jjv0i6h98rv2myzalyd.png,Дубленка Эль (ELLE) бежево-коричневая,FC/ELLE/np-kr/biegbrown,1,Интернет магазин,Дубленки,0,Дубленка Эль (ELLE) бежево-коричневая (38),b5ccdb3e-1681-11ef-8e0e-005056b6c1cd#a1ca0b24-5b2f-11f0-a108-005056b6f117,—,FC/ELLE/np-kr/biegbrown,0,2670,1,0,0,2581,https://lubanikishina.com/catalog/dublenki/dublenka_el_elle_bezhevo_korichnevaya/,,—,b5ccdb3e-1681-11ef-8e0e-005056b6c1cd#a1ca0b24-5b2f-11f0-a108-005056b6f117; b5ccdb3e-1681-11ef-8e0e-005056b6c1cd#ac39892a-5b2f-11f0-a108-005056b6f117; b5ccdb3e-1681-11ef-8e0e-005056b6c1cd#ac3989a6-5b2f-11f0-a108-005056b6f117; b5ccdb3e-1681-11ef-8e0e-005056b6c1cd#c2c6c807-5b2f-11f0-a108-005056b6f117
187000,https://lubanikishina.com/upload/iblock/8aa/cy4qwozzp4462jjv0i6h98rv2myzalyd.png,Дубленка Эль (ELLE) бежево-коричневая,FC/ELLE/np-kr/biegbrown,1,Интернет магазин,Дубленки,0,Дубленка Эль (ELLE) бежево-коричневая (40),b5ccdb3e-1681-11ef-8e0e-005056b6c1cd#ac39892a-5b2f-11f0-a108-005056b6f117,—,FC/ELLE/np-kr/biegbrown,0,2672,1,0,0,2581,https://lubanikishina.com/catalog/dublenki/dublenka_el_elle_bezhevo_korichnevaya/,,—,b5ccdb3e-1681-11ef-8e0e-005056b6c1cd#a1ca0b24-5b2f-11f0-a108-005056b6f117; b5ccdb3e-1681-11ef-8e0e-005056b6c1cd#ac39892a-5b2f-11f0-a108-005056b6f117; b5ccdb3e-1681-11ef-8e0e-005056b6c1cd#ac3989a6-5b2f-11f0-a108-005056b6f117; b5ccdb3e-1681-11ef-8e0e-005056b6c1cd#c2c6c807-5b2f-11f0-a108-005056b6f117
187000,https://lubanikishina.com/upload/iblock/8aa/cy4qwozzp4462jjv0i6h98rv2myzalyd.png,Дубленка Эль (ELLE) бежево-коричневая,FC/ELLE/np-kr/biegbrown,1,Интернет магазин,Дубленки,0,Дубленка Эль (ELLE) бежево-коричневая (42),b5ccdb3e-1681-11ef-8e0e-005056b6c1cd#ac3989a6-5b2f-11f0-a108-005056b6f117,—,FC/ELLE/np-kr/biegbrown,0,2674,1,0,0,2581,https://lubanikishina.com/catalog/dublenki/dublenka_el_elle_bezhevo_korichnevaya/,,—,b5ccdb3e-1681-11ef-8e0e-005056b6c1cd#a1ca0b24-5b2f-11f0-a108-005056b6f117; b5ccdb3e-1681-11ef-8e0e-005056b6c1cd#ac39892a-5b2f-11f0-a108-005056b6f117; b5ccdb3e-1681-11ef-8e0e-005056b6c1cd#ac3989a6-5b2f-11f0-a108-005056b6f117; b5ccdb3e-1681-11ef-8e0e-005056b6c1cd#c2c6c807-5b2f-11f0-a108-005056b6f117
187000,https://lubanikishina.com/upload/iblock/8aa/cy4qwozzp4462jjv0i6h98rv2myzalyd.png,Дубленка Эль (ELLE) бежево-коричневая,FC/ELLE/np-kr/biegbrown,1,Интернет магазин,Дубленки,0,Дубленка Эль (ELLE) бежево-коричневая (44),b5ccdb3e-1681-11ef-8e0e-005056b6c1cd#c2c6c807-5b2f-11f0-a108-005056b6f117,—,FC/ELLE/np-kr/biegbrown,0,2676,1,0,0,2581,https://lubanikishina.com/catalog/dublenki/dublenka_el_elle_bezhevo_korichnevaya/,,—,b5ccdb3e-1681-11ef-8e0e-005056b6c1cd#a1ca0b24-5b2f-11f0-a108-005056b6f117; b5ccdb3e-1681-11ef-8e0e-005056b6c1cd#ac39892a-5b2f-11f0-a108-005056b6f117; b5ccdb3e-1681-11ef-8e0e-005056b6c1cd#ac3989a6-5b2f-11f0-a108-005056b6f117; b5ccdb3e-1681-11ef-8e0e-005056b6c1cd#c2c6c807-5b2f-11f0-a108-005056b6f117
187000,https://lubanikishina.com/upload/iblock/109/0puce4ujzeinescgezaqbr56lj5kwot1.png,Дубленка Эль (ELLE) винтажная,FC/ELLE/np-kr/copperwhite,1,Интернет магазин,Дубленки,1,Дубленка Эль (ELLE) винтажная (38),b5ccdb32-1681-11ef-8e0e-005056b6c1cd#a1ca0b24-5b2f-11f0-a108-005056b6f117,—,FC/ELLE/np-kr/copperwhite,1,2709,1,0,0,1821,https://lubanikishina.com/catalog/dublenki/dublenka_el_elle_vintazhnaya/,,—,b5ccdb32-1681-11ef-8e0e-005056b6c1cd#a1ca0b24-5b2f-11f0-a108-005056b6f117; b5ccdb32-1681-11ef-8e0e-005056b6c1cd#ac39892a-5b2f-11f0-a108-005056b6f117; b5ccdb32-1681-11ef-8e0e-005056b6c1cd#ac3989a6-5b2f-11f0-a108-005056b6f117; b5ccdb32-1681-11ef-8e0e-005056b6c1cd#c2c6c807-5b2f-11f0-a108-005056b6f117
187000,https://lubanikishina.com/upload/iblock/109/0puce4ujzeinescgezaqbr56lj5kwot1.png,Дубленка Эль (ELLE) винтажная,FC/ELLE/np-kr/copperwhite,1,Интернет магазин,Дубленки,1,Дубленка Эль (ELLE) винтажная (40),b5ccdb32-1681-11ef-8e0e-005056b6c1cd#ac39892a-5b2f-11f0-a108-005056b6f117,—,FC/ELLE/np-kr/copperwhite,0,2710,1,0,0,1821,https://lubanikishina.com/catalog/dublenki/dublenka_el_elle_vintazhnaya/,,—,b5ccdb32-1681-11ef-8e0e-005056b6c1cd#a1ca0b24-5b2f-11f0-a108-005056b6f117; b5ccdb32-1681-11ef-8e0e-005056b6c1cd#ac39892a-5b2f-11f0-a108-005056b6f117; b5ccdb32-1681-11ef-8e0e-005056b6c1cd#ac3989a6-5b2f-11f0-a108-005056b6f117; b5ccdb32-1681-11ef-8e0e-005056b6c1cd#c2c6c807-5b2f-11f0-a108-005056b6f117
187000,https://lubanikishina.com/upload/iblock/109/0puce4ujzeinescgezaqbr56lj5kwot1.png,Дубленка Эль (ELLE) винтажная,FC/ELLE/np-kr/copperwhite,1,Интернет магазин,Дубленки,1,Дубленка Эль (ELLE) винтажная (42),b5ccdb32-1681-11ef-8e0e-005056b6c1cd#ac3989a6-5b2f-11f0-a108-005056b6f117,—,FC/ELLE/np-kr/copperwhite,0,2711,1,0,0,1821,https://lubanikishina.com/catalog/dublenki/dublenka_el_elle_vintazhnaya/,,—,b5ccdb32-1681-11ef-8e0e-005056b6c1cd#a1ca0b24-5b2f-11f0-a108-005056b6f117; b5ccdb32-1681-11ef-8e0e-005056b6c1cd#ac39892a-5b2f-11f0-a108-005056b6f117; b5ccdb32-1681-11ef-8e0e-005056b6c1cd#ac3989a6-5b2f-11f0-a108-005056b6f117; b5ccdb32-1681-11ef-8e0e-005056b6c1cd#c2c6c807-5b2f-11f0-a108-005056b6f117
187000,https://lubanikishina.com/upload/iblock/109/0puce4ujzeinescgezaqbr56lj5kwot1.png,Дубленка Эль (ELLE) винтажная,FC/ELLE/np-kr/copperwhite,1,Интернет магазин,Дубленки,1,Дубленка Эль (ELLE) винтажная (44),b5ccdb32-1681-11ef-8e0e-005056b6c1cd#c2c6c807-5b2f-11f0-a108-005056b6f117,—,FC/ELLE/np-kr/copperwhite,0,2712,1,0,0,1821,https://lubanikishina.com/catalog/dublenki/dublenka_el_elle_vintazhnaya/,,—,b5ccdb32-1681-11ef-8e0e-005056b6c1cd#a1ca0b24-5b2f-11f0-a108-005056b6f117; b5ccdb32-1681-11ef-8e0e-005056b6c1cd#ac39892a-5b2f-11f0-a108-005056b6f117; b5ccdb32-1681-11ef-8e0e-005056b6c1cd#ac3989a6-5b2f-11f0-a108-005056b6f117; b5ccdb32-1681-11ef-8e0e-005056b6c1cd#c2c6c807-5b2f-11f0-a108-005056b6f117
187000,https://lubanikishina.com/upload/iblock/53f/odebesqluzkha17s33h9xnywtlmoprc2.jpg,Дубленка Эль (ELLE) зелёно-коричневая,FC/ELLE/zm-kr/tabaco,1,Интернет магазин,Дубленки,1,Дубленка Эль (ELLE) зелёно-коричневая (38),b5ccdb3a-1681-11ef-8e0e-005056b6c1cd#a1ca0b24-5b2f-11f0-a108-005056b6f117,—,FC/ELLE/zm-kr/tabaco,0,2669,1,0,0,1410,https://lubanikishina.com/catalog/dublenki/dublenka_el_elle_zelyeno_korichnevaya/,,—,b5ccdb3a-1681-11ef-8e0e-005056b6c1cd#a1ca0b24-5b2f-11f0-a108-005056b6f117; b5ccdb3a-1681-11ef-8e0e-005056b6c1cd#ac39892a-5b2f-11f0-a108-005056b6f117; b5ccdb3a-1681-11ef-8e0e-005056b6c1cd#ac3989a6-5b2f-11f0-a108-005056b6f117; b5ccdb3a-1681-11ef-8e0e-005056b6c1cd#c2c6c807-5b2f-11f0-a108-005056b6f117
187000,https://lubanikishina.com/upload/iblock/53f/odebesqluzkha17s33h9xnywtlmoprc2.jpg,Дубленка Эль (ELLE) зелёно-коричневая,FC/ELLE/zm-kr/tabaco,1,Интернет магазин,Дубленки,1,Дубленка Эль (ELLE) зелёно-коричневая (40),b5ccdb3a-1681-11ef-8e0e-005056b6c1cd#ac39892a-5b2f-11f0-a108-005056b6f117,—,FC/ELLE/zm-kr/tabaco,0,2671,1,0,0,1410,https://lubanikishina.com/catalog/dublenki/dublenka_el_elle_zelyeno_korichnevaya/,,—,b5ccdb3a-1681-11ef-8e0e-005056b6c1cd#a1ca0b24-5b2f-11f0-a108-005056b6f117; b5ccdb3a-1681-11ef-8e0e-005056b6c1cd#ac39892a-5b2f-11f0-a108-005056b6f117; b5ccdb3a-1681-11ef-8e0e-005056b6c1cd#ac3989a6-5b2f-11f0-a108-005056b6f117; b5ccdb3a-1681-11ef-8e0e-005056b6c1cd#c2c6c807-5b2f-11f0-a108-005056b6f117
187000,https://lubanikishina.com/upload/iblock/53f/odebesqluzkha17s33h9xnywtlmoprc2.jpg,Дубленка Эль (ELLE) зелёно-коричневая,FC/ELLE/zm-kr/tabaco,1,Интернет магазин,Дубленки,1,Дубленка Эль (ELLE) зелёно-коричневая (42),b5ccdb3a-1681-11ef-8e0e-005056b6c1cd#ac3989a6-5b2f-11f0-a108-005056b6f117,—,FC/ELLE/zm-kr/tabaco,0,2673,1,0,0,1410,https://lubanikishina.com/catalog/dublenki/dublenka_el_elle_zelyeno_korichnevaya/,,—,b5ccdb3a-1681-11ef-8e0e-005056b6c1cd#a1ca0b24-5b2f-11f0-a108-005056b6f117; b5ccdb3a-1681-11ef-8e0e-005056b6c1cd#ac39892a-5b2f-11f0-a108-005056b6f117; b5ccdb3a-1681-11ef-8e0e-005056b6c1cd#ac3989a6-5b2f-11f0-a108-005056b6f117; b5ccdb3a-1681-11ef-8e0e-005056b6c1cd#c2c6c807-5b2f-11f0-a108-005056b6f117
187000,https://lubanikishina.com/upload/iblock/53f/odebesqluzkha17s33h9xnywtlmoprc2.jpg,Дубленка Эль (ELLE) зелёно-коричневая,FC/ELLE/zm-kr/tabaco,1,Интернет магазин,Дубленки,1,Дубленка Эль (ELLE) зелёно-коричневая (44),b5ccdb3a-1681-11ef-8e0e-005056b6c1cd#c2c6c807-5b2f-11f0-a108-005056b6f117,—,FC/ELLE/zm-kr/tabaco,1,2675,1,0,0,1410,https://lubanikishina.com/catalog/dublenki/dublenka_el_elle_zelyeno_korichnevaya/,,—,b5ccdb3a-1681-11ef-8e0e-005056b6c1cd#a1ca0b24-5b2f-11f0-a108-005056b6f117; b5ccdb3a-1681-11ef-8e0e-005056b6c1cd#ac39892a-5b2f-11f0-a108-005056b6f117; b5ccdb3a-1681-11ef-8e0e-005056b6c1cd#ac3989a6-5b2f-11f0-a108-005056b6f117; b5ccdb3a-1681-11ef-8e0e-005056b6c1cd#c2c6c807-5b2f-11f0-a108-005056b6f117
187000,https://lubanikishina.com/upload/iblock/2c2/zodu1gv4gj1f5s3737s5y7tj4pu3mw3v.jpg,Дубленка Эль (ELLE) серая,FC/ELLE/vi-mr/latte,1,Интернет магазин,Дубленки,1,Дубленка Эль (ELLE) серая (44),088f0f75-5a1e-11ef-8e10-005056b6c1cd#f72cc219-e140-11ee-8e0e-005056b6c1cd,—,FC/ELLE/vi-mr/latte,0,2036,1,0,0,2033,https://lubanikishina.com/catalog/dublenki/dublenka_el_elle_seraya/,,—,088f0f75-5a1e-11ef-8e10-005056b6c1cd#f72cc219-e140-11ee-8e0e-005056b6c1cd; 088f0f75-5a1e-11ef-8e10-005056b6c1cd#f72cc217-e140-11ee-8e0e-005056b6c1cd; 088f0f75-5a1e-11ef-8e10-005056b6c1cd#f72cc218-e140-11ee-8e0e-005056b6c1cd; 088f0f75-5a1e-11ef-8e10-005056b6c1cd#f72cc216-e140-11ee-8e0e-005056b6c1cd; 088f0f75-5a1e-11ef-8e10-005056b6c1cd#f72cc21a-e140-11ee-8e0e-005056b6c1cd
187000,https://lubanikishina.com/upload/iblock/2c2/zodu1gv4gj1f5s3737s5y7tj4pu3mw3v.jpg,Дубленка Эль (ELLE) серая,FC/ELLE/vi-mr/latte,1,Интернет магазин,Дубленки,1,Дубленка Эль (ELLE) серая (40),088f0f75-5a1e-11ef-8e10-005056b6c1cd#f72cc217-e140-11ee-8e0e-005056b6c1cd,—,FC/ELLE/vi-mr/latte,0,2034,1,0,0,2033,https://lubanikishina.com/catalog/dublenki/dublenka_el_elle_seraya/,,—,088f0f75-5a1e-11ef-8e10-005056b6c1cd#f72cc219-e140-11ee-8e0e-005056b6c1cd; 088f0f75-5a1e-11ef-8e10-005056b6c1cd#f72cc217-e140-11ee-8e0e-005056b6c1cd; 088f0f75-5a1e-11ef-8e10-005056b6c1cd#f72cc218-e140-11ee-8e0e-005056b6c1cd; 088f0f75-5a1e-11ef-8e10-005056b6c1cd#f72cc216-e140-11ee-8e0e-005056b6c1cd; 088f0f75-5a1e-11ef-8e10-005056b6c1cd#f72cc21a-e140-11ee-8e0e-005056b6c1cd
187000,https://lubanikishina.com/upload/iblock/2c2/zodu1gv4gj1f5s3737s5y7tj4pu3mw3v.jpg,Дубленка Эль (ELLE) серая,FC/ELLE/vi-mr/latte,1,Интернет магазин,Дубленки,1,Дубленка Эль (ELLE) серая (42),088f0f75-5a1e-11ef-8e10-005056b6c1cd#f72cc218-e140-11ee-8e0e-005056b6c1cd,—,FC/ELLE/vi-mr/latte,1,2035,1,0,0,2033,https://lubanikishina.com/catalog/dublenki/dublenka_el_elle_seraya/,,—,088f0f75-5a1e-11ef-8e10-005056b6c1cd#f72cc219-e140-11ee-8e0e-005056b6c1cd; 088f0f75-5a1e-11ef-8e10-005056b6c1cd#f72cc217-e140-11ee-8e0e-005056b6c1cd; 088f0f75-5a1e-11ef-8e10-005056b6c1cd#f72cc218-e140-11ee-8e0e-005056b6c1cd; 088f0f75-5a1e-11ef-8e10-005056b6c1cd#f72cc216-e140-11ee-8e0e-005056b6c1cd; 088f0f75-5a1e-11ef-8e10-005056b6c1cd#f72cc21a-e140-11ee-8e0e-005056b6c1cd
187000,https://lubanikishina.com/upload/iblock/2c2/zodu1gv4gj1f5s3737s5y7tj4pu3mw3v.jpg,Дубленка Эль (ELLE) серая,FC/ELLE/vi-mr/latte,1,Интернет магазин,Дубленки,1,Дубленка Эль (ELLE) серая (38),088f0f75-5a1e-11ef-8e10-005056b6c1cd#f72cc216-e140-11ee-8e0e-005056b6c1cd,—,FC/ELLE/vi-mr/latte,0,2218,1,0,0,2033,https://lubanikishina.com/catalog/dublenki/dublenka_el_elle_seraya/,,—,088f0f75-5a1e-11ef-8e10-005056b6c1cd#f72cc219-e140-11ee-8e0e-005056b6c1cd; 088f0f75-5a1e-11ef-8e10-005056b6c1cd#f72cc217-e140-11ee-8e0e-005056b6c1cd; 088f0f75-5a1e-11ef-8e10-005056b6c1cd#f72cc218-e140-11ee-8e0e-005056b6c1cd; 088f0f75-5a1e-11ef-8e10-005056b6c1cd#f72cc216-e140-11ee-8e0e-005056b6c1cd; 088f0f75-5a1e-11ef-8e10-005056b6c1cd#f72cc21a-e140-11ee-8e0e-005056b6c1cd
187000,https://lubanikishina.com/upload/iblock/2c2/zodu1gv4gj1f5s3737s5y7tj4pu3mw3v.jpg,Дубленка Эль (ELLE) серая,FC/ELLE/vi-mr/latte,1,Интернет магазин,Дубленки,1,Дубленка Эль (ELLE) серая (46),088f0f75-5a1e-11ef-8e10-005056b6c1cd#f72cc21a-e140-11ee-8e0e-005056b6c1cd,—,FC/ELLE/vi-mr/latte,0,2219,1,0,0,2033,https://lubanikishina.com/catalog/dublenki/dublenka_el_elle_seraya/,,—,088f0f75-5a1e-11ef-8e10-005056b6c1cd#f72cc219-e140-11ee-8e0e-005056b6c1cd; 088f0f75-5a1e-11ef-8e10-005056b6c1cd#f72cc217-e140-11ee-8e0e-005056b6c1cd; 088f0f75-5a1e-11ef-8e10-005056b6c1cd#f72cc218-e140-11ee-8e0e-005056b6c1cd; 088f0f75-5a1e-11ef-8e10-005056b6c1cd#f72cc216-e140-11ee-8e0e-005056b6c1cd; 088f0f75-5a1e-11ef-8e10-005056b6c1cd#f72cc21a-e140-11ee-8e0e-005056b6c1cd
187000,https://lubanikishina.com/upload/iblock/763/q082wgyqhns1ht1zzju07u8tdnx457cp.jpg,Дубленка Эль (ELLE) серо-кориневая,FC/ELLE/vi-kr/latte,1,Интернет магазин,Дубленки,2,Дубленка Эль (ELLE) серо-кориневая (38),8790e2f9-975b-11ef-8e10-005056b6c1cd#a1ca0b24-5b2f-11f0-a108-005056b6f117,—,FC/ELLE/vi-kr/latte,1,2864,1,0,0,2168,https://lubanikishina.com/catalog/dublenki/dublenka_el_elle_sero_korinevaya/,,—,8790e2f9-975b-11ef-8e10-005056b6c1cd#a1ca0b24-5b2f-11f0-a108-005056b6f117; 8790e2f9-975b-11ef-8e10-005056b6c1cd#ac39892a-5b2f-11f0-a108-005056b6f117; 8790e2f9-975b-11ef-8e10-005056b6c1cd#ac3989a6-5b2f-11f0-a108-005056b6f117; 8790e2f9-975b-11ef-8e10-005056b6c1cd#c2c6c807-5b2f-11f0-a108-005056b6f117
187000,https://lubanikishina.com/upload/iblock/763/q082wgyqhns1ht1zzju07u8tdnx457cp.jpg,Дубленка Эль (ELLE) серо-кориневая,FC/ELLE/vi-kr/latte,1,Интернет магазин,Дубленки,2,Дубленка Эль (ELLE) серо-кориневая (40),8790e2f9-975b-11ef-8e10-005056b6c1cd#ac39892a-5b2f-11f0-a108-005056b6f117,—,FC/ELLE/vi-kr/latte,1,2865,1,0,0,2168,https://lubanikishina.com/catalog/dublenki/dublenka_el_elle_sero_korinevaya/,,—,8790e2f9-975b-11ef-8e10-005056b6c1cd#a1ca0b24-5b2f-11f0-a108-005056b6f117; 8790e2f9-975b-11ef-8e10-005056b6c1cd#ac39892a-5b2f-11f0-a108-005056b6f117; 8790e2f9-975b-11ef-8e10-005056b6c1cd#ac3989a6-5b2f-11f0-a108-005056b6f117; 8790e2f9-975b-11ef-8e10-005056b6c1cd#c2c6c807-5b2f-11f0-a108-005056b6f117
187000,https://lubanikishina.com/upload/iblock/763/q082wgyqhns1ht1zzju07u8tdnx457cp.jpg,Дубленка Эль (ELLE) серо-кориневая,FC/ELLE/vi-kr/latte,1,Интернет магазин,Дубленки,2,Дубленка Эль (ELLE) серо-кориневая (42),8790e2f9-975b-11ef-8e10-005056b6c1cd#ac3989a6-5b2f-11f0-a108-005056b6f117,—,FC/ELLE/vi-kr/latte,0,2866,1,0,0,2168,https://lubanikishina.com/catalog/dublenki/dublenka_el_elle_sero_korinevaya/,,—,8790e2f9-975b-11ef-8e10-005056b6c1cd#a1ca0b24-5b2f-11f0-a108-005056b6f117; 8790e2f9-975b-11ef-8e10-005056b6c1cd#ac39892a-5b2f-11f0-a108-005056b6f117; 8790e2f9-975b-11ef-8e10-005056b6c1cd#ac3989a6-5b2f-11f0-a108-005056b6f117; 8790e2f9-975b-11ef-8e10-005056b6c1cd#c2c6c807-5b2f-11f0-a108-005056b6f117
187000,https://lubanikishina.com/upload/iblock/763/q082wgyqhns1ht1zzju07u8tdnx457cp.jpg,Дубленка Эль (ELLE) серо-кориневая,FC/ELLE/vi-kr/latte,1,Интернет магазин,Дубленки,2,Дубленка Эль (ELLE) серо-кориневая (44),8790e2f9-975b-11ef-8e10-005056b6c1cd#c2c6c807-5b2f-11f0-a108-005056b6f117,—,FC/ELLE/vi-kr/latte,0,2867,1,0,0,2168,https://lubanikishina.com/catalog/dublenki/dublenka_el_elle_sero_korinevaya/,,—,8790e2f9-975b-11ef-8e10-005056b6c1cd#a1ca0b24-5b2f-11f0-a108-005056b6f117; 8790e2f9-975b-11ef-8e10-005056b6c1cd#ac39892a-5b2f-11f0-a108-005056b6f117; 8790e2f9-975b-11ef-8e10-005056b6c1cd#ac3989a6-5b2f-11f0-a108-005056b6f117; 8790e2f9-975b-11ef-8e10-005056b6c1cd#c2c6c807-5b2f-11f0-a108-005056b6f117
187000,,Дубленка Эль (ELLE) серо-кориневая (38),FC/ELLE/vi-kr/latte,1,Трехпрудный,,1,Дубленка Эль (ELLE) серо-кориневая (38),,—,FC/ELLE/vi-kr/latte,1,,1,0,,,,,—,
187000,https://lubanikishina.com/upload/iblock/e7b/g2i1nbm3e6ls0m0tl45kfo3u8mpndr52.jpg,Дубленка Эль (ELLE) чёрная,FC/ELLE/np-kr/black,1,Интернет магазин,Дубленки,0,Дубленка Эль (ELLE) чёрная (38),b5ccdb3b-1681-11ef-8e0e-005056b6c1cd#a1ca0b24-5b2f-11f0-a108-005056b6f117,—,FC/ELLE/np-kr/black,0,2697,1,0,0,1822,https://lubanikishina.com/catalog/dublenki/dublenka_el_elle_chyernaya/,,—,b5ccdb3b-1681-11ef-8e0e-005056b6c1cd#a1ca0b24-5b2f-11f0-a108-005056b6f117; b5ccdb3b-1681-11ef-8e0e-005056b6c1cd#ac39892a-5b2f-11f0-a108-005056b6f117; b5ccdb3b-1681-11ef-8e0e-005056b6c1cd#ac3989a6-5b2f-11f0-a108-005056b6f117; b5ccdb3b-1681-11ef-8e0e-005056b6c1cd#c2c6c807-5b2f-11f0-a108-005056b6f117
187000,https://lubanikishina.com/upload/iblock/e7b/g2i1nbm3e6ls0m0tl45kfo3u8mpndr52.jpg,Дубленка Эль (ELLE) чёрная,FC/ELLE/np-kr/black,1,Интернет магазин,Дубленки,0,Дубленка Эль (ELLE) чёрная (40),b5ccdb3b-1681-11ef-8e0e-005056b6c1cd#ac39892a-5b2f-11f0-a108-005056b6f117,—,FC/ELLE/np-kr/black,0,2699,1,0,0,1822,https://lubanikishina.com/catalog/dublenki/dublenka_el_elle_chyernaya/,,—,b5ccdb3b-1681-11ef-8e0e-005056b6c1cd#a1ca0b24-5b2f-11f0-a108-005056b6f117; b5ccdb3b-1681-11ef-8e0e-005056b6c1cd#ac39892a-5b2f-11f0-a108-005056b6f117; b5ccdb3b-1681-11ef-8e0e-005056b6c1cd#ac3989a6-5b2f-11f0-a108-005056b6f117; b5ccdb3b-1681-11ef-8e0e-005056b6c1cd#c2c6c807-5b2f-11f0-a108-005056b6f117
187000,https://lubanikishina.com/upload/iblock/e7b/g2i1nbm3e6ls0m0tl45kfo3u8mpndr52.jpg,Дубленка Эль (ELLE) чёрная,FC/ELLE/np-kr/black,1,Интернет магазин,Дубленки,0,Дубленка Эль (ELLE) чёрная (42),b5ccdb3b-1681-11ef-8e0e-005056b6c1cd#ac3989a6-5b2f-11f0-a108-005056b6f117,—,FC/ELLE/np-kr/black,0,2701,1,0,0,1822,https://lubanikishina.com/catalog/dublenki/dublenka_el_elle_chyernaya/,,—,b5ccdb3b-1681-11ef-8e0e-005056b6c1cd#a1ca0b24-5b2f-11f0-a108-005056b6f117; b5ccdb3b-1681-11ef-8e0e-005056b6c1cd#ac39892a-5b2f-11f0-a108-005056b6f117; b5ccdb3b-1681-11ef-8e0e-005056b6c1cd#ac3989a6-5b2f-11f0-a108-005056b6f117; b5ccdb3b-1681-11ef-8e0e-005056b6c1cd#c2c6c807-5b2f-11f0-a108-005056b6f117
187000,https://lubanikishina.com/upload/iblock/e7b/g2i1nbm3e6ls0m0tl45kfo3u8mpndr52.jpg,Дубленка Эль (ELLE) чёрная,FC/ELLE/np-kr/black,1,Интернет магазин,Дубленки,0,Дубленка Эль (ELLE) чёрная (44),b5ccdb3b-1681-11ef-8e0e-005056b6c1cd#c2c6c807-5b2f-11f0-a108-005056b6f117,—,FC/ELLE/np-kr/black,0,2703,1,0,0,1822,https://lubanikishina.com/catalog/dublenki/dublenka_el_elle_chyernaya/,,—,b5ccdb3b-1681-11ef-8e0e-005056b6c1cd#a1ca0b24-5b2f-11f0-a108-005056b6f117; b5ccdb3b-1681-11ef-8e0e-005056b6c1cd#ac39892a-5b2f-11f0-a108-005056b6f117; b5ccdb3b-1681-11ef-8e0e-005056b6c1cd#ac3989a6-5b2f-11f0-a108-005056b6f117; b5ccdb3b-1681-11ef-8e0e-005056b6c1cd#c2c6c807-5b2f-11f0-a108-005056b6f117
42000,https://lubanikishina.com/upload/iblock/d64/yd61srjve0818s4cp0o3iiu3io75p84b.jpg,Жакет Ариес (ARIES) бежевый,BL/ARIES/beige,1,Интернет магазин,Жакеты,4,Жакет Ариес (ARIES) бежевый (40),1139e4ff-5daf-11f0-a108-005056b6f117#f72cc217-e140-11ee-8e0e-005056b6c1cd,—,BL/ARIES/beige,1,2907,1,0,0,2906,https://lubanikishina.com/catalog/zhakety/zhaket_aries_aries_bezhevyy/,,—,1139e4ff-5daf-11f0-a108-005056b6f117#f72cc217-e140-11ee-8e0e-005056b6c1cd; 1139e4ff-5daf-11f0-a108-005056b6f117#f72cc218-e140-11ee-8e0e-005056b6c1cd; 1139e4ff-5daf-11f0-a108-005056b6f117#f72cc219-e140-11ee-8e0e-005056b6c1cd; 1139e4ff-5daf-11f0-a108-005056b6f117#f72cc21a-e140-11ee-8e0e-005056b6c1cd
42000,https://lubanikishina.com/upload/iblock/d64/yd61srjve0818s4cp0o3iiu3io75p84b.jpg,Жакет Ариес (ARIES) бежевый,BL/ARIES/beige,1,Интернет магазин,Жакеты,4,Жакет Ариес (ARIES) бежевый (42),1139e4ff-5daf-11f0-a108-005056b6f117#f72cc218-e140-11ee-8e0e-005056b6c1cd,—,BL/ARIES/beige,2,2908,1,0,0,2906,https://lubanikishina.com/catalog/zhakety/zhaket_aries_aries_bezhevyy/,,—,1139e4ff-5daf-11f0-a108-005056b6f117#f72cc217-e140-11ee-8e0e-005056b6c1cd; 1139e4ff-5daf-11f0-a108-005056b6f117#f72cc218-e140-11ee-8e0e-005056b6c1cd; 1139e4ff-5daf-11f0-a108-005056b6f117#f72cc219-e140-11ee-8e0e-005056b6c1cd; 1139e4ff-5daf-11f0-a108-005056b6f117#f72cc21a-e140-11ee-8e0e-005056b6c1cd
42000,https://lubanikishina.com/upload/iblock/d64/yd61srjve0818s4cp0o3iiu3io75p84b.jpg,Жакет Ариес (ARIES) бежевый,BL/ARIES/beige,1,Интернет магазин,Жакеты,4,Жакет Ариес (ARIES) бежевый (44),1139e4ff-5daf-11f0-a108-005056b6f117#f72cc219-e140-11ee-8e0e-005056b6c1cd,—,BL/ARIES/beige,1,2909,1,0,0,2906,https://lubanikishina.com/catalog/zhakety/zhaket_aries_aries_bezhevyy/,,—,1139e4ff-5daf-11f0-a108-005056b6f117#f72cc217-e140-11ee-8e0e-005056b6c1cd; 1139e4ff-5daf-11f0-a108-005056b6f117#f72cc218-e140-11ee-8e0e-005056b6c1cd; 1139e4ff-5daf-11f0-a108-005056b6f117#f72cc219-e140-11ee-8e0e-005056b6c1cd; 1139e4ff-5daf-11f0-a108-005056b6f117#f72cc21a-e140-11ee-8e0e-005056b6c1cd
42000,https://lubanikishina.com/upload/iblock/d64/yd61srjve0818s4cp0o3iiu3io75p84b.jpg,Жакет Ариес (ARIES) бежевый,BL/ARIES/beige,1,Интернет магазин,Жакеты,4,Жакет Ариес (ARIES) бежевый (46),1139e4ff-5daf-11f0-a108-005056b6f117#f72cc21a-e140-11ee-8e0e-005056b6c1cd,—,BL/ARIES/beige,0,2910,1,0,0,2906,https://lubanikishina.com/catalog/zhakety/zhaket_aries_aries_bezhevyy/,,—,1139e4ff-5daf-11f0-a108-005056b6f117#f72cc217-e140-11ee-8e0e-005056b6c1cd; 1139e4ff-5daf-11f0-a108-005056b6f117#f72cc218-e140-11ee-8e0e-005056b6c1cd; 1139e4ff-5daf-11f0-a108-005056b6f117#f72cc219-e140-11ee-8e0e-005056b6c1cd; 1139e4ff-5daf-11f0-a108-005056b6f117#f72cc21a-e140-11ee-8e0e-005056b6c1cd
42000,https://lubanikishina.com/upload/iblock/004/k9vzyuhnwo7mmy1km44mmzte4ib15xen.jpg,Жакет Ариес (ARIES) красный,BL/ARIES/terracotta,1,Интернет магазин,Жакеты,1,Жакет Ариес (ARIES) красный (42),8f937e82-04a9-11f0-8e43-005056b6c1cd#f72cc218-e140-11ee-8e0e-005056b6c1cd,—,BL/ARIES/terracotta,0,2384,1,0,0,2381,https://lubanikishina.com/catalog/zhakety/zhaket_aries_aries_krasnyy/,,—,8f937e82-04a9-11f0-8e43-005056b6c1cd#f72cc218-e140-11ee-8e0e-005056b6c1cd; 8f937e82-04a9-11f0-8e43-005056b6c1cd#f72cc217-e140-11ee-8e0e-005056b6c1cd; 8f937e82-04a9-11f0-8e43-005056b6c1cd#f72cc219-e140-11ee-8e0e-005056b6c1cd
42000,https://lubanikishina.com/upload/iblock/004/k9vzyuhnwo7mmy1km44mmzte4ib15xen.jpg,Жакет Ариес (ARIES) красный,BL/ARIES/terracotta,1,Интернет магазин,Жакеты,1,Жакет Ариес (ARIES) красный (40),8f937e82-04a9-11f0-8e43-005056b6c1cd#f72cc217-e140-11ee-8e0e-005056b6c1cd,—,BL/ARIES/terracotta,0,2407,1,0,0,2381,https://lubanikishina.com/catalog/zhakety/zhaket_aries_aries_krasnyy/,,—,8f937e82-04a9-11f0-8e43-005056b6c1cd#f72cc218-e140-11ee-8e0e-005056b6c1cd; 8f937e82-04a9-11f0-8e43-005056b6c1cd#f72cc217-e140-11ee-8e0e-005056b6c1cd; 8f937e82-04a9-11f0-8e43-005056b6c1cd#f72cc219-e140-11ee-8e0e-005056b6c1cd
42000,https://lubanikishina.com/upload/iblock/004/k9vzyuhnwo7mmy1km44mmzte4ib15xen.jpg,Жакет Ариес (ARIES) красный,BL/ARIES/terracotta,1,Интернет магазин,Жакеты,1,Жакет Ариес (ARIES) красный (44),8f937e82-04a9-11f0-8e43-005056b6c1cd#f72cc219-e140-11ee-8e0e-005056b6c1cd,—,BL/ARIES/terracotta,1,2408,1,0,0,2381,https://lubanikishina.com/catalog/zhakety/zhaket_aries_aries_krasnyy/,,—,8f937e82-04a9-11f0-8e43-005056b6c1cd#f72cc218-e140-11ee-8e0e-005056b6c1cd; 8f937e82-04a9-11f0-8e43-005056b6c1cd#f72cc217-e140-11ee-8e0e-005056b6c1cd; 8f937e82-04a9-11f0-8e43-005056b6c1cd#f72cc219-e140-11ee-8e0e-005056b6c1cd
42000,https://lubanikishina.com/upload/iblock/6ef/2ybr3fh4vcvg6x1g4jj3i38ovl0eawib.jpg,Жакет Офис (OFFICE) голубой,BI/OFFICE/lblue,1,Интернет магазин,Жакеты,0,Жакет Офис (OFFICE) голубой  (42),3cc4ac28-0153-11ef-8e0e-005056b6c1cd#f72cc218-e140-11ee-8e0e-005056b6c1cd,—,BI/OFFICE/lblue,0,1632,1,0,0,1624,https://lubanikishina.com/catalog/zhakety/zhaket_ofis_office_goluboy_/,,—,3cc4ac28-0153-11ef-8e0e-005056b6c1cd#f72cc218-e140-11ee-8e0e-005056b6c1cd
42000,https://lubanikishina.com/upload/iblock/0ae/rcwnpjrq9gbcpvdsbdtudpcyjsq0o2j6.jpg,Жакет Офис (OFFICE) серый в полоску,BI/OFFICE/grey/strip,1,Интернет магазин,Жакеты,4,Жакет Офис (OFFICE) серый в полоску (40),188371e7-7ca7-11ef-8e10-005056b6c1cd#f72cc217-e140-11ee-8e0e-005056b6c1cd,—,BI/OFFICE/grey/strip,3,2087,1,0,0,2086,https://lubanikishina.com/catalog/zhakety/zhaket_ofis_office_seryy_v_polosku/,,—,188371e7-7ca7-11ef-8e10-005056b6c1cd#f72cc217-e140-11ee-8e0e-005056b6c1cd; 188371e7-7ca7-11ef-8e10-005056b6c1cd#f72cc218-e140-11ee-8e0e-005056b6c1cd
42000,https://lubanikishina.com/upload/iblock/0ae/rcwnpjrq9gbcpvdsbdtudpcyjsq0o2j6.jpg,Жакет Офис (OFFICE) серый в полоску,BI/OFFICE/grey/strip,1,Интернет магазин,Жакеты,4,Жакет Офис (OFFICE) серый в полоску (42),188371e7-7ca7-11ef-8e10-005056b6c1cd#f72cc218-e140-11ee-8e0e-005056b6c1cd,—,BI/OFFICE/grey/strip,1,2088,1,0,0,2086,https://lubanikishina.com/catalog/zhakety/zhaket_ofis_office_seryy_v_polosku/,,—,188371e7-7ca7-11ef-8e10-005056b6c1cd#f72cc217-e140-11ee-8e0e-005056b6c1cd; 188371e7-7ca7-11ef-8e10-005056b6c1cd#f72cc218-e140-11ee-8e0e-005056b6c1cd
42000,https://lubanikishina.com/upload/iblock/c14/y561yf173b5l2h3v5uxds0wfpq1fn78k.jpg,Жакет Офис (OFFICE) темно-синий в полоску,BI/OFFICE/blue,1,Интернет магазин,Жакеты,3,Жакет Офис (OFFICE) темно-синий в полоску (40),3cc4ac27-0153-11ef-8e0e-005056b6c1cd#f72cc217-e140-11ee-8e0e-005056b6c1cd,—,BI/OFFICE/blue,0,1629,1,0,0,1623,https://lubanikishina.com/catalog/zhakety/zhaket_ofis_office_temno_siniy_v_polosku/,,—,3cc4ac27-0153-11ef-8e0e-005056b6c1cd#f72cc217-e140-11ee-8e0e-005056b6c1cd; 3cc4ac27-0153-11ef-8e0e-005056b6c1cd#f72cc218-e140-11ee-8e0e-005056b6c1cd; 3cc4ac27-0153-11ef-8e0e-005056b6c1cd#f72cc219-e140-11ee-8e0e-005056b6c1cd
42000,https://lubanikishina.com/upload/iblock/c14/y561yf173b5l2h3v5uxds0wfpq1fn78k.jpg,Жакет Офис (OFFICE) темно-синий в полоску,BI/OFFICE/blue,1,Интернет магазин,Жакеты,3,Жакет Офис (OFFICE) темно-синий в полоску (42),3cc4ac27-0153-11ef-8e0e-005056b6c1cd#f72cc218-e140-11ee-8e0e-005056b6c1cd,—,BI/OFFICE/blue,0,1630,1,0,0,1623,https://lubanikishina.com/catalog/zhakety/zhaket_ofis_office_temno_siniy_v_polosku/,,—,3cc4ac27-0153-11ef-8e0e-005056b6c1cd#f72cc217-e140-11ee-8e0e-005056b6c1cd; 3cc4ac27-0153-11ef-8e0e-005056b6c1cd#f72cc218-e140-11ee-8e0e-005056b6c1cd; 3cc4ac27-0153-11ef-8e0e-005056b6c1cd#f72cc219-e140-11ee-8e0e-005056b6c1cd
42000,https://lubanikishina.com/upload/iblock/c14/y561yf173b5l2h3v5uxds0wfpq1fn78k.jpg,Жакет Офис (OFFICE) темно-синий в полоску,BI/OFFICE/blue,1,Интернет магазин,Жакеты,3,Жакет Офис (OFFICE) темно-синий в полоску (44),3cc4ac27-0153-11ef-8e0e-005056b6c1cd#f72cc219-e140-11ee-8e0e-005056b6c1cd,—,BI/OFFICE/blue,3,1631,1,0,0,1623,https://lubanikishina.com/catalog/zhakety/zhaket_ofis_office_temno_siniy_v_polosku/,,—,3cc4ac27-0153-11ef-8e0e-005056b6c1cd#f72cc217-e140-11ee-8e0e-005056b6c1cd; 3cc4ac27-0153-11ef-8e0e-005056b6c1cd#f72cc218-e140-11ee-8e0e-005056b6c1cd; 3cc4ac27-0153-11ef-8e0e-005056b6c1cd#f72cc219-e140-11ee-8e0e-005056b6c1cd
42000,https://lubanikishina.com/upload/iblock/357/7yyzn3ddjx1t5io6244566d2xiecftem.jpg,Жакет Офис (OFFICE) чёрный в полоску,BI/OFFICE/black/strip,1,Интернет магазин,Жакеты,3,Жакет Офис (OFFICE) чёрный в полоску (40),3cc4ac26-0153-11ef-8e0e-005056b6c1cd#f72cc217-e140-11ee-8e0e-005056b6c1cd,—,BI/OFFICE/black/strip,0,1626,1,0,0,1622,https://lubanikishina.com/catalog/zhakety/zhaket_ofis_office_chyernyy_v_polosku/,,—,3cc4ac26-0153-11ef-8e0e-005056b6c1cd#f72cc217-e140-11ee-8e0e-005056b6c1cd; 3cc4ac26-0153-11ef-8e0e-005056b6c1cd#f72cc218-e140-11ee-8e0e-005056b6c1cd; 3cc4ac26-0153-11ef-8e0e-005056b6c1cd#f72cc219-e140-11ee-8e0e-005056b6c1cd
42000,https://lubanikishina.com/upload/iblock/357/7yyzn3ddjx1t5io6244566d2xiecftem.jpg,Жакет Офис (OFFICE) чёрный в полоску,BI/OFFICE/black/strip,1,Интернет магазин,Жакеты,3,Жакет Офис (OFFICE) чёрный в полоску (42),3cc4ac26-0153-11ef-8e0e-005056b6c1cd#f72cc218-e140-11ee-8e0e-005056b6c1cd,—,BI/OFFICE/black/strip,1,1627,1,0,0,1622,https://lubanikishina.com/catalog/zhakety/zhaket_ofis_office_chyernyy_v_polosku/,,—,3cc4ac26-0153-11ef-8e0e-005056b6c1cd#f72cc217-e140-11ee-8e0e-005056b6c1cd; 3cc4ac26-0153-11ef-8e0e-005056b6c1cd#f72cc218-e140-11ee-8e0e-005056b6c1cd; 3cc4ac26-0153-11ef-8e0e-005056b6c1cd#f72cc219-e140-11ee-8e0e-005056b6c1cd
42000,https://lubanikishina.com/upload/iblock/357/7yyzn3ddjx1t5io6244566d2xiecftem.jpg,Жакет Офис (OFFICE) чёрный в полоску,BI/OFFICE/black/strip,1,Интернет магазин,Жакеты,3,Жакет Офис (OFFICE) чёрный в полоску (44),3cc4ac26-0153-11ef-8e0e-005056b6c1cd#f72cc219-e140-11ee-8e0e-005056b6c1cd,—,BI/OFFICE/black/strip,2,1628,1,0,0,1622,https://lubanikishina.com/catalog/zhakety/zhaket_ofis_office_chyernyy_v_polosku/,,—,3cc4ac26-0153-11ef-8e0e-005056b6c1cd#f72cc217-e140-11ee-8e0e-005056b6c1cd; 3cc4ac26-0153-11ef-8e0e-005056b6c1cd#f72cc218-e140-11ee-8e0e-005056b6c1cd; 3cc4ac26-0153-11ef-8e0e-005056b6c1cd#f72cc219-e140-11ee-8e0e-005056b6c1cd
46000,https://lubanikishina.com/upload/iblock/5e9/08c1o54kz19cjyeqogpyia5hlgqftvoy.jpg,Жакет  Рона (RONA) чёрный,BI/RONA/black,1,Интернет магазин,Жакеты,2,Жакет  Рона (RONA) чёрный (42),51ccb1b8-b14c-11ef-8e11-005056b6c1cd#f72cc218-e140-11ee-8e0e-005056b6c1cd,—,BI/RONA/black,2,2162,1,0,0,2160,https://lubanikishina.com/catalog/zhakety/zhaket_rona_rona_chyernyy/,,—,51ccb1b8-b14c-11ef-8e11-005056b6c1cd#f72cc218-e140-11ee-8e0e-005056b6c1cd; 51ccb1b8-b14c-11ef-8e11-005056b6c1cd#f72cc219-e140-11ee-8e0e-005056b6c1cd
46000,https://lubanikishina.com/upload/iblock/5e9/08c1o54kz19cjyeqogpyia5hlgqftvoy.jpg,Жакет  Рона (RONA) чёрный,BI/RONA/black,1,Интернет магазин,Жакеты,2,Жакет  Рона (RONA) чёрный (44),51ccb1b8-b14c-11ef-8e11-005056b6c1cd#f72cc219-e140-11ee-8e0e-005056b6c1cd,—,BI/RONA/black,0,2184,1,0,0,2160,https://lubanikishina.com/catalog/zhakety/zhaket_rona_rona_chyernyy/,,—,51ccb1b8-b14c-11ef-8e11-005056b6c1cd#f72cc218-e140-11ee-8e0e-005056b6c1cd; 51ccb1b8-b14c-11ef-8e11-005056b6c1cd#f72cc219-e140-11ee-8e0e-005056b6c1cd
124000,https://lubanikishina.com/upload/iblock/9c1/g91vdeor3lneo2uj8hkaxqhl9arkvfvz.png,Жакет Тина (TINA) винтажный,J/TINA/vbrown,1,Интернет магазин,Жакеты,0,Жакет Тина (TINA) винтажный (40),026922ae-20e4-11f0-8e54-005056b6c1cd#f72cc217-e140-11ee-8e0e-005056b6c1cd,—,J/TINA/vbrown,0,2539,1,0,0,2538,https://lubanikishina.com/catalog/zhakety/zhaket_tina_tina_vintazhnyy/,,—,026922ae-20e4-11f0-8e54-005056b6c1cd#f72cc217-e140-11ee-8e0e-005056b6c1cd; 026922ae-20e4-11f0-8e54-005056b6c1cd#f72cc218-e140-11ee-8e0e-005056b6c1cd; 026922ae-20e4-11f0-8e54-005056b6c1cd#f72cc219-e140-11ee-8e0e-005056b6c1cd; 026922ae-20e4-11f0-8e54-005056b6c1cd#f72cc21a-e140-11ee-8e0e-005056b6c1cd
124000,https://lubanikishina.com/upload/iblock/9c1/g91vdeor3lneo2uj8hkaxqhl9arkvfvz.png,Жакет Тина (TINA) винтажный,J/TINA/vbrown,1,Интернет магазин,Жакеты,0,Жакет Тина (TINA) винтажный (42),026922ae-20e4-11f0-8e54-005056b6c1cd#f72cc218-e140-11ee-8e0e-005056b6c1cd,—,J/TINA/vbrown,0,2540,1,0,0,2538,https://lubanikishina.com/catalog/zhakety/zhaket_tina_tina_vintazhnyy/,,—,026922ae-20e4-11f0-8e54-005056b6c1cd#f72cc217-e140-11ee-8e0e-005056b6c1cd; 026922ae-20e4-11f0-8e54-005056b6c1cd#f72cc218-e140-11ee-8e0e-005056b6c1cd; 026922ae-20e4-11f0-8e54-005056b6c1cd#f72cc219-e140-11ee-8e0e-005056b6c1cd; 026922ae-20e4-11f0-8e54-005056b6c1cd#f72cc21a-e140-11ee-8e0e-005056b6c1cd
124000,https://lubanikishina.com/upload/iblock/9c1/g91vdeor3lneo2uj8hkaxqhl9arkvfvz.png,Жакет Тина (TINA) винтажный,J/TINA/vbrown,1,Интернет магазин,Жакеты,0,Жакет Тина (TINA) винтажный (44),026922ae-20e4-11f0-8e54-005056b6c1cd#f72cc219-e140-11ee-8e0e-005056b6c1cd,—,J/TINA/vbrown,0,2541,1,0,0,2538,https://lubanikishina.com/catalog/zhakety/zhaket_tina_tina_vintazhnyy/,,—,026922ae-20e4-11f0-8e54-005056b6c1cd#f72cc217-e140-11ee-8e0e-005056b6c1cd; 026922ae-20e4-11f0-8e54-005056b6c1cd#f72cc218-e140-11ee-8e0e-005056b6c1cd; 026922ae-20e4-11f0-8e54-005056b6c1cd#f72cc219-e140-11ee-8e0e-005056b6c1cd; 026922ae-20e4-11f0-8e54-005056b6c1cd#f72cc21a-e140-11ee-8e0e-005056b6c1cd
124000,https://lubanikishina.com/upload/iblock/9c1/g91vdeor3lneo2uj8hkaxqhl9arkvfvz.png,Жакет Тина (TINA) винтажный,J/TINA/vbrown,1,Интернет магазин,Жакеты,0,Жакет Тина (TINA) винтажный (46),026922ae-20e4-11f0-8e54-005056b6c1cd#f72cc21a-e140-11ee-8e0e-005056b6c1cd,—,J/TINA/vbrown,0,2542,1,0,0,2538,https://lubanikishina.com/catalog/zhakety/zhaket_tina_tina_vintazhnyy/,,—,026922ae-20e4-11f0-8e54-005056b6c1cd#f72cc217-e140-11ee-8e0e-005056b6c1cd; 026922ae-20e4-11f0-8e54-005056b6c1cd#f72cc218-e140-11ee-8e0e-005056b6c1cd; 026922ae-20e4-11f0-8e54-005056b6c1cd#f72cc219-e140-11ee-8e0e-005056b6c1cd; 026922ae-20e4-11f0-8e54-005056b6c1cd#f72cc21a-e140-11ee-8e0e-005056b6c1cd
124000,https://lubanikishina.com/upload/iblock/57f/k4mk32hbu2sqw3udzps597ou7b39ag1i.JPG,Жакет Тина (TINA) коричневый,J/TINA/brown,1,Интернет магазин,Жакеты,1,Жакет Тина (TINA) коричневый (42),22f2d5a0-16b0-11f0-8e4f-005056b6c1cd#f72cc218-e140-11ee-8e0e-005056b6c1cd,—,J/TINA/brown,0,2415,1,0,0,2414,https://lubanikishina.com/catalog/zhakety/zhaket_tina_tina_korichnevyy/,,—,22f2d5a0-16b0-11f0-8e4f-005056b6c1cd#f72cc218-e140-11ee-8e0e-005056b6c1cd; 22f2d5a0-16b0-11f0-8e4f-005056b6c1cd#f72cc217-e140-11ee-8e0e-005056b6c1cd; 22f2d5a0-16b0-11f0-8e4f-005056b6c1cd#f72cc219-e140-11ee-8e0e-005056b6c1cd
124000,https://lubanikishina.com/upload/iblock/57f/k4mk32hbu2sqw3udzps597ou7b39ag1i.JPG,Жакет Тина (TINA) коричневый,J/TINA/brown,1,Интернет магазин,Жакеты,1,Жакет Тина (TINA) коричневый (40),22f2d5a0-16b0-11f0-8e4f-005056b6c1cd#f72cc217-e140-11ee-8e0e-005056b6c1cd,—,J/TINA/brown,0,2446,1,0,0,2414,https://lubanikishina.com/catalog/zhakety/zhaket_tina_tina_korichnevyy/,,—,22f2d5a0-16b0-11f0-8e4f-005056b6c1cd#f72cc218-e140-11ee-8e0e-005056b6c1cd; 22f2d5a0-16b0-11f0-8e4f-005056b6c1cd#f72cc217-e140-11ee-8e0e-005056b6c1cd; 22f2d5a0-16b0-11f0-8e4f-005056b6c1cd#f72cc219-e140-11ee-8e0e-005056b6c1cd
124000,https://lubanikishina.com/upload/iblock/57f/k4mk32hbu2sqw3udzps597ou7b39ag1i.JPG,Жакет Тина (TINA) коричневый,J/TINA/brown,1,Интернет магазин,Жакеты,1,Жакет Тина (TINA) коричневый (44),22f2d5a0-16b0-11f0-8e4f-005056b6c1cd#f72cc219-e140-11ee-8e0e-005056b6c1cd,—,J/TINA/brown,1,2447,1,0,0,2414,https://lubanikishina.com/catalog/zhakety/zhaket_tina_tina_korichnevyy/,,—,22f2d5a0-16b0-11f0-8e4f-005056b6c1cd#f72cc218-e140-11ee-8e0e-005056b6c1cd; 22f2d5a0-16b0-11f0-8e4f-005056b6c1cd#f72cc217-e140-11ee-8e0e-005056b6c1cd; 22f2d5a0-16b0-11f0-8e4f-005056b6c1cd#f72cc219-e140-11ee-8e0e-005056b6c1cd
15500,https://lubanikishina.com/upload/iblock/6d6/i7niyvtc2do29i8mzs3a71ss097zb21r.png,Жилет NEEM,WT/NEEM/black,1,Интернет магазин,Футболки и топы,1,Жилет NEEM (40),1e70858c-31d4-11f0-8e59-005056b6c1cd#f72cc217-e140-11ee-8e0e-005056b6c1cd,—,WT/NEEM/black,1,2468,1,0,0,2461,https://lubanikishina.com/catalog/futbolki_i_topy/zhilet_neem_2/,,—,1e70858c-31d4-11f0-8e59-005056b6c1cd#f72cc217-e140-11ee-8e0e-005056b6c1cd; 1e70858c-31d4-11f0-8e59-005056b6c1cd#f72cc218-e140-11ee-8e0e-005056b6c1cd; 1e70858c-31d4-11f0-8e59-005056b6c1cd#f72cc219-e140-11ee-8e0e-005056b6c1cd; 1e70858c-31d4-11f0-8e59-005056b6c1cd#f72cc21a-e140-11ee-8e0e-005056b6c1cd
15500,https://lubanikishina.com/upload/iblock/6d6/i7niyvtc2do29i8mzs3a71ss097zb21r.png,Жилет NEEM,WT/NEEM/black,1,Интернет магазин,Футболки и топы,1,Жилет NEEM (42),1e70858c-31d4-11f0-8e59-005056b6c1cd#f72cc218-e140-11ee-8e0e-005056b6c1cd,—,WT/NEEM/black,0,2469,1,0,0,2461,https://lubanikishina.com/catalog/futbolki_i_topy/zhilet_neem_2/,,—,1e70858c-31d4-11f0-8e59-005056b6c1cd#f72cc217-e140-11ee-8e0e-005056b6c1cd; 1e70858c-31d4-11f0-8e59-005056b6c1cd#f72cc218-e140-11ee-8e0e-005056b6c1cd; 1e70858c-31d4-11f0-8e59-005056b6c1cd#f72cc219-e140-11ee-8e0e-005056b6c1cd; 1e70858c-31d4-11f0-8e59-005056b6c1cd#f72cc21a-e140-11ee-8e0e-005056b6c1cd
15500,https://lubanikishina.com/upload/iblock/6d6/i7niyvtc2do29i8mzs3a71ss097zb21r.png,Жилет NEEM,WT/NEEM/black,1,Интернет магазин,Футболки и топы,1,Жилет NEEM (44),1e70858c-31d4-11f0-8e59-005056b6c1cd#f72cc219-e140-11ee-8e0e-005056b6c1cd,—,WT/NEEM/black,0,2470,1,0,0,2461,https://lubanikishina.com/catalog/futbolki_i_topy/zhilet_neem_2/,,—,1e70858c-31d4-11f0-8e59-005056b6c1cd#f72cc217-e140-11ee-8e0e-005056b6c1cd; 1e70858c-31d4-11f0-8e59-005056b6c1cd#f72cc218-e140-11ee-8e0e-005056b6c1cd; 1e70858c-31d4-11f0-8e59-005056b6c1cd#f72cc219-e140-11ee-8e0e-005056b6c1cd; 1e70858c-31d4-11f0-8e59-005056b6c1cd#f72cc21a-e140-11ee-8e0e-005056b6c1cd
15500,https://lubanikishina.com/upload/iblock/6d6/i7niyvtc2do29i8mzs3a71ss097zb21r.png,Жилет NEEM,WT/NEEM/black,1,Интернет магазин,Футболки и топы,1,Жилет NEEM (46),1e70858c-31d4-11f0-8e59-005056b6c1cd#f72cc21a-e140-11ee-8e0e-005056b6c1cd,—,WT/NEEM/black,0,2486,1,0,0,2461,https://lubanikishina.com/catalog/futbolki_i_topy/zhilet_neem_2/,,—,1e70858c-31d4-11f0-8e59-005056b6c1cd#f72cc217-e140-11ee-8e0e-005056b6c1cd; 1e70858c-31d4-11f0-8e59-005056b6c1cd#f72cc218-e140-11ee-8e0e-005056b6c1cd; 1e70858c-31d4-11f0-8e59-005056b6c1cd#f72cc219-e140-11ee-8e0e-005056b6c1cd; 1e70858c-31d4-11f0-8e59-005056b6c1cd#f72cc21a-e140-11ee-8e0e-005056b6c1cd
15500,https://lubanikishina.com/upload/iblock/feb/nzu299eqk70o873zk70bt80w9i3wrstu.png,Жилет NEEM,WT/NEEM/white,1,Интернет магазин,Футболки и топы,3,Жилет NEEM (40),1e70858b-31d4-11f0-8e59-005056b6c1cd#f72cc217-e140-11ee-8e0e-005056b6c1cd,—,WT/NEEM/white,1,2465,1,0,0,2460,https://lubanikishina.com/catalog/futbolki_i_topy/zhilet_neem_1/,,—,1e70858b-31d4-11f0-8e59-005056b6c1cd#f72cc217-e140-11ee-8e0e-005056b6c1cd; 1e70858b-31d4-11f0-8e59-005056b6c1cd#f72cc218-e140-11ee-8e0e-005056b6c1cd; 1e70858b-31d4-11f0-8e59-005056b6c1cd#f72cc219-e140-11ee-8e0e-005056b6c1cd; 1e70858b-31d4-11f0-8e59-005056b6c1cd#f72cc21a-e140-11ee-8e0e-005056b6c1cd
15500,https://lubanikishina.com/upload/iblock/feb/nzu299eqk70o873zk70bt80w9i3wrstu.png,Жилет NEEM,WT/NEEM/white,1,Интернет магазин,Футболки и топы,3,Жилет NEEM (42),1e70858b-31d4-11f0-8e59-005056b6c1cd#f72cc218-e140-11ee-8e0e-005056b6c1cd,—,WT/NEEM/white,0,2466,1,0,0,2460,https://lubanikishina.com/catalog/futbolki_i_topy/zhilet_neem_1/,,—,1e70858b-31d4-11f0-8e59-005056b6c1cd#f72cc217-e140-11ee-8e0e-005056b6c1cd; 1e70858b-31d4-11f0-8e59-005056b6c1cd#f72cc218-e140-11ee-8e0e-005056b6c1cd; 1e70858b-31d4-11f0-8e59-005056b6c1cd#f72cc219-e140-11ee-8e0e-005056b6c1cd; 1e70858b-31d4-11f0-8e59-005056b6c1cd#f72cc21a-e140-11ee-8e0e-005056b6c1cd
15500,https://lubanikishina.com/upload/iblock/feb/nzu299eqk70o873zk70bt80w9i3wrstu.png,Жилет NEEM,WT/NEEM/white,1,Интернет магазин,Футболки и топы,3,Жилет NEEM (44),1e70858b-31d4-11f0-8e59-005056b6c1cd#f72cc219-e140-11ee-8e0e-005056b6c1cd,—,WT/NEEM/white,2,2467,1,0,0,2460,https://lubanikishina.com/catalog/futbolki_i_topy/zhilet_neem_1/,,—,1e70858b-31d4-11f0-8e59-005056b6c1cd#f72cc217-e140-11ee-8e0e-005056b6c1cd; 1e70858b-31d4-11f0-8e59-005056b6c1cd#f72cc218-e140-11ee-8e0e-005056b6c1cd; 1e70858b-31d4-11f0-8e59-005056b6c1cd#f72cc219-e140-11ee-8e0e-005056b6c1cd; 1e70858b-31d4-11f0-8e59-005056b6c1cd#f72cc21a-e140-11ee-8e0e-005056b6c1cd
15500,https://lubanikishina.com/upload/iblock/feb/nzu299eqk70o873zk70bt80w9i3wrstu.png,Жилет NEEM,WT/NEEM/white,1,Интернет магазин,Футболки и топы,3,Жилет NEEM (46),1e70858b-31d4-11f0-8e59-005056b6c1cd#f72cc21a-e140-11ee-8e0e-005056b6c1cd,—,WT/NEEM/white,0,2485,1,0,0,2460,https://lubanikishina.com/catalog/futbolki_i_topy/zhilet_neem_1/,,—,1e70858b-31d4-11f0-8e59-005056b6c1cd#f72cc217-e140-11ee-8e0e-005056b6c1cd; 1e70858b-31d4-11f0-8e59-005056b6c1cd#f72cc218-e140-11ee-8e0e-005056b6c1cd; 1e70858b-31d4-11f0-8e59-005056b6c1cd#f72cc219-e140-11ee-8e0e-005056b6c1cd; 1e70858b-31d4-11f0-8e59-005056b6c1cd#f72cc21a-e140-11ee-8e0e-005056b6c1cd
15500,https://lubanikishina.com/upload/iblock/687/h8nixb4ykcks4z1lyjscynqs37d285qw.png,Жилет NEEM,WT/NEEM/ivory,1,Интернет магазин,Футболки и топы,3,Жилет NEEM (40),504ff4d2-28bd-11f0-8e57-005056b6c1cd#f72cc217-e140-11ee-8e0e-005056b6c1cd,—,WT/NEEM/ivory,0,2462,1,0,0,2459,https://lubanikishina.com/catalog/futbolki_i_topy/zhilet_neem/,,—,504ff4d2-28bd-11f0-8e57-005056b6c1cd#f72cc217-e140-11ee-8e0e-005056b6c1cd; 504ff4d2-28bd-11f0-8e57-005056b6c1cd#f72cc218-e140-11ee-8e0e-005056b6c1cd; 504ff4d2-28bd-11f0-8e57-005056b6c1cd#f72cc219-e140-11ee-8e0e-005056b6c1cd; 504ff4d2-28bd-11f0-8e57-005056b6c1cd#f72cc21a-e140-11ee-8e0e-005056b6c1cd
15500,https://lubanikishina.com/upload/iblock/687/h8nixb4ykcks4z1lyjscynqs37d285qw.png,Жилет NEEM,WT/NEEM/ivory,1,Интернет магазин,Футболки и топы,3,Жилет NEEM (42),504ff4d2-28bd-11f0-8e57-005056b6c1cd#f72cc218-e140-11ee-8e0e-005056b6c1cd,—,WT/NEEM/ivory,0,2463,1,0,0,2459,https://lubanikishina.com/catalog/futbolki_i_topy/zhilet_neem/,,—,504ff4d2-28bd-11f0-8e57-005056b6c1cd#f72cc217-e140-11ee-8e0e-005056b6c1cd; 504ff4d2-28bd-11f0-8e57-005056b6c1cd#f72cc218-e140-11ee-8e0e-005056b6c1cd; 504ff4d2-28bd-11f0-8e57-005056b6c1cd#f72cc219-e140-11ee-8e0e-005056b6c1cd; 504ff4d2-28bd-11f0-8e57-005056b6c1cd#f72cc21a-e140-11ee-8e0e-005056b6c1cd
15500,https://lubanikishina.com/upload/iblock/687/h8nixb4ykcks4z1lyjscynqs37d285qw.png,Жилет NEEM,WT/NEEM/ivory,1,Интернет магазин,Футболки и топы,3,Жилет NEEM (44),504ff4d2-28bd-11f0-8e57-005056b6c1cd#f72cc219-e140-11ee-8e0e-005056b6c1cd,—,WT/NEEM/ivory,0,2464,1,0,0,2459,https://lubanikishina.com/catalog/futbolki_i_topy/zhilet_neem/,,—,504ff4d2-28bd-11f0-8e57-005056b6c1cd#f72cc217-e140-11ee-8e0e-005056b6c1cd; 504ff4d2-28bd-11f0-8e57-005056b6c1cd#f72cc218-e140-11ee-8e0e-005056b6c1cd; 504ff4d2-28bd-11f0-8e57-005056b6c1cd#f72cc219-e140-11ee-8e0e-005056b6c1cd; 504ff4d2-28bd-11f0-8e57-005056b6c1cd#f72cc21a-e140-11ee-8e0e-005056b6c1cd
15500,https://lubanikishina.com/upload/iblock/687/h8nixb4ykcks4z1lyjscynqs37d285qw.png,Жилет NEEM,WT/NEEM/ivory,1,Интернет магазин,Футболки и топы,3,Жилет NEEM (46),504ff4d2-28bd-11f0-8e57-005056b6c1cd#f72cc21a-e140-11ee-8e0e-005056b6c1cd,—,WT/NEEM/ivory,3,2484,1,0,0,2459,https://lubanikishina.com/catalog/futbolki_i_topy/zhilet_neem/,,—,504ff4d2-28bd-11f0-8e57-005056b6c1cd#f72cc217-e140-11ee-8e0e-005056b6c1cd; 504ff4d2-28bd-11f0-8e57-005056b6c1cd#f72cc218-e140-11ee-8e0e-005056b6c1cd; 504ff4d2-28bd-11f0-8e57-005056b6c1cd#f72cc219-e140-11ee-8e0e-005056b6c1cd; 504ff4d2-28bd-11f0-8e57-005056b6c1cd#f72cc21a-e140-11ee-8e0e-005056b6c1cd
98000,https://lubanikishina.com/upload/iblock/293/3qaku704lprg5uel2y7nbhkt9c0wywh0.jpg,Кожаная куртка Париж (PARIS) айвори,J/PARIS/white,1,Интернет магазин,Куртки,1,Кожаная куртка Париж (PARIS) айвори (40),3cc4ac44-0153-11ef-8e0e-005056b6c1cd#f72cc217-e140-11ee-8e0e-005056b6c1cd,—,J/PARIS/white,0,1713,1,0,0,1709,https://lubanikishina.com/catalog/kurtki/kozhanaya_kurtka_parizh_paris_ayvori/,,—,3cc4ac44-0153-11ef-8e0e-005056b6c1cd#f72cc217-e140-11ee-8e0e-005056b6c1cd; 3cc4ac44-0153-11ef-8e0e-005056b6c1cd#f72cc218-e140-11ee-8e0e-005056b6c1cd; 3cc4ac44-0153-11ef-8e0e-005056b6c1cd#f72cc219-e140-11ee-8e0e-005056b6c1cd
98000,https://lubanikishina.com/upload/iblock/293/3qaku704lprg5uel2y7nbhkt9c0wywh0.jpg,Кожаная куртка Париж (PARIS) айвори,J/PARIS/white,1,Интернет магазин,Куртки,1,Кожаная куртка Париж (PARIS) айвори (42),3cc4ac44-0153-11ef-8e0e-005056b6c1cd#f72cc218-e140-11ee-8e0e-005056b6c1cd,—,J/PARIS/white,0,1714,1,0,0,1709,https://lubanikishina.com/catalog/kurtki/kozhanaya_kurtka_parizh_paris_ayvori/,,—,3cc4ac44-0153-11ef-8e0e-005056b6c1cd#f72cc217-e140-11ee-8e0e-005056b6c1cd; 3cc4ac44-0153-11ef-8e0e-005056b6c1cd#f72cc218-e140-11ee-8e0e-005056b6c1cd; 3cc4ac44-0153-11ef-8e0e-005056b6c1cd#f72cc219-e140-11ee-8e0e-005056b6c1cd
98000,https://lubanikishina.com/upload/iblock/293/3qaku704lprg5uel2y7nbhkt9c0wywh0.jpg,Кожаная куртка Париж (PARIS) айвори,J/PARIS/white,1,Интернет магазин,Куртки,1,Кожаная куртка Париж (PARIS) айвори (44),3cc4ac44-0153-11ef-8e0e-005056b6c1cd#f72cc219-e140-11ee-8e0e-005056b6c1cd,—,J/PARIS/white,1,1715,1,0,0,1709,https://lubanikishina.com/catalog/kurtki/kozhanaya_kurtka_parizh_paris_ayvori/,,—,3cc4ac44-0153-11ef-8e0e-005056b6c1cd#f72cc217-e140-11ee-8e0e-005056b6c1cd; 3cc4ac44-0153-11ef-8e0e-005056b6c1cd#f72cc218-e140-11ee-8e0e-005056b6c1cd; 3cc4ac44-0153-11ef-8e0e-005056b6c1cd#f72cc219-e140-11ee-8e0e-005056b6c1cd
135000,https://lubanikishina.com/upload/iblock/de1/aarj200ynh0t9aqhs6ika400kt4o891q.jpg,Кожаная куртка Рим (ROME) черная,J/ROME/gl/black,1,Интернет магазин,Куртки,4,Кожаная куртка Рим (ROME) черная (44),3cc4ac3b-0153-11ef-8e0e-005056b6c1cd#f72cc219-e140-11ee-8e0e-005056b6c1cd,—,J/ROME/gl/black,2,1743,1,0,0,1721,https://lubanikishina.com/catalog/kurtki/kozhanaya_kurtka_rim_rome_chernaya/,,—,3cc4ac3b-0153-11ef-8e0e-005056b6c1cd#f72cc219-e140-11ee-8e0e-005056b6c1cd; 3cc4ac3b-0153-11ef-8e0e-005056b6c1cd#f72cc217-e140-11ee-8e0e-005056b6c1cd; 3cc4ac3b-0153-11ef-8e0e-005056b6c1cd#f72cc218-e140-11ee-8e0e-005056b6c1cd
135000,https://lubanikishina.com/upload/iblock/de1/aarj200ynh0t9aqhs6ika400kt4o891q.jpg,Кожаная куртка Рим (ROME) черная,J/ROME/gl/black,1,Интернет магазин,Куртки,4,Кожаная куртка Рим (ROME) черная (40),3cc4ac3b-0153-11ef-8e0e-005056b6c1cd#f72cc217-e140-11ee-8e0e-005056b6c1cd,—,J/ROME/gl/black,1,1741,1,0,0,1721,https://lubanikishina.com/catalog/kurtki/kozhanaya_kurtka_rim_rome_chernaya/,,—,3cc4ac3b-0153-11ef-8e0e-005056b6c1cd#f72cc219-e140-11ee-8e0e-005056b6c1cd; 3cc4ac3b-0153-11ef-8e0e-005056b6c1cd#f72cc217-e140-11ee-8e0e-005056b6c1cd; 3cc4ac3b-0153-11ef-8e0e-005056b6c1cd#f72cc218-e140-11ee-8e0e-005056b6c1cd
135000,https://lubanikishina.com/upload/iblock/de1/aarj200ynh0t9aqhs6ika400kt4o891q.jpg,Кожаная куртка Рим (ROME) черная,J/ROME/gl/black,1,Интернет магазин,Куртки,4,Кожаная куртка Рим (ROME) черная (42),3cc4ac3b-0153-11ef-8e0e-005056b6c1cd#f72cc218-e140-11ee-8e0e-005056b6c1cd,—,J/ROME/gl/black,1,1742,1,0,0,1721,https://lubanikishina.com/catalog/kurtki/kozhanaya_kurtka_rim_rome_chernaya/,,—,3cc4ac3b-0153-11ef-8e0e-005056b6c1cd#f72cc219-e140-11ee-8e0e-005056b6c1cd; 3cc4ac3b-0153-11ef-8e0e-005056b6c1cd#f72cc217-e140-11ee-8e0e-005056b6c1cd; 3cc4ac3b-0153-11ef-8e0e-005056b6c1cd#f72cc218-e140-11ee-8e0e-005056b6c1cd
137000,https://lubanikishina.com/upload/iblock/a43/u741wzgj75sdulnuy0qeg1o39j934imc.jpg,Кожаный бомбер Порт (PORT) бежевый,J/PORT/beige,1,Интернет магазин,Куртки,3,Кожаный бомбер Порт (PORT) бежевый (40),22f2d59e-16b0-11f0-8e4f-005056b6c1cd#f72cc217-e140-11ee-8e0e-005056b6c1cd,—,J/PORT/beige,0,2388,1,0,0,2387,https://lubanikishina.com/catalog/kurtki/kozhanyy_bomber_port_port_bezhevyy/,,—,22f2d59e-16b0-11f0-8e4f-005056b6c1cd#f72cc217-e140-11ee-8e0e-005056b6c1cd; 22f2d59e-16b0-11f0-8e4f-005056b6c1cd#f72cc218-e140-11ee-8e0e-005056b6c1cd; 22f2d59e-16b0-11f0-8e4f-005056b6c1cd#f72cc219-e140-11ee-8e0e-005056b6c1cd; 22f2d59e-16b0-11f0-8e4f-005056b6c1cd#f72cc21a-e140-11ee-8e0e-005056b6c1cd
137000,https://lubanikishina.com/upload/iblock/a43/u741wzgj75sdulnuy0qeg1o39j934imc.jpg,Кожаный бомбер Порт (PORT) бежевый,J/PORT/beige,1,Интернет магазин,Куртки,3,Кожаный бомбер Порт (PORT) бежевый (42),22f2d59e-16b0-11f0-8e4f-005056b6c1cd#f72cc218-e140-11ee-8e0e-005056b6c1cd,—,J/PORT/beige,1,2389,1,0,0,2387,https://lubanikishina.com/catalog/kurtki/kozhanyy_bomber_port_port_bezhevyy/,,—,22f2d59e-16b0-11f0-8e4f-005056b6c1cd#f72cc217-e140-11ee-8e0e-005056b6c1cd; 22f2d59e-16b0-11f0-8e4f-005056b6c1cd#f72cc218-e140-11ee-8e0e-005056b6c1cd; 22f2d59e-16b0-11f0-8e4f-005056b6c1cd#f72cc219-e140-11ee-8e0e-005056b6c1cd; 22f2d59e-16b0-11f0-8e4f-005056b6c1cd#f72cc21a-e140-11ee-8e0e-005056b6c1cd
137000,https://lubanikishina.com/upload/iblock/a43/u741wzgj75sdulnuy0qeg1o39j934imc.jpg,Кожаный бомбер Порт (PORT) бежевый,J/PORT/beige,1,Интернет магазин,Куртки,3,Кожаный бомбер Порт (PORT) бежевый (44),22f2d59e-16b0-11f0-8e4f-005056b6c1cd#f72cc219-e140-11ee-8e0e-005056b6c1cd,—,J/PORT/beige,1,2390,1,0,0,2387,https://lubanikishina.com/catalog/kurtki/kozhanyy_bomber_port_port_bezhevyy/,,—,22f2d59e-16b0-11f0-8e4f-005056b6c1cd#f72cc217-e140-11ee-8e0e-005056b6c1cd; 22f2d59e-16b0-11f0-8e4f-005056b6c1cd#f72cc218-e140-11ee-8e0e-005056b6c1cd; 22f2d59e-16b0-11f0-8e4f-005056b6c1cd#f72cc219-e140-11ee-8e0e-005056b6c1cd; 22f2d59e-16b0-11f0-8e4f-005056b6c1cd#f72cc21a-e140-11ee-8e0e-005056b6c1cd
137000,https://lubanikishina.com/upload/iblock/a43/u741wzgj75sdulnuy0qeg1o39j934imc.jpg,Кожаный бомбер Порт (PORT) бежевый,J/PORT/beige,1,Интернет магазин,Куртки,3,Кожаный бомбер Порт (PORT) бежевый (46),22f2d59e-16b0-11f0-8e4f-005056b6c1cd#f72cc21a-e140-11ee-8e0e-005056b6c1cd,—,J/PORT/beige,1,2391,1,0,0,2387,https://lubanikishina.com/catalog/kurtki/kozhanyy_bomber_port_port_bezhevyy/,,—,22f2d59e-16b0-11f0-8e4f-005056b6c1cd#f72cc217-e140-11ee-8e0e-005056b6c1cd; 22f2d59e-16b0-11f0-8e4f-005056b6c1cd#f72cc218-e140-11ee-8e0e-005056b6c1cd; 22f2d59e-16b0-11f0-8e4f-005056b6c1cd#f72cc219-e140-11ee-8e0e-005056b6c1cd; 22f2d59e-16b0-11f0-8e4f-005056b6c1cd#f72cc21a-e140-11ee-8e0e-005056b6c1cd
137000,https://lubanikishina.com/upload/iblock/e99/32eifhhfntpa5u87wyem3csu0zvncytp.png,Кожаный бомбер Порт (PORT) бордовый,J/PORT/vine,1,Интернет магазин,Куртки,1,Кожаный бомбер Порт (PORT) бордовый (40),02692279-20e4-11f0-8e54-005056b6c1cd#f72cc217-e140-11ee-8e0e-005056b6c1cd,—,J/PORT/vine,0,2488,1,0,0,2487,https://lubanikishina.com/catalog/kurtki/kozhanyy_bomber_port_port_bordovyy/,,—,02692279-20e4-11f0-8e54-005056b6c1cd#f72cc217-e140-11ee-8e0e-005056b6c1cd; 02692279-20e4-11f0-8e54-005056b6c1cd#f72cc218-e140-11ee-8e0e-005056b6c1cd; 02692279-20e4-11f0-8e54-005056b6c1cd#f72cc219-e140-11ee-8e0e-005056b6c1cd
137000,https://lubanikishina.com/upload/iblock/e99/32eifhhfntpa5u87wyem3csu0zvncytp.png,Кожаный бомбер Порт (PORT) бордовый,J/PORT/vine,1,Интернет магазин,Куртки,1,Кожаный бомбер Порт (PORT) бордовый (42),02692279-20e4-11f0-8e54-005056b6c1cd#f72cc218-e140-11ee-8e0e-005056b6c1cd,—,J/PORT/vine,1,2489,1,0,0,2487,https://lubanikishina.com/catalog/kurtki/kozhanyy_bomber_port_port_bordovyy/,,—,02692279-20e4-11f0-8e54-005056b6c1cd#f72cc217-e140-11ee-8e0e-005056b6c1cd; 02692279-20e4-11f0-8e54-005056b6c1cd#f72cc218-e140-11ee-8e0e-005056b6c1cd; 02692279-20e4-11f0-8e54-005056b6c1cd#f72cc219-e140-11ee-8e0e-005056b6c1cd
137000,https://lubanikishina.com/upload/iblock/e99/32eifhhfntpa5u87wyem3csu0zvncytp.png,Кожаный бомбер Порт (PORT) бордовый,J/PORT/vine,1,Интернет магазин,Куртки,1,Кожаный бомбер Порт (PORT) бордовый (44),02692279-20e4-11f0-8e54-005056b6c1cd#f72cc219-e140-11ee-8e0e-005056b6c1cd,—,J/PORT/vine,0,2490,1,0,0,2487,https://lubanikishina.com/catalog/kurtki/kozhanyy_bomber_port_port_bordovyy/,,—,02692279-20e4-11f0-8e54-005056b6c1cd#f72cc217-e140-11ee-8e0e-005056b6c1cd; 02692279-20e4-11f0-8e54-005056b6c1cd#f72cc218-e140-11ee-8e0e-005056b6c1cd; 02692279-20e4-11f0-8e54-005056b6c1cd#f72cc219-e140-11ee-8e0e-005056b6c1cd
120000,https://lubanikishina.com/upload/iblock/f1b/22nz4uprdo57i6m1cg20jvzk4d8rtkig.png,Кожаный пиджак Вайнона (WINONA) бордовый,BI/WINONA/wine,1,Интернет магазин,Жакеты,1,Кожаный пиджак Вайнона (WINONA) бордовый (40),4e31bf09-d702-11ef-8e23-005056b6c1cd#f72cc217-e140-11ee-8e0e-005056b6c1cd,—,BI/WINONA/wine,0,2295,1,0,0,2294,https://lubanikishina.com/catalog/zhakety/kozhanyy_pidzhak_vaynona_winona_bordovyy/,,—,4e31bf09-d702-11ef-8e23-005056b6c1cd#f72cc217-e140-11ee-8e0e-005056b6c1cd; 4e31bf09-d702-11ef-8e23-005056b6c1cd#f72cc218-e140-11ee-8e0e-005056b6c1cd; 4e31bf09-d702-11ef-8e23-005056b6c1cd#f72cc219-e140-11ee-8e0e-005056b6c1cd
120000,https://lubanikishina.com/upload/iblock/f1b/22nz4uprdo57i6m1cg20jvzk4d8rtkig.png,Кожаный пиджак Вайнона (WINONA) бордовый,BI/WINONA/wine,1,Интернет магазин,Жакеты,1,Кожаный пиджак Вайнона (WINONA) бордовый (42),4e31bf09-d702-11ef-8e23-005056b6c1cd#f72cc218-e140-11ee-8e0e-005056b6c1cd,—,BI/WINONA/wine,1,2296,1,0,0,2294,https://lubanikishina.com/catalog/zhakety/kozhanyy_pidzhak_vaynona_winona_bordovyy/,,—,4e31bf09-d702-11ef-8e23-005056b6c1cd#f72cc217-e140-11ee-8e0e-005056b6c1cd; 4e31bf09-d702-11ef-8e23-005056b6c1cd#f72cc218-e140-11ee-8e0e-005056b6c1cd; 4e31bf09-d702-11ef-8e23-005056b6c1cd#f72cc219-e140-11ee-8e0e-005056b6c1cd
120000,https://lubanikishina.com/upload/iblock/f1b/22nz4uprdo57i6m1cg20jvzk4d8rtkig.png,Кожаный пиджак Вайнона (WINONA) бордовый,BI/WINONA/wine,1,Интернет магазин,Жакеты,1,Кожаный пиджак Вайнона (WINONA) бордовый (44),4e31bf09-d702-11ef-8e23-005056b6c1cd#f72cc219-e140-11ee-8e0e-005056b6c1cd,—,BI/WINONA/wine,0,2297,1,0,0,2294,https://lubanikishina.com/catalog/zhakety/kozhanyy_pidzhak_vaynona_winona_bordovyy/,,—,4e31bf09-d702-11ef-8e23-005056b6c1cd#f72cc217-e140-11ee-8e0e-005056b6c1cd; 4e31bf09-d702-11ef-8e23-005056b6c1cd#f72cc218-e140-11ee-8e0e-005056b6c1cd; 4e31bf09-d702-11ef-8e23-005056b6c1cd#f72cc219-e140-11ee-8e0e-005056b6c1cd
120000,https://lubanikishina.com/upload/iblock/1f0/nfr4e635kxzmhkulsk9kkf71g0fti8u6.jpg,Кожаный пиджак Вайнона (WINONA) оливковый,BI/WINONA/olive,1,Интернет магазин,Жакеты,4,Кожаный пиджак Вайнона (WINONA) оливковый (40),51ccb1af-b14c-11ef-8e11-005056b6c1cd#f72cc217-e140-11ee-8e0e-005056b6c1cd,—,BI/WINONA/olive,1,2224,1,0,0,2165,https://lubanikishina.com/catalog/zhakety/kozhanyy_pidzhak_vaynona_winona_olivkovyy/,,—,51ccb1af-b14c-11ef-8e11-005056b6c1cd#f72cc217-e140-11ee-8e0e-005056b6c1cd; 51ccb1af-b14c-11ef-8e11-005056b6c1cd#f72cc218-e140-11ee-8e0e-005056b6c1cd; 51ccb1af-b14c-11ef-8e11-005056b6c1cd#f72cc219-e140-11ee-8e0e-005056b6c1cd
120000,https://lubanikishina.com/upload/iblock/1f0/nfr4e635kxzmhkulsk9kkf71g0fti8u6.jpg,Кожаный пиджак Вайнона (WINONA) оливковый,BI/WINONA/olive,1,Интернет магазин,Жакеты,4,Кожаный пиджак Вайнона (WINONA) оливковый (42),51ccb1af-b14c-11ef-8e11-005056b6c1cd#f72cc218-e140-11ee-8e0e-005056b6c1cd,—,BI/WINONA/olive,1,2185,1,0,0,2165,https://lubanikishina.com/catalog/zhakety/kozhanyy_pidzhak_vaynona_winona_olivkovyy/,,—,51ccb1af-b14c-11ef-8e11-005056b6c1cd#f72cc217-e140-11ee-8e0e-005056b6c1cd; 51ccb1af-b14c-11ef-8e11-005056b6c1cd#f72cc218-e140-11ee-8e0e-005056b6c1cd; 51ccb1af-b14c-11ef-8e11-005056b6c1cd#f72cc219-e140-11ee-8e0e-005056b6c1cd
120000,https://lubanikishina.com/upload/iblock/1f0/nfr4e635kxzmhkulsk9kkf71g0fti8u6.jpg,Кожаный пиджак Вайнона (WINONA) оливковый,BI/WINONA/olive,1,Интернет магазин,Жакеты,4,Кожаный пиджак Вайнона (WINONA) оливковый (44),51ccb1af-b14c-11ef-8e11-005056b6c1cd#f72cc219-e140-11ee-8e0e-005056b6c1cd,—,BI/WINONA/olive,2,2166,1,0,0,2165,https://lubanikishina.com/catalog/zhakety/kozhanyy_pidzhak_vaynona_winona_olivkovyy/,,—,51ccb1af-b14c-11ef-8e11-005056b6c1cd#f72cc217-e140-11ee-8e0e-005056b6c1cd; 51ccb1af-b14c-11ef-8e11-005056b6c1cd#f72cc218-e140-11ee-8e0e-005056b6c1cd; 51ccb1af-b14c-11ef-8e11-005056b6c1cd#f72cc219-e140-11ee-8e0e-005056b6c1cd
79000,https://lubanikishina.com/upload/iblock/2a5/x4sbysxmrnf0lxvbvtv4eiy4tu5yc91k.jpg,Куртка Пацифик (PACIFIC) темно-серая,J/PACIFIC/dgrey,1,Интернет магазин,Куртки,1,Куртка Пацифик (PACIFIC) темно-серая (42),6b458c59-e206-11ef-8e2b-005056b6c1cd#f72cc218-e140-11ee-8e0e-005056b6c1cd,—,J/PACIFIC/dgrey,1,3077,1,0,0,3076,https://lubanikishina.com/catalog/kurtki/kurtka_patsifik_pacific_temno_seraya/,,—,6b458c59-e206-11ef-8e2b-005056b6c1cd#f72cc218-e140-11ee-8e0e-005056b6c1cd
79000,https://lubanikishina.com/upload/iblock/04d/9ygj3sqbxdhpihl55jw1syvq9rsbmlp2.jpg,Куртка Пацифик (PACIFIC) черная,J/PACIFIC/black,1,Интернет магазин,Куртки,3,Куртка Пацифик (PACIFIC) черная (42),51ccb1a2-b14c-11ef-8e11-005056b6c1cd#f72cc218-e140-11ee-8e0e-005056b6c1cd,—,J/PACIFIC/black,3,2158,1,0,0,2155,https://lubanikishina.com/catalog/kurtki/kurtka_patsifik_pacific_chernaya/,,—,51ccb1a2-b14c-11ef-8e11-005056b6c1cd#f72cc218-e140-11ee-8e0e-005056b6c1cd
11500,https://lubanikishina.com/upload/iblock/643/muvlyyde1slksap16fjdpjryfrjn9qta.jpg,Лонгслив,LV/node/black,1,Интернет магазин,Трикотаж,3,Лонгслив (40),c4bd8b48-02e2-11ef-8e0e-005056b6c1cd#f72cc217-e140-11ee-8e0e-005056b6c1cd,—,LV/node/black,2,1560,1,0,0,1558,https://lubanikishina.com/catalog/trikotazh/longsliv/,,—,c4bd8b48-02e2-11ef-8e0e-005056b6c1cd#f72cc217-e140-11ee-8e0e-005056b6c1cd; c4bd8b48-02e2-11ef-8e0e-005056b6c1cd#f72cc218-e140-11ee-8e0e-005056b6c1cd; c4bd8b48-02e2-11ef-8e0e-005056b6c1cd#f72cc219-e140-11ee-8e0e-005056b6c1cd
11500,https://lubanikishina.com/upload/iblock/643/muvlyyde1slksap16fjdpjryfrjn9qta.jpg,Лонгслив,LV/node/black,1,Интернет магазин,Трикотаж,3,Лонгслив (42),c4bd8b48-02e2-11ef-8e0e-005056b6c1cd#f72cc218-e140-11ee-8e0e-005056b6c1cd,—,LV/node/black,0,1561,1,0,0,1558,https://lubanikishina.com/catalog/trikotazh/longsliv/,,—,c4bd8b48-02e2-11ef-8e0e-005056b6c1cd#f72cc217-e140-11ee-8e0e-005056b6c1cd; c4bd8b48-02e2-11ef-8e0e-005056b6c1cd#f72cc218-e140-11ee-8e0e-005056b6c1cd; c4bd8b48-02e2-11ef-8e0e-005056b6c1cd#f72cc219-e140-11ee-8e0e-005056b6c1cd
11500,https://lubanikishina.com/upload/iblock/643/muvlyyde1slksap16fjdpjryfrjn9qta.jpg,Лонгслив,LV/node/black,1,Интернет магазин,Трикотаж,3,Лонгслив (44),c4bd8b48-02e2-11ef-8e0e-005056b6c1cd#f72cc219-e140-11ee-8e0e-005056b6c1cd,—,LV/node/black,1,1562,1,0,0,1558,https://lubanikishina.com/catalog/trikotazh/longsliv/,,—,c4bd8b48-02e2-11ef-8e0e-005056b6c1cd#f72cc217-e140-11ee-8e0e-005056b6c1cd; c4bd8b48-02e2-11ef-8e0e-005056b6c1cd#f72cc218-e140-11ee-8e0e-005056b6c1cd; c4bd8b48-02e2-11ef-8e0e-005056b6c1cd#f72cc219-e140-11ee-8e0e-005056b6c1cd
12000,https://lubanikishina.com/upload/iblock/24b/e6c5ms6rk0bnc86351t0kfdlzvqq244i.png,Лонгслив HIDEY,LV/HIDEY/black,1,Интернет магазин,Трикотаж,9,Лонгслив HIDEY (40),51ccb1ab-b14c-11ef-8e11-005056b6c1cd#f72cc217-e140-11ee-8e0e-005056b6c1cd,—,LV/HIDEY/black,1,2374,1,0,0,2373,https://lubanikishina.com/catalog/trikotazh/longsliv_hidey_1/,,—,51ccb1ab-b14c-11ef-8e11-005056b6c1cd#f72cc217-e140-11ee-8e0e-005056b6c1cd; 51ccb1ab-b14c-11ef-8e11-005056b6c1cd#f72cc218-e140-11ee-8e0e-005056b6c1cd; 51ccb1ab-b14c-11ef-8e11-005056b6c1cd#f72cc219-e140-11ee-8e0e-005056b6c1cd
12000,https://lubanikishina.com/upload/iblock/24b/e6c5ms6rk0bnc86351t0kfdlzvqq244i.png,Лонгслив HIDEY,LV/HIDEY/black,1,Интернет магазин,Трикотаж,9,Лонгслив HIDEY (42),51ccb1ab-b14c-11ef-8e11-005056b6c1cd#f72cc218-e140-11ee-8e0e-005056b6c1cd,—,LV/HIDEY/black,6,2375,1,0,0,2373,https://lubanikishina.com/catalog/trikotazh/longsliv_hidey_1/,,—,51ccb1ab-b14c-11ef-8e11-005056b6c1cd#f72cc217-e140-11ee-8e0e-005056b6c1cd; 51ccb1ab-b14c-11ef-8e11-005056b6c1cd#f72cc218-e140-11ee-8e0e-005056b6c1cd; 51ccb1ab-b14c-11ef-8e11-005056b6c1cd#f72cc219-e140-11ee-8e0e-005056b6c1cd
12000,https://lubanikishina.com/upload/iblock/24b/e6c5ms6rk0bnc86351t0kfdlzvqq244i.png,Лонгслив HIDEY,LV/HIDEY/black,1,Интернет магазин,Трикотаж,9,Лонгслив HIDEY (44),51ccb1ab-b14c-11ef-8e11-005056b6c1cd#f72cc219-e140-11ee-8e0e-005056b6c1cd,—,LV/HIDEY/black,2,2376,1,0,0,2373,https://lubanikishina.com/catalog/trikotazh/longsliv_hidey_1/,,—,51ccb1ab-b14c-11ef-8e11-005056b6c1cd#f72cc217-e140-11ee-8e0e-005056b6c1cd; 51ccb1ab-b14c-11ef-8e11-005056b6c1cd#f72cc218-e140-11ee-8e0e-005056b6c1cd; 51ccb1ab-b14c-11ef-8e11-005056b6c1cd#f72cc219-e140-11ee-8e0e-005056b6c1cd
12000,https://lubanikishina.com/upload/iblock/254/21l3wfqz9h4ixbbdv30p46vv71yxn55d.png,Лонгслив HIDEY,LV/HIDEY/white,1,Интернет магазин,Трикотаж,2,Лонгслив HIDEY (40),51ccb1ad-b14c-11ef-8e11-005056b6c1cd#f72cc217-e140-11ee-8e0e-005056b6c1cd,—,LV/HIDEY/white,0,2258,1,0,0,2252,https://lubanikishina.com/catalog/trikotazh/longsliv_hidey/,,—,51ccb1ad-b14c-11ef-8e11-005056b6c1cd#f72cc217-e140-11ee-8e0e-005056b6c1cd; 51ccb1ad-b14c-11ef-8e11-005056b6c1cd#f72cc218-e140-11ee-8e0e-005056b6c1cd; 51ccb1ad-b14c-11ef-8e11-005056b6c1cd#f72cc219-e140-11ee-8e0e-005056b6c1cd
12000,https://lubanikishina.com/upload/iblock/254/21l3wfqz9h4ixbbdv30p46vv71yxn55d.png,Лонгслив HIDEY,LV/HIDEY/white,1,Интернет магазин,Трикотаж,2,Лонгслив HIDEY (42),51ccb1ad-b14c-11ef-8e11-005056b6c1cd#f72cc218-e140-11ee-8e0e-005056b6c1cd,—,LV/HIDEY/white,0,2259,1,0,0,2252,https://lubanikishina.com/catalog/trikotazh/longsliv_hidey/,,—,51ccb1ad-b14c-11ef-8e11-005056b6c1cd#f72cc217-e140-11ee-8e0e-005056b6c1cd; 51ccb1ad-b14c-11ef-8e11-005056b6c1cd#f72cc218-e140-11ee-8e0e-005056b6c1cd; 51ccb1ad-b14c-11ef-8e11-005056b6c1cd#f72cc219-e140-11ee-8e0e-005056b6c1cd
12000,https://lubanikishina.com/upload/iblock/254/21l3wfqz9h4ixbbdv30p46vv71yxn55d.png,Лонгслив HIDEY,LV/HIDEY/white,1,Интернет магазин,Трикотаж,2,Лонгслив HIDEY (44),51ccb1ad-b14c-11ef-8e11-005056b6c1cd#f72cc219-e140-11ee-8e0e-005056b6c1cd,—,LV/HIDEY/white,2,2260,1,0,0,2252,https://lubanikishina.com/catalog/trikotazh/longsliv_hidey/,,—,51ccb1ad-b14c-11ef-8e11-005056b6c1cd#f72cc217-e140-11ee-8e0e-005056b6c1cd; 51ccb1ad-b14c-11ef-8e11-005056b6c1cd#f72cc218-e140-11ee-8e0e-005056b6c1cd; 51ccb1ad-b14c-11ef-8e11-005056b6c1cd#f72cc219-e140-11ee-8e0e-005056b6c1cd
9500,https://lubanikishina.com/upload/iblock/253/74bmqunsh8f49jheiopd2xbjznclwbpf.jpg,Манишка HIVA,COL/HIVA/quited/black,1,Интернет магазин,Футболки и топы,1,Манишка HIVA (42),176d8575-0221-11ef-8e0e-005056b6c1cd#f72cc218-e140-11ee-8e0e-005056b6c1cd,—,COL/HIVA/quited/black,1,1559,1,0,0,1557,https://lubanikishina.com/catalog/futbolki_i_topy/manishka_hiva/,,—,176d8575-0221-11ef-8e0e-005056b6c1cd#f72cc218-e140-11ee-8e0e-005056b6c1cd
65000,https://lubanikishina.com/upload/iblock/c20/qs6lfsco57s8acrxmwb13z88icq5m3pj.png,Манишка меховая CEED,COL/np-tc/l-grey,1,Интернет магазин,Жилеты,0,Манишка меховая CEED (Onesize),195d51b2-3f89-11f0-8e5c-005056b6c1cd#ee1272c7-7779-11f0-a121-005056b6f117,—,COL/np-tc/l-grey,0,2762,1,0,0,2582,https://lubanikishina.com/catalog/zhilety/manishka_mekhovaya_ceed/,,—,195d51b2-3f89-11f0-8e5c-005056b6c1cd#ee1272c7-7779-11f0-a121-005056b6f117; 195d51b2-3f89-11f0-8e5c-005056b6c1cd#f0998f7f-960e-11f0-a137-005056b6f117
65000,https://lubanikishina.com/upload/iblock/c20/qs6lfsco57s8acrxmwb13z88icq5m3pj.png,Манишка меховая CEED,COL/np-tc/l-grey,1,Интернет магазин,Жилеты,0,Манишка меховая CEED (Onesize),195d51b2-3f89-11f0-8e5c-005056b6c1cd#f0998f7f-960e-11f0-a137-005056b6f117,—,COL/np-tc/l-grey,0,2856,1,0,0,2582,https://lubanikishina.com/catalog/zhilety/manishka_mekhovaya_ceed/,,—,195d51b2-3f89-11f0-8e5c-005056b6c1cd#ee1272c7-7779-11f0-a121-005056b6f117; 195d51b2-3f89-11f0-8e5c-005056b6c1cd#f0998f7f-960e-11f0-a137-005056b6f117
65000,https://lubanikishina.com/upload/iblock/d53/stncgqe7efuc9om934p8f4v09ywkpo8e.jpg,Манишка меховая TERRA,COL/np-tc/brown,1,Интернет магазин,Жилеты,0,Манишка меховая TERRA (Onesize),195d51b3-3f89-11f0-8e5c-005056b6c1cd#f0998f7f-960e-11f0-a137-005056b6f117,—,COL/np-tc/brown,0,2857,1,0,0,2579,https://lubanikishina.com/catalog/zhilety/manishka_mekhovaya_terra/,,—,195d51b3-3f89-11f0-8e5c-005056b6c1cd#f0998f7f-960e-11f0-a137-005056b6f117
112000,https://lubanikishina.com/upload/iblock/7a4/5opis49erku7rddkpd73e37w51krvysi.JPG,Меховой жилет SOREL,FC/SOREL/zm-kr/beige,1,Интернет магазин,Жилеты,1,Меховой жилет SOREL  (40),4f3dd165-954a-11f0-a137-005056b6f117#ac39892a-5b2f-11f0-a108-005056b6f117,—,FC/SOREL/zm-kr/beige,0,3021,1,0,0,3019,https://lubanikishina.com/catalog/zhilety/mekhovoy_zhilet_sorel_/,,—,4f3dd165-954a-11f0-a137-005056b6f117#ac39892a-5b2f-11f0-a108-005056b6f117; 4f3dd165-954a-11f0-a137-005056b6f117#ac3989a6-5b2f-11f0-a108-005056b6f117; 4f3dd165-954a-11f0-a137-005056b6f117#c2c6c807-5b2f-11f0-a108-005056b6f117; 4f3dd165-954a-11f0-a137-005056b6f117#c2c6c883-5b2f-11f0-a108-005056b6f117; 4f3dd165-954a-11f0-a137-005056b6f117#a1ca0b24-5b2f-11f0-a108-005056b6f117
112000,https://lubanikishina.com/upload/iblock/7a4/5opis49erku7rddkpd73e37w51krvysi.JPG,Меховой жилет SOREL,FC/SOREL/zm-kr/beige,1,Интернет магазин,Жилеты,1,Меховой жилет SOREL  (42),4f3dd165-954a-11f0-a137-005056b6f117#ac3989a6-5b2f-11f0-a108-005056b6f117,—,FC/SOREL/zm-kr/beige,1,3022,1,0,0,3019,https://lubanikishina.com/catalog/zhilety/mekhovoy_zhilet_sorel_/,,—,4f3dd165-954a-11f0-a137-005056b6f117#ac39892a-5b2f-11f0-a108-005056b6f117; 4f3dd165-954a-11f0-a137-005056b6f117#ac3989a6-5b2f-11f0-a108-005056b6f117; 4f3dd165-954a-11f0-a137-005056b6f117#c2c6c807-5b2f-11f0-a108-005056b6f117; 4f3dd165-954a-11f0-a137-005056b6f117#c2c6c883-5b2f-11f0-a108-005056b6f117; 4f3dd165-954a-11f0-a137-005056b6f117#a1ca0b24-5b2f-11f0-a108-005056b6f117
112000,https://lubanikishina.com/upload/iblock/7a4/5opis49erku7rddkpd73e37w51krvysi.JPG,Меховой жилет SOREL,FC/SOREL/zm-kr/beige,1,Интернет магазин,Жилеты,1,Меховой жилет SOREL  (44),4f3dd165-954a-11f0-a137-005056b6f117#c2c6c807-5b2f-11f0-a108-005056b6f117,—,FC/SOREL/zm-kr/beige,0,3023,1,0,0,3019,https://lubanikishina.com/catalog/zhilety/mekhovoy_zhilet_sorel_/,,—,4f3dd165-954a-11f0-a137-005056b6f117#ac39892a-5b2f-11f0-a108-005056b6f117; 4f3dd165-954a-11f0-a137-005056b6f117#ac3989a6-5b2f-11f0-a108-005056b6f117; 4f3dd165-954a-11f0-a137-005056b6f117#c2c6c807-5b2f-11f0-a108-005056b6f117; 4f3dd165-954a-11f0-a137-005056b6f117#c2c6c883-5b2f-11f0-a108-005056b6f117; 4f3dd165-954a-11f0-a137-005056b6f117#a1ca0b24-5b2f-11f0-a108-005056b6f117
112000,https://lubanikishina.com/upload/iblock/7a4/5opis49erku7rddkpd73e37w51krvysi.JPG,Меховой жилет SOREL,FC/SOREL/zm-kr/beige,1,Интернет магазин,Жилеты,1,Меховой жилет SOREL  (46),4f3dd165-954a-11f0-a137-005056b6f117#c2c6c883-5b2f-11f0-a108-005056b6f117,—,FC/SOREL/zm-kr/beige,0,3024,1,0,0,3019,https://lubanikishina.com/catalog/zhilety/mekhovoy_zhilet_sorel_/,,—,4f3dd165-954a-11f0-a137-005056b6f117#ac39892a-5b2f-11f0-a108-005056b6f117; 4f3dd165-954a-11f0-a137-005056b6f117#ac3989a6-5b2f-11f0-a108-005056b6f117; 4f3dd165-954a-11f0-a137-005056b6f117#c2c6c807-5b2f-11f0-a108-005056b6f117; 4f3dd165-954a-11f0-a137-005056b6f117#c2c6c883-5b2f-11f0-a108-005056b6f117; 4f3dd165-954a-11f0-a137-005056b6f117#a1ca0b24-5b2f-11f0-a108-005056b6f117
112000,https://lubanikishina.com/upload/iblock/7a4/5opis49erku7rddkpd73e37w51krvysi.JPG,Меховой жилет SOREL,FC/SOREL/zm-kr/beige,1,Интернет магазин,Жилеты,1,Меховой жилет SOREL  (38),4f3dd165-954a-11f0-a137-005056b6f117#a1ca0b24-5b2f-11f0-a108-005056b6f117,—,FC/SOREL/zm-kr/beige,0,3025,1,0,0,3019,https://lubanikishina.com/catalog/zhilety/mekhovoy_zhilet_sorel_/,,—,4f3dd165-954a-11f0-a137-005056b6f117#ac39892a-5b2f-11f0-a108-005056b6f117; 4f3dd165-954a-11f0-a137-005056b6f117#ac3989a6-5b2f-11f0-a108-005056b6f117; 4f3dd165-954a-11f0-a137-005056b6f117#c2c6c807-5b2f-11f0-a108-005056b6f117; 4f3dd165-954a-11f0-a137-005056b6f117#c2c6c883-5b2f-11f0-a108-005056b6f117; 4f3dd165-954a-11f0-a137-005056b6f117#a1ca0b24-5b2f-11f0-a108-005056b6f117
65000,https://lubanikishina.com/upload/iblock/a13/60lo7q9bf05ztancnf16foe329j3xw4o.jpg,"Пальто Аврил (AVRIL) с принтом ""ёлочка""",CT/AVRIL/sand/herringbone,1,Интернет магазин,Пальто,4,"Пальто Аврил (AVRIL) с принтом ""ёлочка"" (40)",a094fec9-86dc-11ef-8e10-005056b6c1cd#f72cc217-e140-11ee-8e0e-005056b6c1cd,—,CT/AVRIL/sand/herringbone,0,2968,1,0,0,2967,https://lubanikishina.com/catalog/palto/palto_avril_avril_s_printom_yelochka/,,—,a094fec9-86dc-11ef-8e10-005056b6c1cd#f72cc217-e140-11ee-8e0e-005056b6c1cd; a094fec9-86dc-11ef-8e10-005056b6c1cd#f72cc218-e140-11ee-8e0e-005056b6c1cd; a094fec9-86dc-11ef-8e10-005056b6c1cd#f72cc219-e140-11ee-8e0e-005056b6c1cd
65000,https://lubanikishina.com/upload/iblock/a13/60lo7q9bf05ztancnf16foe329j3xw4o.jpg,"Пальто Аврил (AVRIL) с принтом ""ёлочка""",CT/AVRIL/sand/herringbone,1,Интернет магазин,Пальто,4,"Пальто Аврил (AVRIL) с принтом ""ёлочка"" (42)",a094fec9-86dc-11ef-8e10-005056b6c1cd#f72cc218-e140-11ee-8e0e-005056b6c1cd,—,CT/AVRIL/sand/herringbone,2,2969,1,0,0,2967,https://lubanikishina.com/catalog/palto/palto_avril_avril_s_printom_yelochka/,,—,a094fec9-86dc-11ef-8e10-005056b6c1cd#f72cc217-e140-11ee-8e0e-005056b6c1cd; a094fec9-86dc-11ef-8e10-005056b6c1cd#f72cc218-e140-11ee-8e0e-005056b6c1cd; a094fec9-86dc-11ef-8e10-005056b6c1cd#f72cc219-e140-11ee-8e0e-005056b6c1cd
65000,https://lubanikishina.com/upload/iblock/a13/60lo7q9bf05ztancnf16foe329j3xw4o.jpg,"Пальто Аврил (AVRIL) с принтом ""ёлочка""",CT/AVRIL/sand/herringbone,1,Интернет магазин,Пальто,4,"Пальто Аврил (AVRIL) с принтом ""ёлочка"" (44)",a094fec9-86dc-11ef-8e10-005056b6c1cd#f72cc219-e140-11ee-8e0e-005056b6c1cd,—,CT/AVRIL/sand/herringbone,2,2970,1,0,0,2967,https://lubanikishina.com/catalog/palto/palto_avril_avril_s_printom_yelochka/,,—,a094fec9-86dc-11ef-8e10-005056b6c1cd#f72cc217-e140-11ee-8e0e-005056b6c1cd; a094fec9-86dc-11ef-8e10-005056b6c1cd#f72cc218-e140-11ee-8e0e-005056b6c1cd; a094fec9-86dc-11ef-8e10-005056b6c1cd#f72cc219-e140-11ee-8e0e-005056b6c1cd
42000,https://lubanikishina.com/upload/iblock/3b4/0q7t814wvxpdmgyd5yqhne0ly9u52k4l.jpg,Пальто Адель (ADEL) в клетку,CT/ADEL/dg/plaid,1,Интернет магазин,Пальто,1,Пальто Адель (ADEL) в клетку (40),ab7d7ade-fbdc-11ee-8e0e-005056b6c1cd#f72cc217-e140-11ee-8e0e-005056b6c1cd,—,CT/ADEL/dg/plaid,1,1873,1,0,0,1856,https://lubanikishina.com/catalog/palto/palto_adel_adel_v_kletku/,,—,ab7d7ade-fbdc-11ee-8e0e-005056b6c1cd#f72cc217-e140-11ee-8e0e-005056b6c1cd; ab7d7ade-fbdc-11ee-8e0e-005056b6c1cd#f72cc216-e140-11ee-8e0e-005056b6c1cd; ab7d7ade-fbdc-11ee-8e0e-005056b6c1cd#f72cc218-e140-11ee-8e0e-005056b6c1cd; ab7d7ade-fbdc-11ee-8e0e-005056b6c1cd#f72cc219-e140-11ee-8e0e-005056b6c1cd
42000,https://lubanikishina.com/upload/iblock/3b4/0q7t814wvxpdmgyd5yqhne0ly9u52k4l.jpg,Пальто Адель (ADEL) в клетку,CT/ADEL/dg/plaid,1,Интернет магазин,Пальто,1,Пальто Адель (ADEL) в клетку (38),ab7d7ade-fbdc-11ee-8e0e-005056b6c1cd#f72cc216-e140-11ee-8e0e-005056b6c1cd,—,CT/ADEL/dg/plaid,0,1872,1,0,0,1856,https://lubanikishina.com/catalog/palto/palto_adel_adel_v_kletku/,,—,ab7d7ade-fbdc-11ee-8e0e-005056b6c1cd#f72cc217-e140-11ee-8e0e-005056b6c1cd; ab7d7ade-fbdc-11ee-8e0e-005056b6c1cd#f72cc216-e140-11ee-8e0e-005056b6c1cd; ab7d7ade-fbdc-11ee-8e0e-005056b6c1cd#f72cc218-e140-11ee-8e0e-005056b6c1cd; ab7d7ade-fbdc-11ee-8e0e-005056b6c1cd#f72cc219-e140-11ee-8e0e-005056b6c1cd
42000,https://lubanikishina.com/upload/iblock/3b4/0q7t814wvxpdmgyd5yqhne0ly9u52k4l.jpg,Пальто Адель (ADEL) в клетку,CT/ADEL/dg/plaid,1,Интернет магазин,Пальто,1,Пальто Адель (ADEL) в клетку (42),ab7d7ade-fbdc-11ee-8e0e-005056b6c1cd#f72cc218-e140-11ee-8e0e-005056b6c1cd,—,CT/ADEL/dg/plaid,0,1874,1,0,0,1856,https://lubanikishina.com/catalog/palto/palto_adel_adel_v_kletku/,,—,ab7d7ade-fbdc-11ee-8e0e-005056b6c1cd#f72cc217-e140-11ee-8e0e-005056b6c1cd; ab7d7ade-fbdc-11ee-8e0e-005056b6c1cd#f72cc216-e140-11ee-8e0e-005056b6c1cd; ab7d7ade-fbdc-11ee-8e0e-005056b6c1cd#f72cc218-e140-11ee-8e0e-005056b6c1cd; ab7d7ade-fbdc-11ee-8e0e-005056b6c1cd#f72cc219-e140-11ee-8e0e-005056b6c1cd
42000,https://lubanikishina.com/upload/iblock/3b4/0q7t814wvxpdmgyd5yqhne0ly9u52k4l.jpg,Пальто Адель (ADEL) в клетку,CT/ADEL/dg/plaid,1,Интернет магазин,Пальто,1,Пальто Адель (ADEL) в клетку (44),ab7d7ade-fbdc-11ee-8e0e-005056b6c1cd#f72cc219-e140-11ee-8e0e-005056b6c1cd,—,CT/ADEL/dg/plaid,0,1875,1,0,0,1856,https://lubanikishina.com/catalog/palto/palto_adel_adel_v_kletku/,,—,ab7d7ade-fbdc-11ee-8e0e-005056b6c1cd#f72cc217-e140-11ee-8e0e-005056b6c1cd; ab7d7ade-fbdc-11ee-8e0e-005056b6c1cd#f72cc216-e140-11ee-8e0e-005056b6c1cd; ab7d7ade-fbdc-11ee-8e0e-005056b6c1cd#f72cc218-e140-11ee-8e0e-005056b6c1cd; ab7d7ade-fbdc-11ee-8e0e-005056b6c1cd#f72cc219-e140-11ee-8e0e-005056b6c1cd
42000,https://lubanikishina.com/upload/iblock/b62/zqfg4omlpm83erdr0za25t1a6xllts9d.png,Пальто Адель (ADEL) молочное,CT/ADEL/ivory,1,Интернет магазин,Пальто,21,Пальто Адель (ADEL) молочное (44),ab7d7add-fbdc-11ee-8e0e-005056b6c1cd#f72cc219-e140-11ee-8e0e-005056b6c1cd,—,CT/ADEL/ivory,2,1796,1,0,0,1792,https://lubanikishina.com/catalog/palto/palto_adel_adel_molochnoe/,,—,ab7d7add-fbdc-11ee-8e0e-005056b6c1cd#f72cc219-e140-11ee-8e0e-005056b6c1cd; ab7d7add-fbdc-11ee-8e0e-005056b6c1cd#f72cc217-e140-11ee-8e0e-005056b6c1cd; ab7d7add-fbdc-11ee-8e0e-005056b6c1cd#f72cc216-e140-11ee-8e0e-005056b6c1cd; ab7d7add-fbdc-11ee-8e0e-005056b6c1cd#f72cc218-e140-11ee-8e0e-005056b6c1cd
42000,https://lubanikishina.com/upload/iblock/b62/zqfg4omlpm83erdr0za25t1a6xllts9d.png,Пальто Адель (ADEL) молочное,CT/ADEL/ivory,1,Интернет магазин,Пальто,21,Пальто Адель (ADEL) молочное (40),ab7d7add-fbdc-11ee-8e0e-005056b6c1cd#f72cc217-e140-11ee-8e0e-005056b6c1cd,—,CT/ADEL/ivory,9,1794,1,0,0,1792,https://lubanikishina.com/catalog/palto/palto_adel_adel_molochnoe/,,—,ab7d7add-fbdc-11ee-8e0e-005056b6c1cd#f72cc219-e140-11ee-8e0e-005056b6c1cd; ab7d7add-fbdc-11ee-8e0e-005056b6c1cd#f72cc217-e140-11ee-8e0e-005056b6c1cd; ab7d7add-fbdc-11ee-8e0e-005056b6c1cd#f72cc216-e140-11ee-8e0e-005056b6c1cd; ab7d7add-fbdc-11ee-8e0e-005056b6c1cd#f72cc218-e140-11ee-8e0e-005056b6c1cd
42000,https://lubanikishina.com/upload/iblock/b62/zqfg4omlpm83erdr0za25t1a6xllts9d.png,Пальто Адель (ADEL) молочное,CT/ADEL/ivory,1,Интернет магазин,Пальто,21,Пальто Адель (ADEL) молочное (38),ab7d7add-fbdc-11ee-8e0e-005056b6c1cd#f72cc216-e140-11ee-8e0e-005056b6c1cd,—,CT/ADEL/ivory,0,1793,1,0,0,1792,https://lubanikishina.com/catalog/palto/palto_adel_adel_molochnoe/,,—,ab7d7add-fbdc-11ee-8e0e-005056b6c1cd#f72cc219-e140-11ee-8e0e-005056b6c1cd; ab7d7add-fbdc-11ee-8e0e-005056b6c1cd#f72cc217-e140-11ee-8e0e-005056b6c1cd; ab7d7add-fbdc-11ee-8e0e-005056b6c1cd#f72cc216-e140-11ee-8e0e-005056b6c1cd; ab7d7add-fbdc-11ee-8e0e-005056b6c1cd#f72cc218-e140-11ee-8e0e-005056b6c1cd
42000,https://lubanikishina.com/upload/iblock/b62/zqfg4omlpm83erdr0za25t1a6xllts9d.png,Пальто Адель (ADEL) молочное,CT/ADEL/ivory,1,Интернет магазин,Пальто,21,Пальто Адель (ADEL) молочное (42),ab7d7add-fbdc-11ee-8e0e-005056b6c1cd#f72cc218-e140-11ee-8e0e-005056b6c1cd,—,CT/ADEL/ivory,10,1795,1,0,0,1792,https://lubanikishina.com/catalog/palto/palto_adel_adel_molochnoe/,,—,ab7d7add-fbdc-11ee-8e0e-005056b6c1cd#f72cc219-e140-11ee-8e0e-005056b6c1cd; ab7d7add-fbdc-11ee-8e0e-005056b6c1cd#f72cc217-e140-11ee-8e0e-005056b6c1cd; ab7d7add-fbdc-11ee-8e0e-005056b6c1cd#f72cc216-e140-11ee-8e0e-005056b6c1cd; ab7d7add-fbdc-11ee-8e0e-005056b6c1cd#f72cc218-e140-11ee-8e0e-005056b6c1cd
39000,https://lubanikishina.com/upload/iblock/e23/k5fviqh8lfj3k5ei19s7bfzd76csv2vs.png,Пальто Ами (AMI) светло-серое,CT/AMI/lgrey,1,Интернет магазин,Пальто,1,Пальто Ами (AMI) светло-серое (40),ab7d7ae6-fbdc-11ee-8e0e-005056b6c1cd#f72cc217-e140-11ee-8e0e-005056b6c1cd,—,CT/AMI/lgrey,0,2666,1,0,0,2665,https://lubanikishina.com/catalog/palto/palto_ami_ami_svetlo_seroe/,,—,ab7d7ae6-fbdc-11ee-8e0e-005056b6c1cd#f72cc217-e140-11ee-8e0e-005056b6c1cd; ab7d7ae6-fbdc-11ee-8e0e-005056b6c1cd#f72cc218-e140-11ee-8e0e-005056b6c1cd; ab7d7ae6-fbdc-11ee-8e0e-005056b6c1cd#f72cc219-e140-11ee-8e0e-005056b6c1cd
39000,https://lubanikishina.com/upload/iblock/e23/k5fviqh8lfj3k5ei19s7bfzd76csv2vs.png,Пальто Ами (AMI) светло-серое,CT/AMI/lgrey,1,Интернет магазин,Пальто,1,Пальто Ами (AMI) светло-серое (42),ab7d7ae6-fbdc-11ee-8e0e-005056b6c1cd#f72cc218-e140-11ee-8e0e-005056b6c1cd,—,CT/AMI/lgrey,0,2667,1,0,0,2665,https://lubanikishina.com/catalog/palto/palto_ami_ami_svetlo_seroe/,,—,ab7d7ae6-fbdc-11ee-8e0e-005056b6c1cd#f72cc217-e140-11ee-8e0e-005056b6c1cd; ab7d7ae6-fbdc-11ee-8e0e-005056b6c1cd#f72cc218-e140-11ee-8e0e-005056b6c1cd; ab7d7ae6-fbdc-11ee-8e0e-005056b6c1cd#f72cc219-e140-11ee-8e0e-005056b6c1cd
42000,https://lubanikishina.com/upload/iblock/e23/k5fviqh8lfj3k5ei19s7bfzd76csv2vs.png,Пальто Ами (AMI) светло-серое,CT/AMI/lgrey,1,Интернет магазин,Пальто,1,Пальто Ами (AMI) светло-серое (44),ab7d7ae6-fbdc-11ee-8e0e-005056b6c1cd#f72cc219-e140-11ee-8e0e-005056b6c1cd,—,CT/AMI/lgrey,1,2668,1,0,0,2665,https://lubanikishina.com/catalog/palto/palto_ami_ami_svetlo_seroe/,,—,ab7d7ae6-fbdc-11ee-8e0e-005056b6c1cd#f72cc217-e140-11ee-8e0e-005056b6c1cd; ab7d7ae6-fbdc-11ee-8e0e-005056b6c1cd#f72cc218-e140-11ee-8e0e-005056b6c1cd; ab7d7ae6-fbdc-11ee-8e0e-005056b6c1cd#f72cc219-e140-11ee-8e0e-005056b6c1cd
46000,https://lubanikishina.com/upload/iblock/6c5/o4epcngijk7vmhm6co1vixoxm20c6gm8.jpg,Пальто Ами (AMI) серое,CT/AMI/grey,1,Интернет магазин,Пальто,1,Пальто Ами (AMI) серое (40),ab7d7ae8-fbdc-11ee-8e0e-005056b6c1cd#f72cc217-e140-11ee-8e0e-005056b6c1cd,—,CT/AMI/grey,1,1770,1,0,0,1749,https://lubanikishina.com/catalog/palto/palto_ami_ami_seroe/,,—,ab7d7ae8-fbdc-11ee-8e0e-005056b6c1cd#f72cc217-e140-11ee-8e0e-005056b6c1cd; ab7d7ae8-fbdc-11ee-8e0e-005056b6c1cd#f72cc218-e140-11ee-8e0e-005056b6c1cd; ab7d7ae8-fbdc-11ee-8e0e-005056b6c1cd#f72cc219-e140-11ee-8e0e-005056b6c1cd; ab7d7ae8-fbdc-11ee-8e0e-005056b6c1cd#f72cc21a-e140-11ee-8e0e-005056b6c1cd
46000,https://lubanikishina.com/upload/iblock/6c5/o4epcngijk7vmhm6co1vixoxm20c6gm8.jpg,Пальто Ами (AMI) серое,CT/AMI/grey,1,Интернет магазин,Пальто,1,Пальто Ами (AMI) серое (42),ab7d7ae8-fbdc-11ee-8e0e-005056b6c1cd#f72cc218-e140-11ee-8e0e-005056b6c1cd,—,CT/AMI/grey,0,1771,1,0,0,1749,https://lubanikishina.com/catalog/palto/palto_ami_ami_seroe/,,—,ab7d7ae8-fbdc-11ee-8e0e-005056b6c1cd#f72cc217-e140-11ee-8e0e-005056b6c1cd; ab7d7ae8-fbdc-11ee-8e0e-005056b6c1cd#f72cc218-e140-11ee-8e0e-005056b6c1cd; ab7d7ae8-fbdc-11ee-8e0e-005056b6c1cd#f72cc219-e140-11ee-8e0e-005056b6c1cd; ab7d7ae8-fbdc-11ee-8e0e-005056b6c1cd#f72cc21a-e140-11ee-8e0e-005056b6c1cd
46000,https://lubanikishina.com/upload/iblock/6c5/o4epcngijk7vmhm6co1vixoxm20c6gm8.jpg,Пальто Ами (AMI) серое,CT/AMI/grey,1,Интернет магазин,Пальто,1,Пальто Ами (AMI) серое (44),ab7d7ae8-fbdc-11ee-8e0e-005056b6c1cd#f72cc219-e140-11ee-8e0e-005056b6c1cd,—,CT/AMI/grey,0,1772,1,0,0,1749,https://lubanikishina.com/catalog/palto/palto_ami_ami_seroe/,,—,ab7d7ae8-fbdc-11ee-8e0e-005056b6c1cd#f72cc217-e140-11ee-8e0e-005056b6c1cd; ab7d7ae8-fbdc-11ee-8e0e-005056b6c1cd#f72cc218-e140-11ee-8e0e-005056b6c1cd; ab7d7ae8-fbdc-11ee-8e0e-005056b6c1cd#f72cc219-e140-11ee-8e0e-005056b6c1cd; ab7d7ae8-fbdc-11ee-8e0e-005056b6c1cd#f72cc21a-e140-11ee-8e0e-005056b6c1cd
46000,https://lubanikishina.com/upload/iblock/6c5/o4epcngijk7vmhm6co1vixoxm20c6gm8.jpg,Пальто Ами (AMI) серое,CT/AMI/grey,1,Интернет магазин,Пальто,1,Пальто Ами (AMI) серое (46),ab7d7ae8-fbdc-11ee-8e0e-005056b6c1cd#f72cc21a-e140-11ee-8e0e-005056b6c1cd,—,CT/AMI/grey,0,3086,1,0,0,1749,https://lubanikishina.com/catalog/palto/palto_ami_ami_seroe/,,—,ab7d7ae8-fbdc-11ee-8e0e-005056b6c1cd#f72cc217-e140-11ee-8e0e-005056b6c1cd; ab7d7ae8-fbdc-11ee-8e0e-005056b6c1cd#f72cc218-e140-11ee-8e0e-005056b6c1cd; ab7d7ae8-fbdc-11ee-8e0e-005056b6c1cd#f72cc219-e140-11ee-8e0e-005056b6c1cd; ab7d7ae8-fbdc-11ee-8e0e-005056b6c1cd#f72cc21a-e140-11ee-8e0e-005056b6c1cd
65000,https://lubanikishina.com/upload/iblock/ac2/tiilozcilef0r3ivdy602i00zs5lg7rr.jpg,Пальто Ами (AMI) с принтом,CT/AMI/leoprint,1,Интернет магазин,Пальто,2,Пальто Ами (AMI) с принтом  (44),2d97aad6-88d2-11f0-a137-005056b6f117#f72cc219-e140-11ee-8e0e-005056b6c1cd,—,CT/AMI/leoprint,0,2811,1,0,0,2808,https://lubanikishina.com/catalog/palto/palto_ami_ami_s_printom_/,,—,2d97aad6-88d2-11f0-a137-005056b6f117#f72cc219-e140-11ee-8e0e-005056b6c1cd; 2d97aad6-88d2-11f0-a137-005056b6f117#f72cc218-e140-11ee-8e0e-005056b6c1cd; 2d97aad6-88d2-11f0-a137-005056b6f117#f72cc217-e140-11ee-8e0e-005056b6c1cd; 2d97aad6-88d2-11f0-a137-005056b6f117#f72cc21a-e140-11ee-8e0e-005056b6c1cd
65000,https://lubanikishina.com/upload/iblock/ac2/tiilozcilef0r3ivdy602i00zs5lg7rr.jpg,Пальто Ами (AMI) с принтом,CT/AMI/leoprint,1,Интернет магазин,Пальто,2,Пальто Ами (AMI) с принтом  (42),2d97aad6-88d2-11f0-a137-005056b6f117#f72cc218-e140-11ee-8e0e-005056b6c1cd,—,CT/AMI/leoprint,0,2810,1,0,0,2808,https://lubanikishina.com/catalog/palto/palto_ami_ami_s_printom_/,,—,2d97aad6-88d2-11f0-a137-005056b6f117#f72cc219-e140-11ee-8e0e-005056b6c1cd; 2d97aad6-88d2-11f0-a137-005056b6f117#f72cc218-e140-11ee-8e0e-005056b6c1cd; 2d97aad6-88d2-11f0-a137-005056b6f117#f72cc217-e140-11ee-8e0e-005056b6c1cd; 2d97aad6-88d2-11f0-a137-005056b6f117#f72cc21a-e140-11ee-8e0e-005056b6c1cd
65000,https://lubanikishina.com/upload/iblock/ac2/tiilozcilef0r3ivdy602i00zs5lg7rr.jpg,Пальто Ами (AMI) с принтом,CT/AMI/leoprint,1,Интернет магазин,Пальто,2,Пальто Ами (AMI) с принтом  (40),2d97aad6-88d2-11f0-a137-005056b6f117#f72cc217-e140-11ee-8e0e-005056b6c1cd,—,CT/AMI/leoprint,2,2809,1,0,0,2808,https://lubanikishina.com/catalog/palto/palto_ami_ami_s_printom_/,,—,2d97aad6-88d2-11f0-a137-005056b6f117#f72cc219-e140-11ee-8e0e-005056b6c1cd; 2d97aad6-88d2-11f0-a137-005056b6f117#f72cc218-e140-11ee-8e0e-005056b6c1cd; 2d97aad6-88d2-11f0-a137-005056b6f117#f72cc217-e140-11ee-8e0e-005056b6c1cd; 2d97aad6-88d2-11f0-a137-005056b6f117#f72cc21a-e140-11ee-8e0e-005056b6c1cd
65000,https://lubanikishina.com/upload/iblock/ac2/tiilozcilef0r3ivdy602i00zs5lg7rr.jpg,Пальто Ами (AMI) с принтом,CT/AMI/leoprint,1,Интернет магазин,Пальто,2,Пальто Ами (AMI) с принтом  (46),2d97aad6-88d2-11f0-a137-005056b6f117#f72cc21a-e140-11ee-8e0e-005056b6c1cd,—,CT/AMI/leoprint,0,2812,1,0,0,2808,https://lubanikishina.com/catalog/palto/palto_ami_ami_s_printom_/,,—,2d97aad6-88d2-11f0-a137-005056b6f117#f72cc219-e140-11ee-8e0e-005056b6c1cd; 2d97aad6-88d2-11f0-a137-005056b6f117#f72cc218-e140-11ee-8e0e-005056b6c1cd; 2d97aad6-88d2-11f0-a137-005056b6f117#f72cc217-e140-11ee-8e0e-005056b6c1cd; 2d97aad6-88d2-11f0-a137-005056b6f117#f72cc21a-e140-11ee-8e0e-005056b6c1cd
45000,https://lubanikishina.com/upload/iblock/29a/rd19wf11alecdtpd2529hqbvb62ue9bd.jpg,Пальто Вира (VIRA) бежевое,CT/VIRA/beige/ws,1,Интернет магазин,Пальто,1,Пальто Вира (VIRA) бежевое (40),78c09261-fd5e-11ee-8e0e-005056b6c1cd#f72cc217-e140-11ee-8e0e-005056b6c1cd,—,CT/VIRA/beige/ws,1,1887,1,0,0,1862,https://lubanikishina.com/catalog/palto/palto_vira_vira_bezhevoe/,,—,78c09261-fd5e-11ee-8e0e-005056b6c1cd#f72cc217-e140-11ee-8e0e-005056b6c1cd; 78c09261-fd5e-11ee-8e0e-005056b6c1cd#f72cc218-e140-11ee-8e0e-005056b6c1cd; 78c09261-fd5e-11ee-8e0e-005056b6c1cd#f72cc219-e140-11ee-8e0e-005056b6c1cd
45000,https://lubanikishina.com/upload/iblock/29a/rd19wf11alecdtpd2529hqbvb62ue9bd.jpg,Пальто Вира (VIRA) бежевое,CT/VIRA/beige/ws,1,Интернет магазин,Пальто,1,Пальто Вира (VIRA) бежевое (42),78c09261-fd5e-11ee-8e0e-005056b6c1cd#f72cc218-e140-11ee-8e0e-005056b6c1cd,—,CT/VIRA/beige/ws,0,1888,1,0,0,1862,https://lubanikishina.com/catalog/palto/palto_vira_vira_bezhevoe/,,—,78c09261-fd5e-11ee-8e0e-005056b6c1cd#f72cc217-e140-11ee-8e0e-005056b6c1cd; 78c09261-fd5e-11ee-8e0e-005056b6c1cd#f72cc218-e140-11ee-8e0e-005056b6c1cd; 78c09261-fd5e-11ee-8e0e-005056b6c1cd#f72cc219-e140-11ee-8e0e-005056b6c1cd
45000,https://lubanikishina.com/upload/iblock/29a/rd19wf11alecdtpd2529hqbvb62ue9bd.jpg,Пальто Вира (VIRA) бежевое,CT/VIRA/beige/ws,1,Интернет магазин,Пальто,1,Пальто Вира (VIRA) бежевое (44),78c09261-fd5e-11ee-8e0e-005056b6c1cd#f72cc219-e140-11ee-8e0e-005056b6c1cd,—,CT/VIRA/beige/ws,0,1889,1,0,0,1862,https://lubanikishina.com/catalog/palto/palto_vira_vira_bezhevoe/,,—,78c09261-fd5e-11ee-8e0e-005056b6c1cd#f72cc217-e140-11ee-8e0e-005056b6c1cd; 78c09261-fd5e-11ee-8e0e-005056b6c1cd#f72cc218-e140-11ee-8e0e-005056b6c1cd; 78c09261-fd5e-11ee-8e0e-005056b6c1cd#f72cc219-e140-11ee-8e0e-005056b6c1cd
45000,https://lubanikishina.com/upload/iblock/cc8/w8hobmqisd6fg1crk2rlzaf90i5iw7ct.jpg,Пальто Вира (VIRA) чёрное,CT/VIRA/black,1,Интернет магазин,Пальто,0,Пальто Вира (VIRA) чёрное (40),4b94181e-d185-11ef-8e21-005056b6c1cd#f72cc217-e140-11ee-8e0e-005056b6c1cd,—,CT/VIRA/black,0,2404,1,0,0,2403,https://lubanikishina.com/catalog/palto/palto_vira_vira_chyernoe/,,—,4b94181e-d185-11ef-8e21-005056b6c1cd#f72cc217-e140-11ee-8e0e-005056b6c1cd; 4b94181e-d185-11ef-8e21-005056b6c1cd#f72cc218-e140-11ee-8e0e-005056b6c1cd; 4b94181e-d185-11ef-8e21-005056b6c1cd#f72cc219-e140-11ee-8e0e-005056b6c1cd
45000,https://lubanikishina.com/upload/iblock/cc8/w8hobmqisd6fg1crk2rlzaf90i5iw7ct.jpg,Пальто Вира (VIRA) чёрное,CT/VIRA/black,1,Интернет магазин,Пальто,0,Пальто Вира (VIRA) чёрное (42),4b94181e-d185-11ef-8e21-005056b6c1cd#f72cc218-e140-11ee-8e0e-005056b6c1cd,—,CT/VIRA/black,0,2405,1,0,0,2403,https://lubanikishina.com/catalog/palto/palto_vira_vira_chyernoe/,,—,4b94181e-d185-11ef-8e21-005056b6c1cd#f72cc217-e140-11ee-8e0e-005056b6c1cd; 4b94181e-d185-11ef-8e21-005056b6c1cd#f72cc218-e140-11ee-8e0e-005056b6c1cd; 4b94181e-d185-11ef-8e21-005056b6c1cd#f72cc219-e140-11ee-8e0e-005056b6c1cd
45000,https://lubanikishina.com/upload/iblock/cc8/w8hobmqisd6fg1crk2rlzaf90i5iw7ct.jpg,Пальто Вира (VIRA) чёрное,CT/VIRA/black,1,Интернет магазин,Пальто,0,Пальто Вира (VIRA) чёрное (44),4b94181e-d185-11ef-8e21-005056b6c1cd#f72cc219-e140-11ee-8e0e-005056b6c1cd,—,CT/VIRA/black,0,2406,1,0,0,2403,https://lubanikishina.com/catalog/palto/palto_vira_vira_chyernoe/,,—,4b94181e-d185-11ef-8e21-005056b6c1cd#f72cc217-e140-11ee-8e0e-005056b6c1cd; 4b94181e-d185-11ef-8e21-005056b6c1cd#f72cc218-e140-11ee-8e0e-005056b6c1cd; 4b94181e-d185-11ef-8e21-005056b6c1cd#f72cc219-e140-11ee-8e0e-005056b6c1cd
74000,https://lubanikishina.com/upload/iblock/528/4l7gs5bobu4gfqmvou1sj38vzem31u50.jpg,Пальто Джойс (JOYCE) кремовое,CT/JOYCE/sandwhite,1,Интернет магазин,Пальто,1,Пальто Джойс (JOYCE) кремовое  (40),354d2885-fd30-11f0-a13c-005056b6f117#f72cc217-e140-11ee-8e0e-005056b6c1cd,—,CT/JOYCE/sandwhite,1,3240,1,0,0,3186,https://lubanikishina.com/catalog/palto/palto_dzhoys_joyce_kremovoe_/,,—,354d2885-fd30-11f0-a13c-005056b6f117#f72cc217-e140-11ee-8e0e-005056b6c1cd; 354d2885-fd30-11f0-a13c-005056b6f117#f72cc218-e140-11ee-8e0e-005056b6c1cd
74000,https://lubanikishina.com/upload/iblock/528/4l7gs5bobu4gfqmvou1sj38vzem31u50.jpg,Пальто Джойс (JOYCE) кремовое,CT/JOYCE/sandwhite,1,Интернет магазин,Пальто,1,Пальто Джойс (JOYCE) кремовое  (42),354d2885-fd30-11f0-a13c-005056b6f117#f72cc218-e140-11ee-8e0e-005056b6c1cd,—,CT/JOYCE/sandwhite,0,3241,1,0,0,3186,https://lubanikishina.com/catalog/palto/palto_dzhoys_joyce_kremovoe_/,,—,354d2885-fd30-11f0-a13c-005056b6f117#f72cc217-e140-11ee-8e0e-005056b6c1cd; 354d2885-fd30-11f0-a13c-005056b6f117#f72cc218-e140-11ee-8e0e-005056b6c1cd
74000,https://lubanikishina.com/upload/iblock/1e6/utmeiwrwxvfo2vwo4qvbhm7frtz3t71m.JPG,Пальто Джойс (JOYCE) тёмно-серое,CT/JOYCE/d-grey,1,Интернет магазин,Пальто,2,Пальто Джойс (JOYCE) тёмно-серое (One Size),d093d3a3-ada9-11f0-a138-005056b6f117#f72cc21b-e140-11ee-8e0e-005056b6c1cd,—,CT/JOYCE/d-grey,2,3014,1,0,0,3006,https://lubanikishina.com/catalog/palto/palto_dzhoys_joyce_tyemno_seroe/,,—,d093d3a3-ada9-11f0-a138-005056b6f117#f72cc21b-e140-11ee-8e0e-005056b6c1cd
94000,https://lubanikishina.com/upload/iblock/c87/jmc6m7tx79zo39mp1zhzf1r9wvp0p3ld.jpg,Пальто Джойс (JOYCE) чёрное,CT/JOYCE/wv-black,1,Интернет магазин,Пальто,2,Пальто Джойс (JOYCE) чёрное  (One Size),cae96943-e636-11f0-a13c-005056b6f117#f72cc21b-e140-11ee-8e0e-005056b6c1cd,—,CT/JOYCE/wv-black,2,3111,1,0,0,3110,https://lubanikishina.com/catalog/palto/palto_dzhoys_joyce_chyernoe_/,,—,cae96943-e636-11f0-a13c-005056b6f117#f72cc21b-e140-11ee-8e0e-005056b6c1cd
59000,https://lubanikishina.com/upload/iblock/8c6/8i9dz9r3phigcyybz0e4hcuy7xlt6iv7.jpg,Пальто Йоко (YOKO) бежевое,CT/YOKO/beige,1,Интернет магазин,Пальто,5,Пальто Йоко (YOKO) бежевое (42),7d55f119-094f-11f0-8e4b-005056b6c1cd#f72cc218-e140-11ee-8e0e-005056b6c1cd,—,CT/YOKO/beige,2,2383,1,0,0,2382,https://lubanikishina.com/catalog/palto/palto_yoko_yoko_bezhevoe/,,—,7d55f119-094f-11f0-8e4b-005056b6c1cd#f72cc218-e140-11ee-8e0e-005056b6c1cd; 7d55f119-094f-11f0-8e4b-005056b6c1cd#f72cc217-e140-11ee-8e0e-005056b6c1cd; 7d55f119-094f-11f0-8e4b-005056b6c1cd#f72cc219-e140-11ee-8e0e-005056b6c1cd; 7d55f119-094f-11f0-8e4b-005056b6c1cd#f72cc21a-e140-11ee-8e0e-005056b6c1cd
59000,https://lubanikishina.com/upload/iblock/8c6/8i9dz9r3phigcyybz0e4hcuy7xlt6iv7.jpg,Пальто Йоко (YOKO) бежевое,CT/YOKO/beige,1,Интернет магазин,Пальто,5,Пальто Йоко (YOKO) бежевое (40),7d55f119-094f-11f0-8e4b-005056b6c1cd#f72cc217-e140-11ee-8e0e-005056b6c1cd,—,CT/YOKO/beige,3,2519,1,0,0,2382,https://lubanikishina.com/catalog/palto/palto_yoko_yoko_bezhevoe/,,—,7d55f119-094f-11f0-8e4b-005056b6c1cd#f72cc218-e140-11ee-8e0e-005056b6c1cd; 7d55f119-094f-11f0-8e4b-005056b6c1cd#f72cc217-e140-11ee-8e0e-005056b6c1cd; 7d55f119-094f-11f0-8e4b-005056b6c1cd#f72cc219-e140-11ee-8e0e-005056b6c1cd; 7d55f119-094f-11f0-8e4b-005056b6c1cd#f72cc21a-e140-11ee-8e0e-005056b6c1cd
59000,https://lubanikishina.com/upload/iblock/8c6/8i9dz9r3phigcyybz0e4hcuy7xlt6iv7.jpg,Пальто Йоко (YOKO) бежевое,CT/YOKO/beige,1,Интернет магазин,Пальто,5,Пальто Йоко (YOKO) бежевое (44),7d55f119-094f-11f0-8e4b-005056b6c1cd#f72cc219-e140-11ee-8e0e-005056b6c1cd,—,CT/YOKO/beige,0,2520,1,0,0,2382,https://lubanikishina.com/catalog/palto/palto_yoko_yoko_bezhevoe/,,—,7d55f119-094f-11f0-8e4b-005056b6c1cd#f72cc218-e140-11ee-8e0e-005056b6c1cd; 7d55f119-094f-11f0-8e4b-005056b6c1cd#f72cc217-e140-11ee-8e0e-005056b6c1cd; 7d55f119-094f-11f0-8e4b-005056b6c1cd#f72cc219-e140-11ee-8e0e-005056b6c1cd; 7d55f119-094f-11f0-8e4b-005056b6c1cd#f72cc21a-e140-11ee-8e0e-005056b6c1cd
59000,https://lubanikishina.com/upload/iblock/8c6/8i9dz9r3phigcyybz0e4hcuy7xlt6iv7.jpg,Пальто Йоко (YOKO) бежевое,CT/YOKO/beige,1,Интернет магазин,Пальто,5,Пальто Йоко (YOKO) бежевое (46),7d55f119-094f-11f0-8e4b-005056b6c1cd#f72cc21a-e140-11ee-8e0e-005056b6c1cd,—,CT/YOKO/beige,0,2521,1,0,0,2382,https://lubanikishina.com/catalog/palto/palto_yoko_yoko_bezhevoe/,,—,7d55f119-094f-11f0-8e4b-005056b6c1cd#f72cc218-e140-11ee-8e0e-005056b6c1cd; 7d55f119-094f-11f0-8e4b-005056b6c1cd#f72cc217-e140-11ee-8e0e-005056b6c1cd; 7d55f119-094f-11f0-8e4b-005056b6c1cd#f72cc219-e140-11ee-8e0e-005056b6c1cd; 7d55f119-094f-11f0-8e4b-005056b6c1cd#f72cc21a-e140-11ee-8e0e-005056b6c1cd
59000,https://lubanikishina.com/upload/iblock/8ba/s1y5ckzqtwplqqtbuzh1i6a97rmig93o.jpg,Пальто Йоко (YOKO) розовое,CT/YOKO/pink,1,Интернет магазин,Пальто,1,Пальто Йоко (YOKO) розовое (40),31506d02-f5ab-11ef-8e37-005056b6c1cd#f72cc217-e140-11ee-8e0e-005056b6c1cd,—,CT/YOKO/pink,1,2365,1,0,0,2364,https://lubanikishina.com/catalog/palto/palto_yoko_yoko_rozovoe/,,—,31506d02-f5ab-11ef-8e37-005056b6c1cd#f72cc217-e140-11ee-8e0e-005056b6c1cd; 31506d02-f5ab-11ef-8e37-005056b6c1cd#f72cc218-e140-11ee-8e0e-005056b6c1cd; 31506d02-f5ab-11ef-8e37-005056b6c1cd#f72cc219-e140-11ee-8e0e-005056b6c1cd; 31506d02-f5ab-11ef-8e37-005056b6c1cd#f72cc21a-e140-11ee-8e0e-005056b6c1cd
59000,https://lubanikishina.com/upload/iblock/8ba/s1y5ckzqtwplqqtbuzh1i6a97rmig93o.jpg,Пальто Йоко (YOKO) розовое,CT/YOKO/pink,1,Интернет магазин,Пальто,1,Пальто Йоко (YOKO) розовое (42),31506d02-f5ab-11ef-8e37-005056b6c1cd#f72cc218-e140-11ee-8e0e-005056b6c1cd,—,CT/YOKO/pink,0,2366,1,0,0,2364,https://lubanikishina.com/catalog/palto/palto_yoko_yoko_rozovoe/,,—,31506d02-f5ab-11ef-8e37-005056b6c1cd#f72cc217-e140-11ee-8e0e-005056b6c1cd; 31506d02-f5ab-11ef-8e37-005056b6c1cd#f72cc218-e140-11ee-8e0e-005056b6c1cd; 31506d02-f5ab-11ef-8e37-005056b6c1cd#f72cc219-e140-11ee-8e0e-005056b6c1cd; 31506d02-f5ab-11ef-8e37-005056b6c1cd#f72cc21a-e140-11ee-8e0e-005056b6c1cd
59000,https://lubanikishina.com/upload/iblock/8ba/s1y5ckzqtwplqqtbuzh1i6a97rmig93o.jpg,Пальто Йоко (YOKO) розовое,CT/YOKO/pink,1,Интернет магазин,Пальто,1,Пальто Йоко (YOKO) розовое (44),31506d02-f5ab-11ef-8e37-005056b6c1cd#f72cc219-e140-11ee-8e0e-005056b6c1cd,—,CT/YOKO/pink,0,2367,1,0,0,2364,https://lubanikishina.com/catalog/palto/palto_yoko_yoko_rozovoe/,,—,31506d02-f5ab-11ef-8e37-005056b6c1cd#f72cc217-e140-11ee-8e0e-005056b6c1cd; 31506d02-f5ab-11ef-8e37-005056b6c1cd#f72cc218-e140-11ee-8e0e-005056b6c1cd; 31506d02-f5ab-11ef-8e37-005056b6c1cd#f72cc219-e140-11ee-8e0e-005056b6c1cd; 31506d02-f5ab-11ef-8e37-005056b6c1cd#f72cc21a-e140-11ee-8e0e-005056b6c1cd
59000,https://lubanikishina.com/upload/iblock/8ba/s1y5ckzqtwplqqtbuzh1i6a97rmig93o.jpg,Пальто Йоко (YOKO) розовое,CT/YOKO/pink,1,Интернет магазин,Пальто,1,Пальто Йоко (YOKO) розовое (46),31506d02-f5ab-11ef-8e37-005056b6c1cd#f72cc21a-e140-11ee-8e0e-005056b6c1cd,—,CT/YOKO/pink,0,2368,1,0,0,2364,https://lubanikishina.com/catalog/palto/palto_yoko_yoko_rozovoe/,,—,31506d02-f5ab-11ef-8e37-005056b6c1cd#f72cc217-e140-11ee-8e0e-005056b6c1cd; 31506d02-f5ab-11ef-8e37-005056b6c1cd#f72cc218-e140-11ee-8e0e-005056b6c1cd; 31506d02-f5ab-11ef-8e37-005056b6c1cd#f72cc219-e140-11ee-8e0e-005056b6c1cd; 31506d02-f5ab-11ef-8e37-005056b6c1cd#f72cc21a-e140-11ee-8e0e-005056b6c1cd
59000,https://lubanikishina.com/upload/sprint.editor/e5a/51329lvydt0tny36pdt97uaornei4xlm.jpg,Пальто Йоко (YOKO) серое,CT/YOKO/grey,1,Интернет магазин,Пальто,3,Пальто Йоко (YOKO) серое (40),22f2d59c-16b0-11f0-8e4f-005056b6c1cd#f72cc217-e140-11ee-8e0e-005056b6c1cd,—,CT/YOKO/grey,1,2957,1,0,0,2956,https://lubanikishina.com/catalog/palto/palto_yoko_yoko_seroe/,,—,22f2d59c-16b0-11f0-8e4f-005056b6c1cd#f72cc217-e140-11ee-8e0e-005056b6c1cd; 22f2d59c-16b0-11f0-8e4f-005056b6c1cd#f72cc218-e140-11ee-8e0e-005056b6c1cd; 22f2d59c-16b0-11f0-8e4f-005056b6c1cd#f72cc219-e140-11ee-8e0e-005056b6c1cd; 22f2d59c-16b0-11f0-8e4f-005056b6c1cd#f72cc21a-e140-11ee-8e0e-005056b6c1cd
59000,https://lubanikishina.com/upload/sprint.editor/e5a/51329lvydt0tny36pdt97uaornei4xlm.jpg,Пальто Йоко (YOKO) серое,CT/YOKO/grey,1,Интернет магазин,Пальто,3,Пальто Йоко (YOKO) серое (42),22f2d59c-16b0-11f0-8e4f-005056b6c1cd#f72cc218-e140-11ee-8e0e-005056b6c1cd,—,CT/YOKO/grey,0,2958,1,0,0,2956,https://lubanikishina.com/catalog/palto/palto_yoko_yoko_seroe/,,—,22f2d59c-16b0-11f0-8e4f-005056b6c1cd#f72cc217-e140-11ee-8e0e-005056b6c1cd; 22f2d59c-16b0-11f0-8e4f-005056b6c1cd#f72cc218-e140-11ee-8e0e-005056b6c1cd; 22f2d59c-16b0-11f0-8e4f-005056b6c1cd#f72cc219-e140-11ee-8e0e-005056b6c1cd; 22f2d59c-16b0-11f0-8e4f-005056b6c1cd#f72cc21a-e140-11ee-8e0e-005056b6c1cd
59000,https://lubanikishina.com/upload/sprint.editor/e5a/51329lvydt0tny36pdt97uaornei4xlm.jpg,Пальто Йоко (YOKO) серое,CT/YOKO/grey,1,Интернет магазин,Пальто,3,Пальто Йоко (YOKO) серое (44),22f2d59c-16b0-11f0-8e4f-005056b6c1cd#f72cc219-e140-11ee-8e0e-005056b6c1cd,—,CT/YOKO/grey,2,2959,1,0,0,2956,https://lubanikishina.com/catalog/palto/palto_yoko_yoko_seroe/,,—,22f2d59c-16b0-11f0-8e4f-005056b6c1cd#f72cc217-e140-11ee-8e0e-005056b6c1cd; 22f2d59c-16b0-11f0-8e4f-005056b6c1cd#f72cc218-e140-11ee-8e0e-005056b6c1cd; 22f2d59c-16b0-11f0-8e4f-005056b6c1cd#f72cc219-e140-11ee-8e0e-005056b6c1cd; 22f2d59c-16b0-11f0-8e4f-005056b6c1cd#f72cc21a-e140-11ee-8e0e-005056b6c1cd
59000,https://lubanikishina.com/upload/sprint.editor/e5a/51329lvydt0tny36pdt97uaornei4xlm.jpg,Пальто Йоко (YOKO) серое,CT/YOKO/grey,1,Интернет магазин,Пальто,3,Пальто Йоко (YOKO) серое (46),22f2d59c-16b0-11f0-8e4f-005056b6c1cd#f72cc21a-e140-11ee-8e0e-005056b6c1cd,—,CT/YOKO/grey,0,2960,1,0,0,2956,https://lubanikishina.com/catalog/palto/palto_yoko_yoko_seroe/,,—,22f2d59c-16b0-11f0-8e4f-005056b6c1cd#f72cc217-e140-11ee-8e0e-005056b6c1cd; 22f2d59c-16b0-11f0-8e4f-005056b6c1cd#f72cc218-e140-11ee-8e0e-005056b6c1cd; 22f2d59c-16b0-11f0-8e4f-005056b6c1cd#f72cc219-e140-11ee-8e0e-005056b6c1cd; 22f2d59c-16b0-11f0-8e4f-005056b6c1cd#f72cc21a-e140-11ee-8e0e-005056b6c1cd
59000,https://lubanikishina.com/upload/iblock/669/ny67sj3rivc2livqcvy31bd5sonung8h.jpg,Пальто Йоко (YOKO) чёрное,CT/YOKO/black,1,Интернет магазин,Пальто,1,Пальто Йоко (YOKO) чёрное  (40),8ac8a88b-e2cc-11ef-8e2b-005056b6c1cd#f72cc217-e140-11ee-8e0e-005056b6c1cd,—,CT/YOKO/black,0,2355,1,0,0,2298,https://lubanikishina.com/catalog/palto/palto_yoko_yoko_chyernoe_/,,—,8ac8a88b-e2cc-11ef-8e2b-005056b6c1cd#f72cc217-e140-11ee-8e0e-005056b6c1cd; 8ac8a88b-e2cc-11ef-8e2b-005056b6c1cd#f72cc218-e140-11ee-8e0e-005056b6c1cd; 8ac8a88b-e2cc-11ef-8e2b-005056b6c1cd#f72cc219-e140-11ee-8e0e-005056b6c1cd; 8ac8a88b-e2cc-11ef-8e2b-005056b6c1cd#f72cc21a-e140-11ee-8e0e-005056b6c1cd
59000,https://lubanikishina.com/upload/iblock/669/ny67sj3rivc2livqcvy31bd5sonung8h.jpg,Пальто Йоко (YOKO) чёрное,CT/YOKO/black,1,Интернет магазин,Пальто,1,Пальто Йоко (YOKO) чёрное  (42),8ac8a88b-e2cc-11ef-8e2b-005056b6c1cd#f72cc218-e140-11ee-8e0e-005056b6c1cd,—,CT/YOKO/black,1,2299,1,0,0,2298,https://lubanikishina.com/catalog/palto/palto_yoko_yoko_chyernoe_/,,—,8ac8a88b-e2cc-11ef-8e2b-005056b6c1cd#f72cc217-e140-11ee-8e0e-005056b6c1cd; 8ac8a88b-e2cc-11ef-8e2b-005056b6c1cd#f72cc218-e140-11ee-8e0e-005056b6c1cd; 8ac8a88b-e2cc-11ef-8e2b-005056b6c1cd#f72cc219-e140-11ee-8e0e-005056b6c1cd; 8ac8a88b-e2cc-11ef-8e2b-005056b6c1cd#f72cc21a-e140-11ee-8e0e-005056b6c1cd
59000,https://lubanikishina.com/upload/iblock/669/ny67sj3rivc2livqcvy31bd5sonung8h.jpg,Пальто Йоко (YOKO) чёрное,CT/YOKO/black,1,Интернет магазин,Пальто,1,Пальто Йоко (YOKO) чёрное  (44),8ac8a88b-e2cc-11ef-8e2b-005056b6c1cd#f72cc219-e140-11ee-8e0e-005056b6c1cd,—,CT/YOKO/black,0,2356,1,0,0,2298,https://lubanikishina.com/catalog/palto/palto_yoko_yoko_chyernoe_/,,—,8ac8a88b-e2cc-11ef-8e2b-005056b6c1cd#f72cc217-e140-11ee-8e0e-005056b6c1cd; 8ac8a88b-e2cc-11ef-8e2b-005056b6c1cd#f72cc218-e140-11ee-8e0e-005056b6c1cd; 8ac8a88b-e2cc-11ef-8e2b-005056b6c1cd#f72cc219-e140-11ee-8e0e-005056b6c1cd; 8ac8a88b-e2cc-11ef-8e2b-005056b6c1cd#f72cc21a-e140-11ee-8e0e-005056b6c1cd
59000,https://lubanikishina.com/upload/iblock/669/ny67sj3rivc2livqcvy31bd5sonung8h.jpg,Пальто Йоко (YOKO) чёрное,CT/YOKO/black,1,Интернет магазин,Пальто,1,Пальто Йоко (YOKO) чёрное  (46),8ac8a88b-e2cc-11ef-8e2b-005056b6c1cd#f72cc21a-e140-11ee-8e0e-005056b6c1cd,—,CT/YOKO/black,0,2357,1,0,0,2298,https://lubanikishina.com/catalog/palto/palto_yoko_yoko_chyernoe_/,,—,8ac8a88b-e2cc-11ef-8e2b-005056b6c1cd#f72cc217-e140-11ee-8e0e-005056b6c1cd; 8ac8a88b-e2cc-11ef-8e2b-005056b6c1cd#f72cc218-e140-11ee-8e0e-005056b6c1cd; 8ac8a88b-e2cc-11ef-8e2b-005056b6c1cd#f72cc219-e140-11ee-8e0e-005056b6c1cd; 8ac8a88b-e2cc-11ef-8e2b-005056b6c1cd#f72cc21a-e140-11ee-8e0e-005056b6c1cd
67500,https://lubanikishina.com/upload/iblock/4be/47xk32sh62huxc0uqnsqzzj1llogh0sn.png,Пальто Кальма (CALMA) бежевое,CT/CALMA/beige,1,Интернет магазин,Пальто,4,Пальто Кальма (CALMA) бежевое (42),8ac8a881-e2cc-11ef-8e2b-005056b6c1cd#f72cc218-e140-11ee-8e0e-005056b6c1cd,—,CT/CALMA/beige,2,2287,1,0,0,2282,https://lubanikishina.com/catalog/palto/palto_kalma_calma_bezhevoe/,,—,8ac8a881-e2cc-11ef-8e2b-005056b6c1cd#f72cc218-e140-11ee-8e0e-005056b6c1cd; 8ac8a881-e2cc-11ef-8e2b-005056b6c1cd#f72cc219-e140-11ee-8e0e-005056b6c1cd; 8ac8a881-e2cc-11ef-8e2b-005056b6c1cd#f72cc217-e140-11ee-8e0e-005056b6c1cd; 8ac8a881-e2cc-11ef-8e2b-005056b6c1cd#f72cc21a-e140-11ee-8e0e-005056b6c1cd
67500,https://lubanikishina.com/upload/iblock/4be/47xk32sh62huxc0uqnsqzzj1llogh0sn.png,Пальто Кальма (CALMA) бежевое,CT/CALMA/beige,1,Интернет магазин,Пальто,4,Пальто Кальма (CALMA) бежевое (44),8ac8a881-e2cc-11ef-8e2b-005056b6c1cd#f72cc219-e140-11ee-8e0e-005056b6c1cd,—,CT/CALMA/beige,1,2288,1,0,0,2282,https://lubanikishina.com/catalog/palto/palto_kalma_calma_bezhevoe/,,—,8ac8a881-e2cc-11ef-8e2b-005056b6c1cd#f72cc218-e140-11ee-8e0e-005056b6c1cd; 8ac8a881-e2cc-11ef-8e2b-005056b6c1cd#f72cc219-e140-11ee-8e0e-005056b6c1cd; 8ac8a881-e2cc-11ef-8e2b-005056b6c1cd#f72cc217-e140-11ee-8e0e-005056b6c1cd; 8ac8a881-e2cc-11ef-8e2b-005056b6c1cd#f72cc21a-e140-11ee-8e0e-005056b6c1cd
67500,https://lubanikishina.com/upload/iblock/4be/47xk32sh62huxc0uqnsqzzj1llogh0sn.png,Пальто Кальма (CALMA) бежевое,CT/CALMA/beige,1,Интернет магазин,Пальто,4,Пальто Кальма (CALMA) бежевое (40),8ac8a881-e2cc-11ef-8e2b-005056b6c1cd#f72cc217-e140-11ee-8e0e-005056b6c1cd,—,CT/CALMA/beige,1,2286,1,0,0,2282,https://lubanikishina.com/catalog/palto/palto_kalma_calma_bezhevoe/,,—,8ac8a881-e2cc-11ef-8e2b-005056b6c1cd#f72cc218-e140-11ee-8e0e-005056b6c1cd; 8ac8a881-e2cc-11ef-8e2b-005056b6c1cd#f72cc219-e140-11ee-8e0e-005056b6c1cd; 8ac8a881-e2cc-11ef-8e2b-005056b6c1cd#f72cc217-e140-11ee-8e0e-005056b6c1cd; 8ac8a881-e2cc-11ef-8e2b-005056b6c1cd#f72cc21a-e140-11ee-8e0e-005056b6c1cd
67500,https://lubanikishina.com/upload/iblock/4be/47xk32sh62huxc0uqnsqzzj1llogh0sn.png,Пальто Кальма (CALMA) бежевое,CT/CALMA/beige,1,Интернет магазин,Пальто,4,Пальто Кальма (CALMA) бежевое (46),8ac8a881-e2cc-11ef-8e2b-005056b6c1cd#f72cc21a-e140-11ee-8e0e-005056b6c1cd,—,CT/CALMA/beige,0,2289,1,0,0,2282,https://lubanikishina.com/catalog/palto/palto_kalma_calma_bezhevoe/,,—,8ac8a881-e2cc-11ef-8e2b-005056b6c1cd#f72cc218-e140-11ee-8e0e-005056b6c1cd; 8ac8a881-e2cc-11ef-8e2b-005056b6c1cd#f72cc219-e140-11ee-8e0e-005056b6c1cd; 8ac8a881-e2cc-11ef-8e2b-005056b6c1cd#f72cc217-e140-11ee-8e0e-005056b6c1cd; 8ac8a881-e2cc-11ef-8e2b-005056b6c1cd#f72cc21a-e140-11ee-8e0e-005056b6c1cd
67500,https://lubanikishina.com/upload/iblock/099/m8532fe6vbfwlkjw954y40g3xaqqnjaf.png,Пальто Кальма (CALMA) чёрное,CT/CALMA/black,1,Интернет магазин,Пальто,6,Пальто Кальма (CALMA) чёрное  (40),4b941815-d185-11ef-8e21-005056b6c1cd#f72cc217-e140-11ee-8e0e-005056b6c1cd,—,CT/CALMA/black,3,2284,1,0,0,2281,https://lubanikishina.com/catalog/palto/palto_kalma_calma_chyernoe_/,,—,4b941815-d185-11ef-8e21-005056b6c1cd#f72cc217-e140-11ee-8e0e-005056b6c1cd; 4b941815-d185-11ef-8e21-005056b6c1cd#f72cc218-e140-11ee-8e0e-005056b6c1cd; 4b941815-d185-11ef-8e21-005056b6c1cd#f72cc219-e140-11ee-8e0e-005056b6c1cd
67500,https://lubanikishina.com/upload/iblock/099/m8532fe6vbfwlkjw954y40g3xaqqnjaf.png,Пальто Кальма (CALMA) чёрное,CT/CALMA/black,1,Интернет магазин,Пальто,6,Пальто Кальма (CALMA) чёрное  (42),4b941815-d185-11ef-8e21-005056b6c1cd#f72cc218-e140-11ee-8e0e-005056b6c1cd,—,CT/CALMA/black,1,2285,1,0,0,2281,https://lubanikishina.com/catalog/palto/palto_kalma_calma_chyernoe_/,,—,4b941815-d185-11ef-8e21-005056b6c1cd#f72cc217-e140-11ee-8e0e-005056b6c1cd; 4b941815-d185-11ef-8e21-005056b6c1cd#f72cc218-e140-11ee-8e0e-005056b6c1cd; 4b941815-d185-11ef-8e21-005056b6c1cd#f72cc219-e140-11ee-8e0e-005056b6c1cd
67500,https://lubanikishina.com/upload/iblock/099/m8532fe6vbfwlkjw954y40g3xaqqnjaf.png,Пальто Кальма (CALMA) чёрное,CT/CALMA/black,1,Интернет магазин,Пальто,6,Пальто Кальма (CALMA) чёрное  (44),4b941815-d185-11ef-8e21-005056b6c1cd#f72cc219-e140-11ee-8e0e-005056b6c1cd,—,CT/CALMA/black,2,2354,1,0,0,2281,https://lubanikishina.com/catalog/palto/palto_kalma_calma_chyernoe_/,,—,4b941815-d185-11ef-8e21-005056b6c1cd#f72cc217-e140-11ee-8e0e-005056b6c1cd; 4b941815-d185-11ef-8e21-005056b6c1cd#f72cc218-e140-11ee-8e0e-005056b6c1cd; 4b941815-d185-11ef-8e21-005056b6c1cd#f72cc219-e140-11ee-8e0e-005056b6c1cd
36500,https://lubanikishina.com/upload/iblock/082/67rnd3syckejem0fylrh7zhwle2tsm8a.jpg,Пальто Кейт (KATE) охра,CT/KATE/mustard,1,Интернет магазин,Пальто,3,Пальто Кейт (KATE) охра (38),157626c3-e5dc-11ee-8e0e-005056b6c1cd#f72cc216-e140-11ee-8e0e-005056b6c1cd,—,CT/KATE/mustard,3,1765,1,0,0,1748,https://lubanikishina.com/catalog/palto/palto_keyt_kate_okhra/,,—,157626c3-e5dc-11ee-8e0e-005056b6c1cd#f72cc216-e140-11ee-8e0e-005056b6c1cd; 157626c3-e5dc-11ee-8e0e-005056b6c1cd#f72cc217-e140-11ee-8e0e-005056b6c1cd; 157626c3-e5dc-11ee-8e0e-005056b6c1cd#f72cc219-e140-11ee-8e0e-005056b6c1cd; 157626c3-e5dc-11ee-8e0e-005056b6c1cd#f72cc218-e140-11ee-8e0e-005056b6c1cd; 157626c3-e5dc-11ee-8e0e-005056b6c1cd#f72cc21a-e140-11ee-8e0e-005056b6c1cd
36500,https://lubanikishina.com/upload/iblock/082/67rnd3syckejem0fylrh7zhwle2tsm8a.jpg,Пальто Кейт (KATE) охра,CT/KATE/mustard,1,Интернет магазин,Пальто,3,Пальто Кейт (KATE) охра (40),157626c3-e5dc-11ee-8e0e-005056b6c1cd#f72cc217-e140-11ee-8e0e-005056b6c1cd,—,CT/KATE/mustard,0,1766,1,0,0,1748,https://lubanikishina.com/catalog/palto/palto_keyt_kate_okhra/,,—,157626c3-e5dc-11ee-8e0e-005056b6c1cd#f72cc216-e140-11ee-8e0e-005056b6c1cd; 157626c3-e5dc-11ee-8e0e-005056b6c1cd#f72cc217-e140-11ee-8e0e-005056b6c1cd; 157626c3-e5dc-11ee-8e0e-005056b6c1cd#f72cc219-e140-11ee-8e0e-005056b6c1cd; 157626c3-e5dc-11ee-8e0e-005056b6c1cd#f72cc218-e140-11ee-8e0e-005056b6c1cd; 157626c3-e5dc-11ee-8e0e-005056b6c1cd#f72cc21a-e140-11ee-8e0e-005056b6c1cd
36500,https://lubanikishina.com/upload/iblock/082/67rnd3syckejem0fylrh7zhwle2tsm8a.jpg,Пальто Кейт (KATE) охра,CT/KATE/mustard,1,Интернет магазин,Пальто,3,Пальто Кейт (KATE) охра (44),157626c3-e5dc-11ee-8e0e-005056b6c1cd#f72cc219-e140-11ee-8e0e-005056b6c1cd,—,CT/KATE/mustard,0,1768,1,0,0,1748,https://lubanikishina.com/catalog/palto/palto_keyt_kate_okhra/,,—,157626c3-e5dc-11ee-8e0e-005056b6c1cd#f72cc216-e140-11ee-8e0e-005056b6c1cd; 157626c3-e5dc-11ee-8e0e-005056b6c1cd#f72cc217-e140-11ee-8e0e-005056b6c1cd; 157626c3-e5dc-11ee-8e0e-005056b6c1cd#f72cc219-e140-11ee-8e0e-005056b6c1cd; 157626c3-e5dc-11ee-8e0e-005056b6c1cd#f72cc218-e140-11ee-8e0e-005056b6c1cd; 157626c3-e5dc-11ee-8e0e-005056b6c1cd#f72cc21a-e140-11ee-8e0e-005056b6c1cd
36500,https://lubanikishina.com/upload/iblock/082/67rnd3syckejem0fylrh7zhwle2tsm8a.jpg,Пальто Кейт (KATE) охра,CT/KATE/mustard,1,Интернет магазин,Пальто,3,Пальто Кейт (KATE) охра (42),157626c3-e5dc-11ee-8e0e-005056b6c1cd#f72cc218-e140-11ee-8e0e-005056b6c1cd,—,CT/KATE/mustard,0,1767,1,0,0,1748,https://lubanikishina.com/catalog/palto/palto_keyt_kate_okhra/,,—,157626c3-e5dc-11ee-8e0e-005056b6c1cd#f72cc216-e140-11ee-8e0e-005056b6c1cd; 157626c3-e5dc-11ee-8e0e-005056b6c1cd#f72cc217-e140-11ee-8e0e-005056b6c1cd; 157626c3-e5dc-11ee-8e0e-005056b6c1cd#f72cc219-e140-11ee-8e0e-005056b6c1cd; 157626c3-e5dc-11ee-8e0e-005056b6c1cd#f72cc218-e140-11ee-8e0e-005056b6c1cd; 157626c3-e5dc-11ee-8e0e-005056b6c1cd#f72cc21a-e140-11ee-8e0e-005056b6c1cd
36500,https://lubanikishina.com/upload/iblock/082/67rnd3syckejem0fylrh7zhwle2tsm8a.jpg,Пальто Кейт (KATE) охра,CT/KATE/mustard,1,Интернет магазин,Пальто,3,Пальто Кейт (KATE) охра (46),157626c3-e5dc-11ee-8e0e-005056b6c1cd#f72cc21a-e140-11ee-8e0e-005056b6c1cd,—,CT/KATE/mustard,0,3208,1,0,0,1748,https://lubanikishina.com/catalog/palto/palto_keyt_kate_okhra/,,—,157626c3-e5dc-11ee-8e0e-005056b6c1cd#f72cc216-e140-11ee-8e0e-005056b6c1cd; 157626c3-e5dc-11ee-8e0e-005056b6c1cd#f72cc217-e140-11ee-8e0e-005056b6c1cd; 157626c3-e5dc-11ee-8e0e-005056b6c1cd#f72cc219-e140-11ee-8e0e-005056b6c1cd; 157626c3-e5dc-11ee-8e0e-005056b6c1cd#f72cc218-e140-11ee-8e0e-005056b6c1cd; 157626c3-e5dc-11ee-8e0e-005056b6c1cd#f72cc21a-e140-11ee-8e0e-005056b6c1cd
36500,https://lubanikishina.com/upload/iblock/ff1/s37kfn44obn81w6us8ndhrqigp9rrzq8.jpg,Пальто Кейт (KATE) чёрное,CT/KATE/AW23/black,1,Интернет магазин,Пальто,1,Пальто Кейт (KATE) чёрное  (40),157626bc-e5dc-11ee-8e0e-005056b6c1cd#f72cc217-e140-11ee-8e0e-005056b6c1cd,—,CT/KATE/AW23/black,0,1758,1,0,0,1746,https://lubanikishina.com/catalog/palto/palto_keyt_kate_chyernoe_/,,—,157626bc-e5dc-11ee-8e0e-005056b6c1cd#f72cc217-e140-11ee-8e0e-005056b6c1cd; 157626bc-e5dc-11ee-8e0e-005056b6c1cd#f72cc219-e140-11ee-8e0e-005056b6c1cd; 157626bc-e5dc-11ee-8e0e-005056b6c1cd#f72cc216-e140-11ee-8e0e-005056b6c1cd; 157626bc-e5dc-11ee-8e0e-005056b6c1cd#f72cc218-e140-11ee-8e0e-005056b6c1cd; 157626bc-e5dc-11ee-8e0e-005056b6c1cd#f72cc21a-e140-11ee-8e0e-005056b6c1cd
36500,https://lubanikishina.com/upload/iblock/ff1/s37kfn44obn81w6us8ndhrqigp9rrzq8.jpg,Пальто Кейт (KATE) чёрное,CT/KATE/AW23/black,1,Интернет магазин,Пальто,1,Пальто Кейт (KATE) чёрное  (44),157626bc-e5dc-11ee-8e0e-005056b6c1cd#f72cc219-e140-11ee-8e0e-005056b6c1cd,—,CT/KATE/AW23/black,0,1760,1,0,0,1746,https://lubanikishina.com/catalog/palto/palto_keyt_kate_chyernoe_/,,—,157626bc-e5dc-11ee-8e0e-005056b6c1cd#f72cc217-e140-11ee-8e0e-005056b6c1cd; 157626bc-e5dc-11ee-8e0e-005056b6c1cd#f72cc219-e140-11ee-8e0e-005056b6c1cd; 157626bc-e5dc-11ee-8e0e-005056b6c1cd#f72cc216-e140-11ee-8e0e-005056b6c1cd; 157626bc-e5dc-11ee-8e0e-005056b6c1cd#f72cc218-e140-11ee-8e0e-005056b6c1cd; 157626bc-e5dc-11ee-8e0e-005056b6c1cd#f72cc21a-e140-11ee-8e0e-005056b6c1cd
36500,https://lubanikishina.com/upload/iblock/ff1/s37kfn44obn81w6us8ndhrqigp9rrzq8.jpg,Пальто Кейт (KATE) чёрное,CT/KATE/AW23/black,1,Интернет магазин,Пальто,1,Пальто Кейт (KATE) чёрное  (38),157626bc-e5dc-11ee-8e0e-005056b6c1cd#f72cc216-e140-11ee-8e0e-005056b6c1cd,—,CT/KATE/AW23/black,1,1757,1,0,0,1746,https://lubanikishina.com/catalog/palto/palto_keyt_kate_chyernoe_/,,—,157626bc-e5dc-11ee-8e0e-005056b6c1cd#f72cc217-e140-11ee-8e0e-005056b6c1cd; 157626bc-e5dc-11ee-8e0e-005056b6c1cd#f72cc219-e140-11ee-8e0e-005056b6c1cd; 157626bc-e5dc-11ee-8e0e-005056b6c1cd#f72cc216-e140-11ee-8e0e-005056b6c1cd; 157626bc-e5dc-11ee-8e0e-005056b6c1cd#f72cc218-e140-11ee-8e0e-005056b6c1cd; 157626bc-e5dc-11ee-8e0e-005056b6c1cd#f72cc21a-e140-11ee-8e0e-005056b6c1cd
36500,https://lubanikishina.com/upload/iblock/ff1/s37kfn44obn81w6us8ndhrqigp9rrzq8.jpg,Пальто Кейт (KATE) чёрное,CT/KATE/AW23/black,1,Интернет магазин,Пальто,1,Пальто Кейт (KATE) чёрное  (42),157626bc-e5dc-11ee-8e0e-005056b6c1cd#f72cc218-e140-11ee-8e0e-005056b6c1cd,—,CT/KATE/AW23/black,0,1759,1,0,0,1746,https://lubanikishina.com/catalog/palto/palto_keyt_kate_chyernoe_/,,—,157626bc-e5dc-11ee-8e0e-005056b6c1cd#f72cc217-e140-11ee-8e0e-005056b6c1cd; 157626bc-e5dc-11ee-8e0e-005056b6c1cd#f72cc219-e140-11ee-8e0e-005056b6c1cd; 157626bc-e5dc-11ee-8e0e-005056b6c1cd#f72cc216-e140-11ee-8e0e-005056b6c1cd; 157626bc-e5dc-11ee-8e0e-005056b6c1cd#f72cc218-e140-11ee-8e0e-005056b6c1cd; 157626bc-e5dc-11ee-8e0e-005056b6c1cd#f72cc21a-e140-11ee-8e0e-005056b6c1cd
36500,https://lubanikishina.com/upload/iblock/ff1/s37kfn44obn81w6us8ndhrqigp9rrzq8.jpg,Пальто Кейт (KATE) чёрное,CT/KATE/AW23/black,1,Интернет магазин,Пальто,1,Пальто Кейт (KATE) чёрное  (46),157626bc-e5dc-11ee-8e0e-005056b6c1cd#f72cc21a-e140-11ee-8e0e-005056b6c1cd,—,CT/KATE/AW23/black,0,3207,1,0,0,1746,https://lubanikishina.com/catalog/palto/palto_keyt_kate_chyernoe_/,,—,157626bc-e5dc-11ee-8e0e-005056b6c1cd#f72cc217-e140-11ee-8e0e-005056b6c1cd; 157626bc-e5dc-11ee-8e0e-005056b6c1cd#f72cc219-e140-11ee-8e0e-005056b6c1cd; 157626bc-e5dc-11ee-8e0e-005056b6c1cd#f72cc216-e140-11ee-8e0e-005056b6c1cd; 157626bc-e5dc-11ee-8e0e-005056b6c1cd#f72cc218-e140-11ee-8e0e-005056b6c1cd; 157626bc-e5dc-11ee-8e0e-005056b6c1cd#f72cc21a-e140-11ee-8e0e-005056b6c1cd
48000,https://lubanikishina.com/upload/iblock/f61/e2v58z0akmm1qv3tid4l1w02i2gkcnh6.jpg,Пальто Килиан (KILIAN) чёрное,CT/KILIAN/black,1,Интернет магазин,Пальто,0,Пальто Килиан (KILIAN) чёрное (44),31506d0a-f5ab-11ef-8e37-005056b6c1cd#f72cc219-e140-11ee-8e0e-005056b6c1cd,—,CT/KILIAN/black,0,2393,1,0,0,2392,https://lubanikishina.com/catalog/palto/palto_kilian_kilian_chyernoe/,,—,31506d0a-f5ab-11ef-8e37-005056b6c1cd#f72cc219-e140-11ee-8e0e-005056b6c1cd; 31506d0a-f5ab-11ef-8e37-005056b6c1cd#f72cc217-e140-11ee-8e0e-005056b6c1cd; 31506d0a-f5ab-11ef-8e37-005056b6c1cd#f72cc218-e140-11ee-8e0e-005056b6c1cd
48000,https://lubanikishina.com/upload/iblock/f61/e2v58z0akmm1qv3tid4l1w02i2gkcnh6.jpg,Пальто Килиан (KILIAN) чёрное,CT/KILIAN/black,1,Интернет магазин,Пальто,0,Пальто Килиан (KILIAN) чёрное (40),31506d0a-f5ab-11ef-8e37-005056b6c1cd#f72cc217-e140-11ee-8e0e-005056b6c1cd,—,CT/KILIAN/black,0,2426,1,0,0,2392,https://lubanikishina.com/catalog/palto/palto_kilian_kilian_chyernoe/,,—,31506d0a-f5ab-11ef-8e37-005056b6c1cd#f72cc219-e140-11ee-8e0e-005056b6c1cd; 31506d0a-f5ab-11ef-8e37-005056b6c1cd#f72cc217-e140-11ee-8e0e-005056b6c1cd; 31506d0a-f5ab-11ef-8e37-005056b6c1cd#f72cc218-e140-11ee-8e0e-005056b6c1cd
48000,https://lubanikishina.com/upload/iblock/f61/e2v58z0akmm1qv3tid4l1w02i2gkcnh6.jpg,Пальто Килиан (KILIAN) чёрное,CT/KILIAN/black,1,Интернет магазин,Пальто,0,Пальто Килиан (KILIAN) чёрное (42),31506d0a-f5ab-11ef-8e37-005056b6c1cd#f72cc218-e140-11ee-8e0e-005056b6c1cd,—,CT/KILIAN/black,0,2427,1,0,0,2392,https://lubanikishina.com/catalog/palto/palto_kilian_kilian_chyernoe/,,—,31506d0a-f5ab-11ef-8e37-005056b6c1cd#f72cc219-e140-11ee-8e0e-005056b6c1cd; 31506d0a-f5ab-11ef-8e37-005056b6c1cd#f72cc217-e140-11ee-8e0e-005056b6c1cd; 31506d0a-f5ab-11ef-8e37-005056b6c1cd#f72cc218-e140-11ee-8e0e-005056b6c1cd
45000,https://lubanikishina.com/upload/iblock/284/7mcby77rhgij3coikia75dh3fnqynt85.jpg,Пальто Максим (MAXIM) бежевое,CT/MAXIM/AW23/mustard,1,Интернет магазин,Пальто,12,Пальто Максим (MAXIM) бежевое (44),78c09257-fd5e-11ee-8e0e-005056b6c1cd#f72cc219-e140-11ee-8e0e-005056b6c1cd,—,CT/MAXIM/AW23/mustard,0,1849,1,0,0,1832,https://lubanikishina.com/catalog/palto/palto_maksim_maxim_bezhevoe/,,—,78c09257-fd5e-11ee-8e0e-005056b6c1cd#f72cc219-e140-11ee-8e0e-005056b6c1cd; 78c09257-fd5e-11ee-8e0e-005056b6c1cd#f72cc216-e140-11ee-8e0e-005056b6c1cd; 78c09257-fd5e-11ee-8e0e-005056b6c1cd#f72cc218-e140-11ee-8e0e-005056b6c1cd; 78c09257-fd5e-11ee-8e0e-005056b6c1cd#f72cc217-e140-11ee-8e0e-005056b6c1cd; 78c09257-fd5e-11ee-8e0e-005056b6c1cd#f72cc21a-e140-11ee-8e0e-005056b6c1cd
45000,https://lubanikishina.com/upload/iblock/284/7mcby77rhgij3coikia75dh3fnqynt85.jpg,Пальто Максим (MAXIM) бежевое,CT/MAXIM/AW23/mustard,1,Интернет магазин,Пальто,12,Пальто Максим (MAXIM) бежевое (38),78c09257-fd5e-11ee-8e0e-005056b6c1cd#f72cc216-e140-11ee-8e0e-005056b6c1cd,—,CT/MAXIM/AW23/mustard,6,1846,1,0,0,1832,https://lubanikishina.com/catalog/palto/palto_maksim_maxim_bezhevoe/,,—,78c09257-fd5e-11ee-8e0e-005056b6c1cd#f72cc219-e140-11ee-8e0e-005056b6c1cd; 78c09257-fd5e-11ee-8e0e-005056b6c1cd#f72cc216-e140-11ee-8e0e-005056b6c1cd; 78c09257-fd5e-11ee-8e0e-005056b6c1cd#f72cc218-e140-11ee-8e0e-005056b6c1cd; 78c09257-fd5e-11ee-8e0e-005056b6c1cd#f72cc217-e140-11ee-8e0e-005056b6c1cd; 78c09257-fd5e-11ee-8e0e-005056b6c1cd#f72cc21a-e140-11ee-8e0e-005056b6c1cd
45000,https://lubanikishina.com/upload/iblock/284/7mcby77rhgij3coikia75dh3fnqynt85.jpg,Пальто Максим (MAXIM) бежевое,CT/MAXIM/AW23/mustard,1,Интернет магазин,Пальто,12,Пальто Максим (MAXIM) бежевое (42),78c09257-fd5e-11ee-8e0e-005056b6c1cd#f72cc218-e140-11ee-8e0e-005056b6c1cd,—,CT/MAXIM/AW23/mustard,3,1848,1,0,0,1832,https://lubanikishina.com/catalog/palto/palto_maksim_maxim_bezhevoe/,,—,78c09257-fd5e-11ee-8e0e-005056b6c1cd#f72cc219-e140-11ee-8e0e-005056b6c1cd; 78c09257-fd5e-11ee-8e0e-005056b6c1cd#f72cc216-e140-11ee-8e0e-005056b6c1cd; 78c09257-fd5e-11ee-8e0e-005056b6c1cd#f72cc218-e140-11ee-8e0e-005056b6c1cd; 78c09257-fd5e-11ee-8e0e-005056b6c1cd#f72cc217-e140-11ee-8e0e-005056b6c1cd; 78c09257-fd5e-11ee-8e0e-005056b6c1cd#f72cc21a-e140-11ee-8e0e-005056b6c1cd
45000,https://lubanikishina.com/upload/iblock/284/7mcby77rhgij3coikia75dh3fnqynt85.jpg,Пальто Максим (MAXIM) бежевое,CT/MAXIM/AW23/mustard,1,Интернет магазин,Пальто,12,Пальто Максим (MAXIM) бежевое (40),78c09257-fd5e-11ee-8e0e-005056b6c1cd#f72cc217-e140-11ee-8e0e-005056b6c1cd,—,CT/MAXIM/AW23/mustard,3,1847,1,0,0,1832,https://lubanikishina.com/catalog/palto/palto_maksim_maxim_bezhevoe/,,—,78c09257-fd5e-11ee-8e0e-005056b6c1cd#f72cc219-e140-11ee-8e0e-005056b6c1cd; 78c09257-fd5e-11ee-8e0e-005056b6c1cd#f72cc216-e140-11ee-8e0e-005056b6c1cd; 78c09257-fd5e-11ee-8e0e-005056b6c1cd#f72cc218-e140-11ee-8e0e-005056b6c1cd; 78c09257-fd5e-11ee-8e0e-005056b6c1cd#f72cc217-e140-11ee-8e0e-005056b6c1cd; 78c09257-fd5e-11ee-8e0e-005056b6c1cd#f72cc21a-e140-11ee-8e0e-005056b6c1cd
45000,https://lubanikishina.com/upload/iblock/284/7mcby77rhgij3coikia75dh3fnqynt85.jpg,Пальто Максим (MAXIM) бежевое,CT/MAXIM/AW23/mustard,1,Интернет магазин,Пальто,12,Пальто Максим (MAXIM) бежевое (46),78c09257-fd5e-11ee-8e0e-005056b6c1cd#f72cc21a-e140-11ee-8e0e-005056b6c1cd,—,CT/MAXIM/AW23/mustard,0,1850,1,0,0,1832,https://lubanikishina.com/catalog/palto/palto_maksim_maxim_bezhevoe/,,—,78c09257-fd5e-11ee-8e0e-005056b6c1cd#f72cc219-e140-11ee-8e0e-005056b6c1cd; 78c09257-fd5e-11ee-8e0e-005056b6c1cd#f72cc216-e140-11ee-8e0e-005056b6c1cd; 78c09257-fd5e-11ee-8e0e-005056b6c1cd#f72cc218-e140-11ee-8e0e-005056b6c1cd; 78c09257-fd5e-11ee-8e0e-005056b6c1cd#f72cc217-e140-11ee-8e0e-005056b6c1cd; 78c09257-fd5e-11ee-8e0e-005056b6c1cd#f72cc21a-e140-11ee-8e0e-005056b6c1cd
74000,https://lubanikishina.com/upload/iblock/7bf/knqug2csvaxwoapdf5zsiz9pduzecku4.JPG,Пальто Мелания (MELANIA) чёрное,CT/MELANIA/black,1,Интернет магазин,Пальто,2,Пальто Мелания (MELANIA) чёрное (42),6dce76cf-b85d-11ef-8e14-005056b6c1cd#f72cc218-e140-11ee-8e0e-005056b6c1cd,—,CT/MELANIA/black,2,2904,1,0,0,2902,https://lubanikishina.com/catalog/palto/palto_melaniya_melania_chyernoe/,,—,6dce76cf-b85d-11ef-8e14-005056b6c1cd#f72cc218-e140-11ee-8e0e-005056b6c1cd
63000,https://lubanikishina.com/upload/iblock/fa2/rgg2r18mfrmuauu58kcehseyzypz1g80.jpg,Пальто Спай (SPY),CT/SPY/greymelange,1,Интернет магазин,Пальто,1,Пальто Спай (SPY)  (44),51ccb1b5-b14c-11ef-8e11-005056b6c1cd#f72cc219-e140-11ee-8e0e-005056b6c1cd,—,CT/SPY/greymelange,1,2229,1,0,0,2139,https://lubanikishina.com/catalog/palto/palto_spay_spy_/,,—,51ccb1b5-b14c-11ef-8e11-005056b6c1cd#f72cc219-e140-11ee-8e0e-005056b6c1cd; 51ccb1b5-b14c-11ef-8e11-005056b6c1cd#f72cc218-e140-11ee-8e0e-005056b6c1cd; 51ccb1b5-b14c-11ef-8e11-005056b6c1cd#f72cc217-e140-11ee-8e0e-005056b6c1cd
63000,https://lubanikishina.com/upload/iblock/fa2/rgg2r18mfrmuauu58kcehseyzypz1g80.jpg,Пальто Спай (SPY),CT/SPY/greymelange,1,Интернет магазин,Пальто,1,Пальто Спай (SPY)  (42),51ccb1b5-b14c-11ef-8e11-005056b6c1cd#f72cc218-e140-11ee-8e0e-005056b6c1cd,—,CT/SPY/greymelange,0,2140,1,0,0,2139,https://lubanikishina.com/catalog/palto/palto_spay_spy_/,,—,51ccb1b5-b14c-11ef-8e11-005056b6c1cd#f72cc219-e140-11ee-8e0e-005056b6c1cd; 51ccb1b5-b14c-11ef-8e11-005056b6c1cd#f72cc218-e140-11ee-8e0e-005056b6c1cd; 51ccb1b5-b14c-11ef-8e11-005056b6c1cd#f72cc217-e140-11ee-8e0e-005056b6c1cd
63000,https://lubanikishina.com/upload/iblock/fa2/rgg2r18mfrmuauu58kcehseyzypz1g80.jpg,Пальто Спай (SPY),CT/SPY/greymelange,1,Интернет магазин,Пальто,1,Пальто Спай (SPY)  (40),51ccb1b5-b14c-11ef-8e11-005056b6c1cd#f72cc217-e140-11ee-8e0e-005056b6c1cd,—,CT/SPY/greymelange,0,2378,1,0,0,2139,https://lubanikishina.com/catalog/palto/palto_spay_spy_/,,—,51ccb1b5-b14c-11ef-8e11-005056b6c1cd#f72cc219-e140-11ee-8e0e-005056b6c1cd; 51ccb1b5-b14c-11ef-8e11-005056b6c1cd#f72cc218-e140-11ee-8e0e-005056b6c1cd; 51ccb1b5-b14c-11ef-8e11-005056b6c1cd#f72cc217-e140-11ee-8e0e-005056b6c1cd
59000,https://lubanikishina.com/upload/iblock/608/c0nk3nbvnk7misnkpnojykqw691c48zw.jpg,Пальто Тое (TOE) утеплённое,CT/TOE/black/warm,1,Интернет магазин,Пальто,1,Пальто Тое (TOE) утеплённое (44),05f2468b-fca5-11ee-8e0e-005056b6c1cd#f72cc219-e140-11ee-8e0e-005056b6c1cd,—,CT/TOE/black/warm,1,2949,1,0,0,2946,https://lubanikishina.com/catalog/palto/palto_toe_toe_uteplyennoe/,,—,05f2468b-fca5-11ee-8e0e-005056b6c1cd#f72cc219-e140-11ee-8e0e-005056b6c1cd; 05f2468b-fca5-11ee-8e0e-005056b6c1cd#f72cc217-e140-11ee-8e0e-005056b6c1cd; 05f2468b-fca5-11ee-8e0e-005056b6c1cd#f72cc218-e140-11ee-8e0e-005056b6c1cd
59000,https://lubanikishina.com/upload/iblock/608/c0nk3nbvnk7misnkpnojykqw691c48zw.jpg,Пальто Тое (TOE) утеплённое,CT/TOE/black/warm,1,Интернет магазин,Пальто,1,Пальто Тое (TOE) утеплённое (40),05f2468b-fca5-11ee-8e0e-005056b6c1cd#f72cc217-e140-11ee-8e0e-005056b6c1cd,—,CT/TOE/black/warm,0,2947,1,0,0,2946,https://lubanikishina.com/catalog/palto/palto_toe_toe_uteplyennoe/,,—,05f2468b-fca5-11ee-8e0e-005056b6c1cd#f72cc219-e140-11ee-8e0e-005056b6c1cd; 05f2468b-fca5-11ee-8e0e-005056b6c1cd#f72cc217-e140-11ee-8e0e-005056b6c1cd; 05f2468b-fca5-11ee-8e0e-005056b6c1cd#f72cc218-e140-11ee-8e0e-005056b6c1cd
59000,https://lubanikishina.com/upload/iblock/608/c0nk3nbvnk7misnkpnojykqw691c48zw.jpg,Пальто Тое (TOE) утеплённое,CT/TOE/black/warm,1,Интернет магазин,Пальто,1,Пальто Тое (TOE) утеплённое (42),05f2468b-fca5-11ee-8e0e-005056b6c1cd#f72cc218-e140-11ee-8e0e-005056b6c1cd,—,CT/TOE/black/warm,0,2948,1,0,0,2946,https://lubanikishina.com/catalog/palto/palto_toe_toe_uteplyennoe/,,—,05f2468b-fca5-11ee-8e0e-005056b6c1cd#f72cc219-e140-11ee-8e0e-005056b6c1cd; 05f2468b-fca5-11ee-8e0e-005056b6c1cd#f72cc217-e140-11ee-8e0e-005056b6c1cd; 05f2468b-fca5-11ee-8e0e-005056b6c1cd#f72cc218-e140-11ee-8e0e-005056b6c1cd
59000,https://lubanikishina.com/upload/iblock/335/qns40nqhba3sdm6huj2blnseepp7vmfo.jpg,Пальто Тое (TOE) чёрное,CT/TOE/black,1,Интернет магазин,Пальто,6,Пальто Тое (TOE) чёрное (40),fb3b6a5f-e3fb-11f0-a13b-005056b6f117#f72cc217-e140-11ee-8e0e-005056b6c1cd,—,CT/TOE/black,2,3203,1,0,0,3202,https://lubanikishina.com/catalog/palto/palto_toe_toe_chyernoe/,,—,fb3b6a5f-e3fb-11f0-a13b-005056b6f117#f72cc217-e140-11ee-8e0e-005056b6c1cd; fb3b6a5f-e3fb-11f0-a13b-005056b6f117#f72cc218-e140-11ee-8e0e-005056b6c1cd; fb3b6a5f-e3fb-11f0-a13b-005056b6f117#f72cc219-e140-11ee-8e0e-005056b6c1cd; fb3b6a5f-e3fb-11f0-a13b-005056b6f117#f72cc21a-e140-11ee-8e0e-005056b6c1cd
59000,https://lubanikishina.com/upload/iblock/335/qns40nqhba3sdm6huj2blnseepp7vmfo.jpg,Пальто Тое (TOE) чёрное,CT/TOE/black,1,Интернет магазин,Пальто,6,Пальто Тое (TOE) чёрное (42),fb3b6a5f-e3fb-11f0-a13b-005056b6f117#f72cc218-e140-11ee-8e0e-005056b6c1cd,—,CT/TOE/black,3,3204,1,0,0,3202,https://lubanikishina.com/catalog/palto/palto_toe_toe_chyernoe/,,—,fb3b6a5f-e3fb-11f0-a13b-005056b6f117#f72cc217-e140-11ee-8e0e-005056b6c1cd; fb3b6a5f-e3fb-11f0-a13b-005056b6f117#f72cc218-e140-11ee-8e0e-005056b6c1cd; fb3b6a5f-e3fb-11f0-a13b-005056b6f117#f72cc219-e140-11ee-8e0e-005056b6c1cd; fb3b6a5f-e3fb-11f0-a13b-005056b6f117#f72cc21a-e140-11ee-8e0e-005056b6c1cd
59000,https://lubanikishina.com/upload/iblock/335/qns40nqhba3sdm6huj2blnseepp7vmfo.jpg,Пальто Тое (TOE) чёрное,CT/TOE/black,1,Интернет магазин,Пальто,6,Пальто Тое (TOE) чёрное (44),fb3b6a5f-e3fb-11f0-a13b-005056b6f117#f72cc219-e140-11ee-8e0e-005056b6c1cd,—,CT/TOE/black,1,3205,1,0,0,3202,https://lubanikishina.com/catalog/palto/palto_toe_toe_chyernoe/,,—,fb3b6a5f-e3fb-11f0-a13b-005056b6f117#f72cc217-e140-11ee-8e0e-005056b6c1cd; fb3b6a5f-e3fb-11f0-a13b-005056b6f117#f72cc218-e140-11ee-8e0e-005056b6c1cd; fb3b6a5f-e3fb-11f0-a13b-005056b6f117#f72cc219-e140-11ee-8e0e-005056b6c1cd; fb3b6a5f-e3fb-11f0-a13b-005056b6f117#f72cc21a-e140-11ee-8e0e-005056b6c1cd
59000,https://lubanikishina.com/upload/iblock/335/qns40nqhba3sdm6huj2blnseepp7vmfo.jpg,Пальто Тое (TOE) чёрное,CT/TOE/black,1,Интернет магазин,Пальто,6,Пальто Тое (TOE) чёрное (46),fb3b6a5f-e3fb-11f0-a13b-005056b6f117#f72cc21a-e140-11ee-8e0e-005056b6c1cd,—,CT/TOE/black,0,3206,1,0,0,3202,https://lubanikishina.com/catalog/palto/palto_toe_toe_chyernoe/,,—,fb3b6a5f-e3fb-11f0-a13b-005056b6f117#f72cc217-e140-11ee-8e0e-005056b6c1cd; fb3b6a5f-e3fb-11f0-a13b-005056b6f117#f72cc218-e140-11ee-8e0e-005056b6c1cd; fb3b6a5f-e3fb-11f0-a13b-005056b6f117#f72cc219-e140-11ee-8e0e-005056b6c1cd; fb3b6a5f-e3fb-11f0-a13b-005056b6f117#f72cc21a-e140-11ee-8e0e-005056b6c1cd
19500,https://lubanikishina.com/upload/iblock/bef/an95ebt78nn66or9g3mbyc0c1k7mp144.png,Платок LES VACANCES,SC/LESVACANCES/b-bluewhite,1,Интернет магазин,Шарфы и платки,9,Платок LES VACANCES (One Size),9356aaba-8746-11f0-a135-005056b6f117#f72cc21b-e140-11ee-8e0e-005056b6c1cd,—,SC/LESVACANCES/b-bluewhite,9,2818,1,0,0,2816,https://lubanikishina.com/catalog/sharfy_i_platki/platok_les_vacances/,,—,9356aaba-8746-11f0-a135-005056b6f117#f72cc21b-e140-11ee-8e0e-005056b6c1cd
7700,https://lubanikishina.com/upload/iblock/bb3/pgdsqa59o65cw9ftn3n12t01sbqcnvvw.png,Платок LES VACANCES mini,SC/LESVACANCES/m-bluewhite,1,Интернет магазин,Шарфы и платки,9,Платок LES VACANCES mini (One Size),2cab4286-8746-11f0-a135-005056b6f117#f72cc21b-e140-11ee-8e0e-005056b6c1cd,—,SC/LESVACANCES/m-bluewhite,9,2817,1,0,0,2815,https://lubanikishina.com/catalog/sharfy_i_platki/platok_les_vacances_mini/,,—,2cab4286-8746-11f0-a135-005056b6f117#f72cc21b-e140-11ee-8e0e-005056b6c1cd
19500,https://lubanikishina.com/upload/iblock/6a2/8rf7yghwnf1muqrkivh4986ib908lk0k.jpg,Платье AGATHA,D/AGATHA/peach,1,Интернет магазин,Платья,12,Платье AGATHA (40),56c55403-1127-11ef-8e0e-005056b6c1cd#f72cc217-e140-11ee-8e0e-005056b6c1cd,—,D/AGATHA/peach,2,1553,1,0,0,1541,https://lubanikishina.com/catalog/platya/plate_agatha_3/,,—,56c55403-1127-11ef-8e0e-005056b6c1cd#f72cc217-e140-11ee-8e0e-005056b6c1cd; 56c55403-1127-11ef-8e0e-005056b6c1cd#f72cc218-e140-11ee-8e0e-005056b6c1cd; 56c55403-1127-11ef-8e0e-005056b6c1cd#f72cc219-e140-11ee-8e0e-005056b6c1cd; 56c55403-1127-11ef-8e0e-005056b6c1cd#f72cc21a-e140-11ee-8e0e-005056b6c1cd
19500,https://lubanikishina.com/upload/iblock/6a2/8rf7yghwnf1muqrkivh4986ib908lk0k.jpg,Платье AGATHA,D/AGATHA/peach,1,Интернет магазин,Платья,12,Платье AGATHA (42),56c55403-1127-11ef-8e0e-005056b6c1cd#f72cc218-e140-11ee-8e0e-005056b6c1cd,—,D/AGATHA/peach,5,1554,1,0,0,1541,https://lubanikishina.com/catalog/platya/plate_agatha_3/,,—,56c55403-1127-11ef-8e0e-005056b6c1cd#f72cc217-e140-11ee-8e0e-005056b6c1cd; 56c55403-1127-11ef-8e0e-005056b6c1cd#f72cc218-e140-11ee-8e0e-005056b6c1cd; 56c55403-1127-11ef-8e0e-005056b6c1cd#f72cc219-e140-11ee-8e0e-005056b6c1cd; 56c55403-1127-11ef-8e0e-005056b6c1cd#f72cc21a-e140-11ee-8e0e-005056b6c1cd
19500,https://lubanikishina.com/upload/iblock/6a2/8rf7yghwnf1muqrkivh4986ib908lk0k.jpg,Платье AGATHA,D/AGATHA/peach,1,Интернет магазин,Платья,12,Платье AGATHA (44),56c55403-1127-11ef-8e0e-005056b6c1cd#f72cc219-e140-11ee-8e0e-005056b6c1cd,—,D/AGATHA/peach,2,1555,1,0,0,1541,https://lubanikishina.com/catalog/platya/plate_agatha_3/,,—,56c55403-1127-11ef-8e0e-005056b6c1cd#f72cc217-e140-11ee-8e0e-005056b6c1cd; 56c55403-1127-11ef-8e0e-005056b6c1cd#f72cc218-e140-11ee-8e0e-005056b6c1cd; 56c55403-1127-11ef-8e0e-005056b6c1cd#f72cc219-e140-11ee-8e0e-005056b6c1cd; 56c55403-1127-11ef-8e0e-005056b6c1cd#f72cc21a-e140-11ee-8e0e-005056b6c1cd
19500,https://lubanikishina.com/upload/iblock/6a2/8rf7yghwnf1muqrkivh4986ib908lk0k.jpg,Платье AGATHA,D/AGATHA/peach,1,Интернет магазин,Платья,12,Платье AGATHA (46),56c55403-1127-11ef-8e0e-005056b6c1cd#f72cc21a-e140-11ee-8e0e-005056b6c1cd,—,D/AGATHA/peach,3,1556,1,0,0,1541,https://lubanikishina.com/catalog/platya/plate_agatha_3/,,—,56c55403-1127-11ef-8e0e-005056b6c1cd#f72cc217-e140-11ee-8e0e-005056b6c1cd; 56c55403-1127-11ef-8e0e-005056b6c1cd#f72cc218-e140-11ee-8e0e-005056b6c1cd; 56c55403-1127-11ef-8e0e-005056b6c1cd#f72cc219-e140-11ee-8e0e-005056b6c1cd; 56c55403-1127-11ef-8e0e-005056b6c1cd#f72cc21a-e140-11ee-8e0e-005056b6c1cd
19500,https://lubanikishina.com/upload/iblock/78f/g2fg21f700f9midrzdoxh4dokzu0i0rm.jpg,Платье AGATHA,D/AGATHA/yellow/flowers,1,Интернет магазин,Платья,3,Платье AGATHA (40),1bfd84f7-0d1b-11ef-8e0e-005056b6c1cd#f72cc217-e140-11ee-8e0e-005056b6c1cd,—,D/AGATHA/yellow/flowers,0,1550,1,0,0,1540,https://lubanikishina.com/catalog/platya/plate_agatha_2/,,—,1bfd84f7-0d1b-11ef-8e0e-005056b6c1cd#f72cc217-e140-11ee-8e0e-005056b6c1cd; 1bfd84f7-0d1b-11ef-8e0e-005056b6c1cd#f72cc218-e140-11ee-8e0e-005056b6c1cd; 1bfd84f7-0d1b-11ef-8e0e-005056b6c1cd#f72cc219-e140-11ee-8e0e-005056b6c1cd; 1bfd84f7-0d1b-11ef-8e0e-005056b6c1cd#f72cc21a-e140-11ee-8e0e-005056b6c1cd
19500,https://lubanikishina.com/upload/iblock/78f/g2fg21f700f9midrzdoxh4dokzu0i0rm.jpg,Платье AGATHA,D/AGATHA/yellow/flowers,1,Интернет магазин,Платья,3,Платье AGATHA (42),1bfd84f7-0d1b-11ef-8e0e-005056b6c1cd#f72cc218-e140-11ee-8e0e-005056b6c1cd,—,D/AGATHA/yellow/flowers,2,1551,1,0,0,1540,https://lubanikishina.com/catalog/platya/plate_agatha_2/,,—,1bfd84f7-0d1b-11ef-8e0e-005056b6c1cd#f72cc217-e140-11ee-8e0e-005056b6c1cd; 1bfd84f7-0d1b-11ef-8e0e-005056b6c1cd#f72cc218-e140-11ee-8e0e-005056b6c1cd; 1bfd84f7-0d1b-11ef-8e0e-005056b6c1cd#f72cc219-e140-11ee-8e0e-005056b6c1cd; 1bfd84f7-0d1b-11ef-8e0e-005056b6c1cd#f72cc21a-e140-11ee-8e0e-005056b6c1cd
19500,https://lubanikishina.com/upload/iblock/78f/g2fg21f700f9midrzdoxh4dokzu0i0rm.jpg,Платье AGATHA,D/AGATHA/yellow/flowers,1,Интернет магазин,Платья,3,Платье AGATHA (44),1bfd84f7-0d1b-11ef-8e0e-005056b6c1cd#f72cc219-e140-11ee-8e0e-005056b6c1cd,—,D/AGATHA/yellow/flowers,1,1552,1,0,0,1540,https://lubanikishina.com/catalog/platya/plate_agatha_2/,,—,1bfd84f7-0d1b-11ef-8e0e-005056b6c1cd#f72cc217-e140-11ee-8e0e-005056b6c1cd; 1bfd84f7-0d1b-11ef-8e0e-005056b6c1cd#f72cc218-e140-11ee-8e0e-005056b6c1cd; 1bfd84f7-0d1b-11ef-8e0e-005056b6c1cd#f72cc219-e140-11ee-8e0e-005056b6c1cd; 1bfd84f7-0d1b-11ef-8e0e-005056b6c1cd#f72cc21a-e140-11ee-8e0e-005056b6c1cd
19500,https://lubanikishina.com/upload/iblock/78f/g2fg21f700f9midrzdoxh4dokzu0i0rm.jpg,Платье AGATHA,D/AGATHA/yellow/flowers,1,Интернет магазин,Платья,3,Платье AGATHA (46),1bfd84f7-0d1b-11ef-8e0e-005056b6c1cd#f72cc21a-e140-11ee-8e0e-005056b6c1cd,—,D/AGATHA/yellow/flowers,0,2518,1,0,0,1540,https://lubanikishina.com/catalog/platya/plate_agatha_2/,,—,1bfd84f7-0d1b-11ef-8e0e-005056b6c1cd#f72cc217-e140-11ee-8e0e-005056b6c1cd; 1bfd84f7-0d1b-11ef-8e0e-005056b6c1cd#f72cc218-e140-11ee-8e0e-005056b6c1cd; 1bfd84f7-0d1b-11ef-8e0e-005056b6c1cd#f72cc219-e140-11ee-8e0e-005056b6c1cd; 1bfd84f7-0d1b-11ef-8e0e-005056b6c1cd#f72cc21a-e140-11ee-8e0e-005056b6c1cd
19500,https://lubanikishina.com/upload/iblock/9a7/k6f9orsgspcyf36svgt4vdjd875nv9wa.jpg,Платье AGATHA,D/AGATHA/mint,1,Интернет магазин,Платья,3,Платье AGATHA (40),15c50ff5-02f4-11ef-8e0e-005056b6c1cd#f72cc217-e140-11ee-8e0e-005056b6c1cd,—,D/AGATHA/mint,1,1542,1,0,0,1538,https://lubanikishina.com/catalog/platya/plate_agatha_1/,,—,15c50ff5-02f4-11ef-8e0e-005056b6c1cd#f72cc217-e140-11ee-8e0e-005056b6c1cd; 15c50ff5-02f4-11ef-8e0e-005056b6c1cd#f72cc218-e140-11ee-8e0e-005056b6c1cd; 15c50ff5-02f4-11ef-8e0e-005056b6c1cd#f72cc219-e140-11ee-8e0e-005056b6c1cd; 15c50ff5-02f4-11ef-8e0e-005056b6c1cd#f72cc21a-e140-11ee-8e0e-005056b6c1cd
19500,https://lubanikishina.com/upload/iblock/9a7/k6f9orsgspcyf36svgt4vdjd875nv9wa.jpg,Платье AGATHA,D/AGATHA/mint,1,Интернет магазин,Платья,3,Платье AGATHA (42),15c50ff5-02f4-11ef-8e0e-005056b6c1cd#f72cc218-e140-11ee-8e0e-005056b6c1cd,—,D/AGATHA/mint,2,1543,1,0,0,1538,https://lubanikishina.com/catalog/platya/plate_agatha_1/,,—,15c50ff5-02f4-11ef-8e0e-005056b6c1cd#f72cc217-e140-11ee-8e0e-005056b6c1cd; 15c50ff5-02f4-11ef-8e0e-005056b6c1cd#f72cc218-e140-11ee-8e0e-005056b6c1cd; 15c50ff5-02f4-11ef-8e0e-005056b6c1cd#f72cc219-e140-11ee-8e0e-005056b6c1cd; 15c50ff5-02f4-11ef-8e0e-005056b6c1cd#f72cc21a-e140-11ee-8e0e-005056b6c1cd
19500,https://lubanikishina.com/upload/iblock/9a7/k6f9orsgspcyf36svgt4vdjd875nv9wa.jpg,Платье AGATHA,D/AGATHA/mint,1,Интернет магазин,Платья,3,Платье AGATHA (44),15c50ff5-02f4-11ef-8e0e-005056b6c1cd#f72cc219-e140-11ee-8e0e-005056b6c1cd,—,D/AGATHA/mint,0,1544,1,0,0,1538,https://lubanikishina.com/catalog/platya/plate_agatha_1/,,—,15c50ff5-02f4-11ef-8e0e-005056b6c1cd#f72cc217-e140-11ee-8e0e-005056b6c1cd; 15c50ff5-02f4-11ef-8e0e-005056b6c1cd#f72cc218-e140-11ee-8e0e-005056b6c1cd; 15c50ff5-02f4-11ef-8e0e-005056b6c1cd#f72cc219-e140-11ee-8e0e-005056b6c1cd; 15c50ff5-02f4-11ef-8e0e-005056b6c1cd#f72cc21a-e140-11ee-8e0e-005056b6c1cd
19500,https://lubanikishina.com/upload/iblock/9a7/k6f9orsgspcyf36svgt4vdjd875nv9wa.jpg,Платье AGATHA,D/AGATHA/mint,1,Интернет магазин,Платья,3,Платье AGATHA (46),15c50ff5-02f4-11ef-8e0e-005056b6c1cd#f72cc21a-e140-11ee-8e0e-005056b6c1cd,—,D/AGATHA/mint,0,1545,1,0,0,1538,https://lubanikishina.com/catalog/platya/plate_agatha_1/,,—,15c50ff5-02f4-11ef-8e0e-005056b6c1cd#f72cc217-e140-11ee-8e0e-005056b6c1cd; 15c50ff5-02f4-11ef-8e0e-005056b6c1cd#f72cc218-e140-11ee-8e0e-005056b6c1cd; 15c50ff5-02f4-11ef-8e0e-005056b6c1cd#f72cc219-e140-11ee-8e0e-005056b6c1cd; 15c50ff5-02f4-11ef-8e0e-005056b6c1cd#f72cc21a-e140-11ee-8e0e-005056b6c1cd
18000,https://lubanikishina.com/upload/iblock/d96/lxrypbxonefa46kmnm8k71rpcqkdw020.jpg,Платье AGATHA,D/AGATHA/black/bflowers,1,Интернет магазин,Платья,1,Платье AGATHA (44),15c50ff9-02f4-11ef-8e0e-005056b6c1cd#f72cc219-e140-11ee-8e0e-005056b6c1cd,—,D/AGATHA/black/bflowers,0,1462,1,0,0,1438,https://lubanikishina.com/catalog/platya/plate_agatha/,,—,15c50ff9-02f4-11ef-8e0e-005056b6c1cd#f72cc219-e140-11ee-8e0e-005056b6c1cd; 15c50ff9-02f4-11ef-8e0e-005056b6c1cd#f72cc21a-e140-11ee-8e0e-005056b6c1cd; 15c50ff9-02f4-11ef-8e0e-005056b6c1cd#f72cc217-e140-11ee-8e0e-005056b6c1cd; 15c50ff9-02f4-11ef-8e0e-005056b6c1cd#f72cc218-e140-11ee-8e0e-005056b6c1cd
18000,https://lubanikishina.com/upload/iblock/d96/lxrypbxonefa46kmnm8k71rpcqkdw020.jpg,Платье AGATHA,D/AGATHA/black/bflowers,1,Интернет магазин,Платья,1,Платье AGATHA (46),15c50ff9-02f4-11ef-8e0e-005056b6c1cd#f72cc21a-e140-11ee-8e0e-005056b6c1cd,—,D/AGATHA/black/bflowers,0,1463,1,0,0,1438,https://lubanikishina.com/catalog/platya/plate_agatha/,,—,15c50ff9-02f4-11ef-8e0e-005056b6c1cd#f72cc219-e140-11ee-8e0e-005056b6c1cd; 15c50ff9-02f4-11ef-8e0e-005056b6c1cd#f72cc21a-e140-11ee-8e0e-005056b6c1cd; 15c50ff9-02f4-11ef-8e0e-005056b6c1cd#f72cc217-e140-11ee-8e0e-005056b6c1cd; 15c50ff9-02f4-11ef-8e0e-005056b6c1cd#f72cc218-e140-11ee-8e0e-005056b6c1cd
18000,https://lubanikishina.com/upload/iblock/d96/lxrypbxonefa46kmnm8k71rpcqkdw020.jpg,Платье AGATHA,D/AGATHA/black/bflowers,1,Интернет магазин,Платья,1,Платье AGATHA (40),15c50ff9-02f4-11ef-8e0e-005056b6c1cd#f72cc217-e140-11ee-8e0e-005056b6c1cd,—,D/AGATHA/black/bflowers,1,1460,1,0,0,1438,https://lubanikishina.com/catalog/platya/plate_agatha/,,—,15c50ff9-02f4-11ef-8e0e-005056b6c1cd#f72cc219-e140-11ee-8e0e-005056b6c1cd; 15c50ff9-02f4-11ef-8e0e-005056b6c1cd#f72cc21a-e140-11ee-8e0e-005056b6c1cd; 15c50ff9-02f4-11ef-8e0e-005056b6c1cd#f72cc217-e140-11ee-8e0e-005056b6c1cd; 15c50ff9-02f4-11ef-8e0e-005056b6c1cd#f72cc218-e140-11ee-8e0e-005056b6c1cd
18000,https://lubanikishina.com/upload/iblock/d96/lxrypbxonefa46kmnm8k71rpcqkdw020.jpg,Платье AGATHA,D/AGATHA/black/bflowers,1,Интернет магазин,Платья,1,Платье AGATHA (42),15c50ff9-02f4-11ef-8e0e-005056b6c1cd#f72cc218-e140-11ee-8e0e-005056b6c1cd,—,D/AGATHA/black/bflowers,0,1461,1,0,0,1438,https://lubanikishina.com/catalog/platya/plate_agatha/,,—,15c50ff9-02f4-11ef-8e0e-005056b6c1cd#f72cc219-e140-11ee-8e0e-005056b6c1cd; 15c50ff9-02f4-11ef-8e0e-005056b6c1cd#f72cc21a-e140-11ee-8e0e-005056b6c1cd; 15c50ff9-02f4-11ef-8e0e-005056b6c1cd#f72cc217-e140-11ee-8e0e-005056b6c1cd; 15c50ff9-02f4-11ef-8e0e-005056b6c1cd#f72cc218-e140-11ee-8e0e-005056b6c1cd
17500,,Платье CARI,,1,Трехпрудный,,2,Платье CARI,,—,,2,,1,0,,,,,—,
19000,https://lubanikishina.com/upload/iblock/153/tnqje6bgtax0hdw8t2xr71c2knoxdw37.jpg,Платье DAYANE,D/DAYANE/black,1,Интернет магазин,Платья,2,Платье DAYANE (46),176d8562-0221-11ef-8e0e-005056b6c1cd#f72cc21a-e140-11ee-8e0e-005056b6c1cd,—,D/DAYANE/black,1,1498,1,0,0,1484,https://lubanikishina.com/catalog/platya/plate_dayane_1/,,—,176d8562-0221-11ef-8e0e-005056b6c1cd#f72cc21a-e140-11ee-8e0e-005056b6c1cd; 176d8562-0221-11ef-8e0e-005056b6c1cd#f72cc217-e140-11ee-8e0e-005056b6c1cd; 176d8562-0221-11ef-8e0e-005056b6c1cd#f72cc218-e140-11ee-8e0e-005056b6c1cd; 176d8562-0221-11ef-8e0e-005056b6c1cd#f72cc219-e140-11ee-8e0e-005056b6c1cd
19000,https://lubanikishina.com/upload/iblock/153/tnqje6bgtax0hdw8t2xr71c2knoxdw37.jpg,Платье DAYANE,D/DAYANE/black,1,Интернет магазин,Платья,2,Платье DAYANE (40),176d8562-0221-11ef-8e0e-005056b6c1cd#f72cc217-e140-11ee-8e0e-005056b6c1cd,—,D/DAYANE/black,1,1495,1,0,0,1484,https://lubanikishina.com/catalog/platya/plate_dayane_1/,,—,176d8562-0221-11ef-8e0e-005056b6c1cd#f72cc21a-e140-11ee-8e0e-005056b6c1cd; 176d8562-0221-11ef-8e0e-005056b6c1cd#f72cc217-e140-11ee-8e0e-005056b6c1cd; 176d8562-0221-11ef-8e0e-005056b6c1cd#f72cc218-e140-11ee-8e0e-005056b6c1cd; 176d8562-0221-11ef-8e0e-005056b6c1cd#f72cc219-e140-11ee-8e0e-005056b6c1cd
19000,https://lubanikishina.com/upload/iblock/153/tnqje6bgtax0hdw8t2xr71c2knoxdw37.jpg,Платье DAYANE,D/DAYANE/black,1,Интернет магазин,Платья,2,Платье DAYANE (42),176d8562-0221-11ef-8e0e-005056b6c1cd#f72cc218-e140-11ee-8e0e-005056b6c1cd,—,D/DAYANE/black,0,1496,1,0,0,1484,https://lubanikishina.com/catalog/platya/plate_dayane_1/,,—,176d8562-0221-11ef-8e0e-005056b6c1cd#f72cc21a-e140-11ee-8e0e-005056b6c1cd; 176d8562-0221-11ef-8e0e-005056b6c1cd#f72cc217-e140-11ee-8e0e-005056b6c1cd; 176d8562-0221-11ef-8e0e-005056b6c1cd#f72cc218-e140-11ee-8e0e-005056b6c1cd; 176d8562-0221-11ef-8e0e-005056b6c1cd#f72cc219-e140-11ee-8e0e-005056b6c1cd
19000,https://lubanikishina.com/upload/iblock/153/tnqje6bgtax0hdw8t2xr71c2knoxdw37.jpg,Платье DAYANE,D/DAYANE/black,1,Интернет магазин,Платья,2,Платье DAYANE (44),176d8562-0221-11ef-8e0e-005056b6c1cd#f72cc219-e140-11ee-8e0e-005056b6c1cd,—,D/DAYANE/black,0,1497,1,0,0,1484,https://lubanikishina.com/catalog/platya/plate_dayane_1/,,—,176d8562-0221-11ef-8e0e-005056b6c1cd#f72cc21a-e140-11ee-8e0e-005056b6c1cd; 176d8562-0221-11ef-8e0e-005056b6c1cd#f72cc217-e140-11ee-8e0e-005056b6c1cd; 176d8562-0221-11ef-8e0e-005056b6c1cd#f72cc218-e140-11ee-8e0e-005056b6c1cd; 176d8562-0221-11ef-8e0e-005056b6c1cd#f72cc219-e140-11ee-8e0e-005056b6c1cd
19000,https://lubanikishina.com/upload/iblock/1ac/qholnc7u8fpv2lpq1h1uq6g3g41ngrcn.jpg,Платье DAYANE,D/DAYANE/white,1,Интернет магазин,Платья,1,Платье DAYANE (40),176d8561-0221-11ef-8e0e-005056b6c1cd#f72cc217-e140-11ee-8e0e-005056b6c1cd,—,D/DAYANE/white,0,1491,1,0,0,1483,https://lubanikishina.com/catalog/platya/plate_dayane/,,—,176d8561-0221-11ef-8e0e-005056b6c1cd#f72cc217-e140-11ee-8e0e-005056b6c1cd; 176d8561-0221-11ef-8e0e-005056b6c1cd#f72cc21a-e140-11ee-8e0e-005056b6c1cd; 176d8561-0221-11ef-8e0e-005056b6c1cd#f72cc218-e140-11ee-8e0e-005056b6c1cd; 176d8561-0221-11ef-8e0e-005056b6c1cd#f72cc219-e140-11ee-8e0e-005056b6c1cd
19000,https://lubanikishina.com/upload/iblock/1ac/qholnc7u8fpv2lpq1h1uq6g3g41ngrcn.jpg,Платье DAYANE,D/DAYANE/white,1,Интернет магазин,Платья,1,Платье DAYANE (46),176d8561-0221-11ef-8e0e-005056b6c1cd#f72cc21a-e140-11ee-8e0e-005056b6c1cd,—,D/DAYANE/white,0,1494,1,0,0,1483,https://lubanikishina.com/catalog/platya/plate_dayane/,,—,176d8561-0221-11ef-8e0e-005056b6c1cd#f72cc217-e140-11ee-8e0e-005056b6c1cd; 176d8561-0221-11ef-8e0e-005056b6c1cd#f72cc21a-e140-11ee-8e0e-005056b6c1cd; 176d8561-0221-11ef-8e0e-005056b6c1cd#f72cc218-e140-11ee-8e0e-005056b6c1cd; 176d8561-0221-11ef-8e0e-005056b6c1cd#f72cc219-e140-11ee-8e0e-005056b6c1cd
19000,https://lubanikishina.com/upload/iblock/1ac/qholnc7u8fpv2lpq1h1uq6g3g41ngrcn.jpg,Платье DAYANE,D/DAYANE/white,1,Интернет магазин,Платья,1,Платье DAYANE (42),176d8561-0221-11ef-8e0e-005056b6c1cd#f72cc218-e140-11ee-8e0e-005056b6c1cd,—,D/DAYANE/white,0,1492,1,0,0,1483,https://lubanikishina.com/catalog/platya/plate_dayane/,,—,176d8561-0221-11ef-8e0e-005056b6c1cd#f72cc217-e140-11ee-8e0e-005056b6c1cd; 176d8561-0221-11ef-8e0e-005056b6c1cd#f72cc21a-e140-11ee-8e0e-005056b6c1cd; 176d8561-0221-11ef-8e0e-005056b6c1cd#f72cc218-e140-11ee-8e0e-005056b6c1cd; 176d8561-0221-11ef-8e0e-005056b6c1cd#f72cc219-e140-11ee-8e0e-005056b6c1cd
19000,https://lubanikishina.com/upload/iblock/1ac/qholnc7u8fpv2lpq1h1uq6g3g41ngrcn.jpg,Платье DAYANE,D/DAYANE/white,1,Интернет магазин,Платья,1,Платье DAYANE (44),176d8561-0221-11ef-8e0e-005056b6c1cd#f72cc219-e140-11ee-8e0e-005056b6c1cd,—,D/DAYANE/white,1,1493,1,0,0,1483,https://lubanikishina.com/catalog/platya/plate_dayane/,,—,176d8561-0221-11ef-8e0e-005056b6c1cd#f72cc217-e140-11ee-8e0e-005056b6c1cd; 176d8561-0221-11ef-8e0e-005056b6c1cd#f72cc21a-e140-11ee-8e0e-005056b6c1cd; 176d8561-0221-11ef-8e0e-005056b6c1cd#f72cc218-e140-11ee-8e0e-005056b6c1cd; 176d8561-0221-11ef-8e0e-005056b6c1cd#f72cc219-e140-11ee-8e0e-005056b6c1cd
39000,https://lubanikishina.com/upload/iblock/9e5/ce6fa3bjd27iyl8s2udeea6muk1npzx9.JPG,Платье ELSA,D/ELSA/red,1,Интернет магазин,Платья,1,Платье ELSA (40),e88ad195-d9ae-11f0-a138-005056b6f117#f72cc217-e140-11ee-8e0e-005056b6c1cd,—,D/ELSA/red,0,3071,1,0,0,3070,https://lubanikishina.com/catalog/platya/plate_elsa/,,—,e88ad195-d9ae-11f0-a138-005056b6f117#f72cc217-e140-11ee-8e0e-005056b6c1cd; e88ad195-d9ae-11f0-a138-005056b6f117#f72cc218-e140-11ee-8e0e-005056b6c1cd; e88ad195-d9ae-11f0-a138-005056b6f117#f72cc219-e140-11ee-8e0e-005056b6c1cd
39000,https://lubanikishina.com/upload/iblock/9e5/ce6fa3bjd27iyl8s2udeea6muk1npzx9.JPG,Платье ELSA,D/ELSA/red,1,Интернет магазин,Платья,1,Платье ELSA (42),e88ad195-d9ae-11f0-a138-005056b6f117#f72cc218-e140-11ee-8e0e-005056b6c1cd,—,D/ELSA/red,1,3072,1,0,0,3070,https://lubanikishina.com/catalog/platya/plate_elsa/,,—,e88ad195-d9ae-11f0-a138-005056b6f117#f72cc217-e140-11ee-8e0e-005056b6c1cd; e88ad195-d9ae-11f0-a138-005056b6f117#f72cc218-e140-11ee-8e0e-005056b6c1cd; e88ad195-d9ae-11f0-a138-005056b6f117#f72cc219-e140-11ee-8e0e-005056b6c1cd
39000,https://lubanikishina.com/upload/iblock/9e5/ce6fa3bjd27iyl8s2udeea6muk1npzx9.JPG,Платье ELSA,D/ELSA/red,1,Интернет магазин,Платья,1,Платье ELSA (44),e88ad195-d9ae-11f0-a138-005056b6f117#f72cc219-e140-11ee-8e0e-005056b6c1cd,—,D/ELSA/red,0,3073,1,0,0,3070,https://lubanikishina.com/catalog/platya/plate_elsa/,,—,e88ad195-d9ae-11f0-a138-005056b6f117#f72cc217-e140-11ee-8e0e-005056b6c1cd; e88ad195-d9ae-11f0-a138-005056b6f117#f72cc218-e140-11ee-8e0e-005056b6c1cd; e88ad195-d9ae-11f0-a138-005056b6f117#f72cc219-e140-11ee-8e0e-005056b6c1cd
37000,https://lubanikishina.com/upload/iblock/8b1/42z0js7983hnx652ygknqm3wnzt132tr.jpg,Платье FLORA,D/SS24/fllowers/blue,1,Интернет магазин,Платья,3,Платье FLORA (40),cbb59be6-1758-11ef-8e0e-005056b6c1cd#f72cc217-e140-11ee-8e0e-005056b6c1cd,—,D/SS24/fllowers/blue,2,1526,1,0,0,1514,https://lubanikishina.com/catalog/platya/plate_flora/,,—,cbb59be6-1758-11ef-8e0e-005056b6c1cd#f72cc217-e140-11ee-8e0e-005056b6c1cd; cbb59be6-1758-11ef-8e0e-005056b6c1cd#f72cc218-e140-11ee-8e0e-005056b6c1cd; cbb59be6-1758-11ef-8e0e-005056b6c1cd#f72cc219-e140-11ee-8e0e-005056b6c1cd; cbb59be6-1758-11ef-8e0e-005056b6c1cd#f72cc21a-e140-11ee-8e0e-005056b6c1cd
37000,https://lubanikishina.com/upload/iblock/8b1/42z0js7983hnx652ygknqm3wnzt132tr.jpg,Платье FLORA,D/SS24/fllowers/blue,1,Интернет магазин,Платья,3,Платье FLORA (42),cbb59be6-1758-11ef-8e0e-005056b6c1cd#f72cc218-e140-11ee-8e0e-005056b6c1cd,—,D/SS24/fllowers/blue,1,1527,1,0,0,1514,https://lubanikishina.com/catalog/platya/plate_flora/,,—,cbb59be6-1758-11ef-8e0e-005056b6c1cd#f72cc217-e140-11ee-8e0e-005056b6c1cd; cbb59be6-1758-11ef-8e0e-005056b6c1cd#f72cc218-e140-11ee-8e0e-005056b6c1cd; cbb59be6-1758-11ef-8e0e-005056b6c1cd#f72cc219-e140-11ee-8e0e-005056b6c1cd; cbb59be6-1758-11ef-8e0e-005056b6c1cd#f72cc21a-e140-11ee-8e0e-005056b6c1cd
37000,https://lubanikishina.com/upload/iblock/8b1/42z0js7983hnx652ygknqm3wnzt132tr.jpg,Платье FLORA,D/SS24/fllowers/blue,1,Интернет магазин,Платья,3,Платье FLORA (44),cbb59be6-1758-11ef-8e0e-005056b6c1cd#f72cc219-e140-11ee-8e0e-005056b6c1cd,—,D/SS24/fllowers/blue,0,1528,1,0,0,1514,https://lubanikishina.com/catalog/platya/plate_flora/,,—,cbb59be6-1758-11ef-8e0e-005056b6c1cd#f72cc217-e140-11ee-8e0e-005056b6c1cd; cbb59be6-1758-11ef-8e0e-005056b6c1cd#f72cc218-e140-11ee-8e0e-005056b6c1cd; cbb59be6-1758-11ef-8e0e-005056b6c1cd#f72cc219-e140-11ee-8e0e-005056b6c1cd; cbb59be6-1758-11ef-8e0e-005056b6c1cd#f72cc21a-e140-11ee-8e0e-005056b6c1cd
37000,https://lubanikishina.com/upload/iblock/8b1/42z0js7983hnx652ygknqm3wnzt132tr.jpg,Платье FLORA,D/SS24/fllowers/blue,1,Интернет магазин,Платья,3,Платье FLORA (46),cbb59be6-1758-11ef-8e0e-005056b6c1cd#f72cc21a-e140-11ee-8e0e-005056b6c1cd,—,D/SS24/fllowers/blue,0,1529,1,0,0,1514,https://lubanikishina.com/catalog/platya/plate_flora/,,—,cbb59be6-1758-11ef-8e0e-005056b6c1cd#f72cc217-e140-11ee-8e0e-005056b6c1cd; cbb59be6-1758-11ef-8e0e-005056b6c1cd#f72cc218-e140-11ee-8e0e-005056b6c1cd; cbb59be6-1758-11ef-8e0e-005056b6c1cd#f72cc219-e140-11ee-8e0e-005056b6c1cd; cbb59be6-1758-11ef-8e0e-005056b6c1cd#f72cc21a-e140-11ee-8e0e-005056b6c1cd
45000,https://lubanikishina.com/upload/iblock/9db/7gw2f43ik6xm26z0mj7b0ahdu9wkmjoj.jpg,Платье IRIS,D/IRIS/black,1,Интернет магазин,Платья,1,Платье IRIS (40),b5ccdb44-1681-11ef-8e0e-005056b6c1cd#f72cc217-e140-11ee-8e0e-005056b6c1cd,—,D/IRIS/black,0,1522,1,0,0,1513,https://lubanikishina.com/catalog/platya/plate_iris_1/,,—,b5ccdb44-1681-11ef-8e0e-005056b6c1cd#f72cc217-e140-11ee-8e0e-005056b6c1cd; b5ccdb44-1681-11ef-8e0e-005056b6c1cd#f72cc218-e140-11ee-8e0e-005056b6c1cd; b5ccdb44-1681-11ef-8e0e-005056b6c1cd#f72cc219-e140-11ee-8e0e-005056b6c1cd; b5ccdb44-1681-11ef-8e0e-005056b6c1cd#f72cc21a-e140-11ee-8e0e-005056b6c1cd
45000,https://lubanikishina.com/upload/iblock/9db/7gw2f43ik6xm26z0mj7b0ahdu9wkmjoj.jpg,Платье IRIS,D/IRIS/black,1,Интернет магазин,Платья,1,Платье IRIS (42),b5ccdb44-1681-11ef-8e0e-005056b6c1cd#f72cc218-e140-11ee-8e0e-005056b6c1cd,—,D/IRIS/black,1,1523,1,0,0,1513,https://lubanikishina.com/catalog/platya/plate_iris_1/,,—,b5ccdb44-1681-11ef-8e0e-005056b6c1cd#f72cc217-e140-11ee-8e0e-005056b6c1cd; b5ccdb44-1681-11ef-8e0e-005056b6c1cd#f72cc218-e140-11ee-8e0e-005056b6c1cd; b5ccdb44-1681-11ef-8e0e-005056b6c1cd#f72cc219-e140-11ee-8e0e-005056b6c1cd; b5ccdb44-1681-11ef-8e0e-005056b6c1cd#f72cc21a-e140-11ee-8e0e-005056b6c1cd
45000,https://lubanikishina.com/upload/iblock/9db/7gw2f43ik6xm26z0mj7b0ahdu9wkmjoj.jpg,Платье IRIS,D/IRIS/black,1,Интернет магазин,Платья,1,Платье IRIS (44),b5ccdb44-1681-11ef-8e0e-005056b6c1cd#f72cc219-e140-11ee-8e0e-005056b6c1cd,—,D/IRIS/black,0,1524,1,0,0,1513,https://lubanikishina.com/catalog/platya/plate_iris_1/,,—,b5ccdb44-1681-11ef-8e0e-005056b6c1cd#f72cc217-e140-11ee-8e0e-005056b6c1cd; b5ccdb44-1681-11ef-8e0e-005056b6c1cd#f72cc218-e140-11ee-8e0e-005056b6c1cd; b5ccdb44-1681-11ef-8e0e-005056b6c1cd#f72cc219-e140-11ee-8e0e-005056b6c1cd; b5ccdb44-1681-11ef-8e0e-005056b6c1cd#f72cc21a-e140-11ee-8e0e-005056b6c1cd
45000,https://lubanikishina.com/upload/iblock/9db/7gw2f43ik6xm26z0mj7b0ahdu9wkmjoj.jpg,Платье IRIS,D/IRIS/black,1,Интернет магазин,Платья,1,Платье IRIS (46),b5ccdb44-1681-11ef-8e0e-005056b6c1cd#f72cc21a-e140-11ee-8e0e-005056b6c1cd,—,D/IRIS/black,0,1525,1,0,0,1513,https://lubanikishina.com/catalog/platya/plate_iris_1/,,—,b5ccdb44-1681-11ef-8e0e-005056b6c1cd#f72cc217-e140-11ee-8e0e-005056b6c1cd; b5ccdb44-1681-11ef-8e0e-005056b6c1cd#f72cc218-e140-11ee-8e0e-005056b6c1cd; b5ccdb44-1681-11ef-8e0e-005056b6c1cd#f72cc219-e140-11ee-8e0e-005056b6c1cd; b5ccdb44-1681-11ef-8e0e-005056b6c1cd#f72cc21a-e140-11ee-8e0e-005056b6c1cd
42000,https://lubanikishina.com/upload/iblock/b8d/lg91tjpbwi063ml8okp5a8wuibmim35u.jpg,Платье IRIS,D/IRIS/butter,1,Интернет магазин,Платья,2,Платье IRIS (44),b5ccdb45-1681-11ef-8e0e-005056b6c1cd#f72cc219-e140-11ee-8e0e-005056b6c1cd,—,D/IRIS/butter,2,1509,1,0,0,1487,https://lubanikishina.com/catalog/platya/plate_iris/,,—,b5ccdb45-1681-11ef-8e0e-005056b6c1cd#f72cc219-e140-11ee-8e0e-005056b6c1cd; b5ccdb45-1681-11ef-8e0e-005056b6c1cd#f72cc217-e140-11ee-8e0e-005056b6c1cd; b5ccdb45-1681-11ef-8e0e-005056b6c1cd#f72cc218-e140-11ee-8e0e-005056b6c1cd; b5ccdb45-1681-11ef-8e0e-005056b6c1cd#f72cc21a-e140-11ee-8e0e-005056b6c1cd
42000,https://lubanikishina.com/upload/iblock/b8d/lg91tjpbwi063ml8okp5a8wuibmim35u.jpg,Платье IRIS,D/IRIS/butter,1,Интернет магазин,Платья,2,Платье IRIS (40),b5ccdb45-1681-11ef-8e0e-005056b6c1cd#f72cc217-e140-11ee-8e0e-005056b6c1cd,—,D/IRIS/butter,0,1507,1,0,0,1487,https://lubanikishina.com/catalog/platya/plate_iris/,,—,b5ccdb45-1681-11ef-8e0e-005056b6c1cd#f72cc219-e140-11ee-8e0e-005056b6c1cd; b5ccdb45-1681-11ef-8e0e-005056b6c1cd#f72cc217-e140-11ee-8e0e-005056b6c1cd; b5ccdb45-1681-11ef-8e0e-005056b6c1cd#f72cc218-e140-11ee-8e0e-005056b6c1cd; b5ccdb45-1681-11ef-8e0e-005056b6c1cd#f72cc21a-e140-11ee-8e0e-005056b6c1cd
42000,https://lubanikishina.com/upload/iblock/b8d/lg91tjpbwi063ml8okp5a8wuibmim35u.jpg,Платье IRIS,D/IRIS/butter,1,Интернет магазин,Платья,2,Платье IRIS (42),b5ccdb45-1681-11ef-8e0e-005056b6c1cd#f72cc218-e140-11ee-8e0e-005056b6c1cd,—,D/IRIS/butter,0,1508,1,0,0,1487,https://lubanikishina.com/catalog/platya/plate_iris/,,—,b5ccdb45-1681-11ef-8e0e-005056b6c1cd#f72cc219-e140-11ee-8e0e-005056b6c1cd; b5ccdb45-1681-11ef-8e0e-005056b6c1cd#f72cc217-e140-11ee-8e0e-005056b6c1cd; b5ccdb45-1681-11ef-8e0e-005056b6c1cd#f72cc218-e140-11ee-8e0e-005056b6c1cd; b5ccdb45-1681-11ef-8e0e-005056b6c1cd#f72cc21a-e140-11ee-8e0e-005056b6c1cd
42000,https://lubanikishina.com/upload/iblock/b8d/lg91tjpbwi063ml8okp5a8wuibmim35u.jpg,Платье IRIS,D/IRIS/butter,1,Интернет магазин,Платья,2,Платье IRIS (46),b5ccdb45-1681-11ef-8e0e-005056b6c1cd#f72cc21a-e140-11ee-8e0e-005056b6c1cd,—,D/IRIS/butter,0,1510,1,0,0,1487,https://lubanikishina.com/catalog/platya/plate_iris/,,—,b5ccdb45-1681-11ef-8e0e-005056b6c1cd#f72cc219-e140-11ee-8e0e-005056b6c1cd; b5ccdb45-1681-11ef-8e0e-005056b6c1cd#f72cc217-e140-11ee-8e0e-005056b6c1cd; b5ccdb45-1681-11ef-8e0e-005056b6c1cd#f72cc218-e140-11ee-8e0e-005056b6c1cd; b5ccdb45-1681-11ef-8e0e-005056b6c1cd#f72cc21a-e140-11ee-8e0e-005056b6c1cd
22000,https://lubanikishina.com/upload/iblock/b66/zljqg6wcobs3l8uzp1751fud8en7wc9s.jpg,Платье LEAF,D/LEAF/mint,1,Интернет магазин,Платья,0,Платье LEAF (40),176d8551-0221-11ef-8e0e-005056b6c1cd#f72cc217-e140-11ee-8e0e-005056b6c1cd,—,D/LEAF/mint,0,1446,1,0,0,1433,https://lubanikishina.com/catalog/platya/plate_leaf/,,—,176d8551-0221-11ef-8e0e-005056b6c1cd#f72cc217-e140-11ee-8e0e-005056b6c1cd; 176d8551-0221-11ef-8e0e-005056b6c1cd#f72cc218-e140-11ee-8e0e-005056b6c1cd
22000,https://lubanikishina.com/upload/iblock/b66/zljqg6wcobs3l8uzp1751fud8en7wc9s.jpg,Платье LEAF,D/LEAF/mint,1,Интернет магазин,Платья,0,Платье LEAF (42),176d8551-0221-11ef-8e0e-005056b6c1cd#f72cc218-e140-11ee-8e0e-005056b6c1cd,—,D/LEAF/mint,0,1447,1,0,0,1433,https://lubanikishina.com/catalog/platya/plate_leaf/,,—,176d8551-0221-11ef-8e0e-005056b6c1cd#f72cc217-e140-11ee-8e0e-005056b6c1cd; 176d8551-0221-11ef-8e0e-005056b6c1cd#f72cc218-e140-11ee-8e0e-005056b6c1cd
16000,https://lubanikishina.com/upload/iblock/9e7/v37q520xb2r8ca6zt3x2j4agokjvdybj.jpg,Платье LILY,D/LILY/black,1,Интернет магазин,Платья,5,Платье LILY (40),15c51001-02f4-11ef-8e0e-005056b6c1cd#f72cc217-e140-11ee-8e0e-005056b6c1cd,—,D/LILY/black,5,1466,1,0,0,1440,https://lubanikishina.com/catalog/platya/plate_lily_1/,,—,15c51001-02f4-11ef-8e0e-005056b6c1cd#f72cc217-e140-11ee-8e0e-005056b6c1cd
14000,https://lubanikishina.com/upload/iblock/4c5/dz37o9b5edd0z23pt42miarb6tr5rww9.jpg,Платье LILY,D/LILY/short/black,1,Интернет магазин,Платья,1,Платье LILY (42),15c50ffe-02f4-11ef-8e0e-005056b6c1cd#f72cc218-e140-11ee-8e0e-005056b6c1cd,—,D/LILY/short/black,0,1465,1,0,0,1439,https://lubanikishina.com/catalog/platya/plate_lily/,,—,15c50ffe-02f4-11ef-8e0e-005056b6c1cd#f72cc218-e140-11ee-8e0e-005056b6c1cd; 15c50ffe-02f4-11ef-8e0e-005056b6c1cd#f72cc217-e140-11ee-8e0e-005056b6c1cd
14000,https://lubanikishina.com/upload/iblock/4c5/dz37o9b5edd0z23pt42miarb6tr5rww9.jpg,Платье LILY,D/LILY/short/black,1,Интернет магазин,Платья,1,Платье LILY (40),15c50ffe-02f4-11ef-8e0e-005056b6c1cd#f72cc217-e140-11ee-8e0e-005056b6c1cd,—,D/LILY/short/black,1,1464,1,0,0,1439,https://lubanikishina.com/catalog/platya/plate_lily/,,—,15c50ffe-02f4-11ef-8e0e-005056b6c1cd#f72cc218-e140-11ee-8e0e-005056b6c1cd; 15c50ffe-02f4-11ef-8e0e-005056b6c1cd#f72cc217-e140-11ee-8e0e-005056b6c1cd
35000,https://lubanikishina.com/upload/iblock/ade/p1ykttgk1b7l6gdflukgrrl0d2kz9o0y.jpg,Платье LOCKA,D/LOCKA/biege,1,Интернет магазин,Платья,4,Платье LOCKA (42),37c85cb3-6060-11ef-8e10-005056b6c1cd#f72cc218-e140-11ee-8e0e-005056b6c1cd,—,D/LOCKA/biege,3,2064,1,0,0,2058,https://lubanikishina.com/catalog/platya/plate_locka_1/,,—,37c85cb3-6060-11ef-8e10-005056b6c1cd#f72cc218-e140-11ee-8e0e-005056b6c1cd; 37c85cb3-6060-11ef-8e10-005056b6c1cd#f72cc219-e140-11ee-8e0e-005056b6c1cd
35000,https://lubanikishina.com/upload/iblock/ade/p1ykttgk1b7l6gdflukgrrl0d2kz9o0y.jpg,Платье LOCKA,D/LOCKA/biege,1,Интернет магазин,Платья,4,Платье LOCKA (44),37c85cb3-6060-11ef-8e10-005056b6c1cd#f72cc219-e140-11ee-8e0e-005056b6c1cd,—,D/LOCKA/biege,1,2065,1,0,0,2058,https://lubanikishina.com/catalog/platya/plate_locka_1/,,—,37c85cb3-6060-11ef-8e10-005056b6c1cd#f72cc218-e140-11ee-8e0e-005056b6c1cd; 37c85cb3-6060-11ef-8e10-005056b6c1cd#f72cc219-e140-11ee-8e0e-005056b6c1cd
35000,https://lubanikishina.com/upload/iblock/f0d/ypjtq0sz2h2n9xuwhfiyxng77kylb1kd.jpg,Платье LOCKA,D/LOCKA/grey,1,Интернет магазин,Платья,6,Платье LOCKA (40),088f0f78-5a1e-11ef-8e10-005056b6c1cd#f72cc217-e140-11ee-8e0e-005056b6c1cd,—,D/LOCKA/grey,1,2059,1,0,0,2057,https://lubanikishina.com/catalog/platya/plate_locka/,,—,088f0f78-5a1e-11ef-8e10-005056b6c1cd#f72cc217-e140-11ee-8e0e-005056b6c1cd; 088f0f78-5a1e-11ef-8e10-005056b6c1cd#f72cc218-e140-11ee-8e0e-005056b6c1cd; 088f0f78-5a1e-11ef-8e10-005056b6c1cd#f72cc219-e140-11ee-8e0e-005056b6c1cd
35000,https://lubanikishina.com/upload/iblock/f0d/ypjtq0sz2h2n9xuwhfiyxng77kylb1kd.jpg,Платье LOCKA,D/LOCKA/grey,1,Интернет магазин,Платья,6,Платье LOCKA (42),088f0f78-5a1e-11ef-8e10-005056b6c1cd#f72cc218-e140-11ee-8e0e-005056b6c1cd,—,D/LOCKA/grey,3,2060,1,0,0,2057,https://lubanikishina.com/catalog/platya/plate_locka/,,—,088f0f78-5a1e-11ef-8e10-005056b6c1cd#f72cc217-e140-11ee-8e0e-005056b6c1cd; 088f0f78-5a1e-11ef-8e10-005056b6c1cd#f72cc218-e140-11ee-8e0e-005056b6c1cd; 088f0f78-5a1e-11ef-8e10-005056b6c1cd#f72cc219-e140-11ee-8e0e-005056b6c1cd
35000,https://lubanikishina.com/upload/iblock/f0d/ypjtq0sz2h2n9xuwhfiyxng77kylb1kd.jpg,Платье LOCKA,D/LOCKA/grey,1,Интернет магазин,Платья,6,Платье LOCKA (44),088f0f78-5a1e-11ef-8e10-005056b6c1cd#f72cc219-e140-11ee-8e0e-005056b6c1cd,—,D/LOCKA/grey,2,2061,1,0,0,2057,https://lubanikishina.com/catalog/platya/plate_locka/,,—,088f0f78-5a1e-11ef-8e10-005056b6c1cd#f72cc217-e140-11ee-8e0e-005056b6c1cd; 088f0f78-5a1e-11ef-8e10-005056b6c1cd#f72cc218-e140-11ee-8e0e-005056b6c1cd; 088f0f78-5a1e-11ef-8e10-005056b6c1cd#f72cc219-e140-11ee-8e0e-005056b6c1cd
23000,https://lubanikishina.com/upload/iblock/131/sw4z6bhvfu133syn870575g7f1q7z166.JPG,Платье LOU,D/LOU/peach,1,Интернет магазин,Платья,1,Платье LOU (40),56c55401-1127-11ef-8e0e-005056b6c1cd#f72cc217-e140-11ee-8e0e-005056b6c1cd,—,D/LOU/peach,0,2526,1,0,0,2525,https://lubanikishina.com/catalog/platya/plate_lou_5/,,—,56c55401-1127-11ef-8e0e-005056b6c1cd#f72cc217-e140-11ee-8e0e-005056b6c1cd; 56c55401-1127-11ef-8e0e-005056b6c1cd#f72cc218-e140-11ee-8e0e-005056b6c1cd; 56c55401-1127-11ef-8e0e-005056b6c1cd#f72cc219-e140-11ee-8e0e-005056b6c1cd; 56c55401-1127-11ef-8e0e-005056b6c1cd#f72cc21a-e140-11ee-8e0e-005056b6c1cd
23000,https://lubanikishina.com/upload/iblock/131/sw4z6bhvfu133syn870575g7f1q7z166.JPG,Платье LOU,D/LOU/peach,1,Интернет магазин,Платья,1,Платье LOU (42),56c55401-1127-11ef-8e0e-005056b6c1cd#f72cc218-e140-11ee-8e0e-005056b6c1cd,—,D/LOU/peach,0,2527,1,0,0,2525,https://lubanikishina.com/catalog/platya/plate_lou_5/,,—,56c55401-1127-11ef-8e0e-005056b6c1cd#f72cc217-e140-11ee-8e0e-005056b6c1cd; 56c55401-1127-11ef-8e0e-005056b6c1cd#f72cc218-e140-11ee-8e0e-005056b6c1cd; 56c55401-1127-11ef-8e0e-005056b6c1cd#f72cc219-e140-11ee-8e0e-005056b6c1cd; 56c55401-1127-11ef-8e0e-005056b6c1cd#f72cc21a-e140-11ee-8e0e-005056b6c1cd
23000,https://lubanikishina.com/upload/iblock/131/sw4z6bhvfu133syn870575g7f1q7z166.JPG,Платье LOU,D/LOU/peach,1,Интернет магазин,Платья,1,Платье LOU (44),56c55401-1127-11ef-8e0e-005056b6c1cd#f72cc219-e140-11ee-8e0e-005056b6c1cd,—,D/LOU/peach,1,2528,1,0,0,2525,https://lubanikishina.com/catalog/platya/plate_lou_5/,,—,56c55401-1127-11ef-8e0e-005056b6c1cd#f72cc217-e140-11ee-8e0e-005056b6c1cd; 56c55401-1127-11ef-8e0e-005056b6c1cd#f72cc218-e140-11ee-8e0e-005056b6c1cd; 56c55401-1127-11ef-8e0e-005056b6c1cd#f72cc219-e140-11ee-8e0e-005056b6c1cd; 56c55401-1127-11ef-8e0e-005056b6c1cd#f72cc21a-e140-11ee-8e0e-005056b6c1cd
23000,https://lubanikishina.com/upload/iblock/131/sw4z6bhvfu133syn870575g7f1q7z166.JPG,Платье LOU,D/LOU/peach,1,Интернет магазин,Платья,1,Платье LOU (46),56c55401-1127-11ef-8e0e-005056b6c1cd#f72cc21a-e140-11ee-8e0e-005056b6c1cd,—,D/LOU/peach,0,2529,1,0,0,2525,https://lubanikishina.com/catalog/platya/plate_lou_5/,,—,56c55401-1127-11ef-8e0e-005056b6c1cd#f72cc217-e140-11ee-8e0e-005056b6c1cd; 56c55401-1127-11ef-8e0e-005056b6c1cd#f72cc218-e140-11ee-8e0e-005056b6c1cd; 56c55401-1127-11ef-8e0e-005056b6c1cd#f72cc219-e140-11ee-8e0e-005056b6c1cd; 56c55401-1127-11ef-8e0e-005056b6c1cd#f72cc21a-e140-11ee-8e0e-005056b6c1cd
23000,https://lubanikishina.com/upload/iblock/5e7/09n9fpurki3fu5d5zcugic3035l8nweq.jpg,Платье LOU,D/LOU/lightpink,1,Интернет магазин,Платья,6,Платье LOU (42),4170ce2a-4a69-11ef-8e10-005056b6c1cd#f72cc218-e140-11ee-8e0e-005056b6c1cd,—,D/LOU/lightpink,2,1943,1,0,0,1941,https://lubanikishina.com/catalog/platya/plate_lou_4/,,—,4170ce2a-4a69-11ef-8e10-005056b6c1cd#f72cc218-e140-11ee-8e0e-005056b6c1cd; 4170ce2a-4a69-11ef-8e10-005056b6c1cd#f72cc219-e140-11ee-8e0e-005056b6c1cd; 4170ce2a-4a69-11ef-8e10-005056b6c1cd#f72cc217-e140-11ee-8e0e-005056b6c1cd; 4170ce2a-4a69-11ef-8e10-005056b6c1cd#f72cc21a-e140-11ee-8e0e-005056b6c1cd
23000,https://lubanikishina.com/upload/iblock/5e7/09n9fpurki3fu5d5zcugic3035l8nweq.jpg,Платье LOU,D/LOU/lightpink,1,Интернет магазин,Платья,6,Платье LOU (44),4170ce2a-4a69-11ef-8e10-005056b6c1cd#f72cc219-e140-11ee-8e0e-005056b6c1cd,—,D/LOU/lightpink,4,1944,1,0,0,1941,https://lubanikishina.com/catalog/platya/plate_lou_4/,,—,4170ce2a-4a69-11ef-8e10-005056b6c1cd#f72cc218-e140-11ee-8e0e-005056b6c1cd; 4170ce2a-4a69-11ef-8e10-005056b6c1cd#f72cc219-e140-11ee-8e0e-005056b6c1cd; 4170ce2a-4a69-11ef-8e10-005056b6c1cd#f72cc217-e140-11ee-8e0e-005056b6c1cd; 4170ce2a-4a69-11ef-8e10-005056b6c1cd#f72cc21a-e140-11ee-8e0e-005056b6c1cd
23000,https://lubanikishina.com/upload/iblock/5e7/09n9fpurki3fu5d5zcugic3035l8nweq.jpg,Платье LOU,D/LOU/lightpink,1,Интернет магазин,Платья,6,Платье LOU (40),4170ce2a-4a69-11ef-8e10-005056b6c1cd#f72cc217-e140-11ee-8e0e-005056b6c1cd,—,D/LOU/lightpink,0,1942,1,0,0,1941,https://lubanikishina.com/catalog/platya/plate_lou_4/,,—,4170ce2a-4a69-11ef-8e10-005056b6c1cd#f72cc218-e140-11ee-8e0e-005056b6c1cd; 4170ce2a-4a69-11ef-8e10-005056b6c1cd#f72cc219-e140-11ee-8e0e-005056b6c1cd; 4170ce2a-4a69-11ef-8e10-005056b6c1cd#f72cc217-e140-11ee-8e0e-005056b6c1cd; 4170ce2a-4a69-11ef-8e10-005056b6c1cd#f72cc21a-e140-11ee-8e0e-005056b6c1cd
23000,https://lubanikishina.com/upload/iblock/5e7/09n9fpurki3fu5d5zcugic3035l8nweq.jpg,Платье LOU,D/LOU/lightpink,1,Интернет магазин,Платья,6,Платье LOU (46),4170ce2a-4a69-11ef-8e10-005056b6c1cd#f72cc21a-e140-11ee-8e0e-005056b6c1cd,—,D/LOU/lightpink,0,1945,1,0,0,1941,https://lubanikishina.com/catalog/platya/plate_lou_4/,,—,4170ce2a-4a69-11ef-8e10-005056b6c1cd#f72cc218-e140-11ee-8e0e-005056b6c1cd; 4170ce2a-4a69-11ef-8e10-005056b6c1cd#f72cc219-e140-11ee-8e0e-005056b6c1cd; 4170ce2a-4a69-11ef-8e10-005056b6c1cd#f72cc217-e140-11ee-8e0e-005056b6c1cd; 4170ce2a-4a69-11ef-8e10-005056b6c1cd#f72cc21a-e140-11ee-8e0e-005056b6c1cd
23000,https://lubanikishina.com/upload/iblock/9f2/p8qfe162pmg38e12rtv818t0lb8cir68.jpg,Платье LOU,D/LOU/yellow/flowers,1,Интернет магазин,Платья,6,Платье LOU (44),1bfd84f8-0d1b-11ef-8e0e-005056b6c1cd#f72cc219-e140-11ee-8e0e-005056b6c1cd,—,D/LOU/yellow/flowers,0,1517,1,0,0,1511,https://lubanikishina.com/catalog/platya/plate_lou_2/,,—,1bfd84f8-0d1b-11ef-8e0e-005056b6c1cd#f72cc219-e140-11ee-8e0e-005056b6c1cd; 1bfd84f8-0d1b-11ef-8e0e-005056b6c1cd#f72cc217-e140-11ee-8e0e-005056b6c1cd; 1bfd84f8-0d1b-11ef-8e0e-005056b6c1cd#f72cc218-e140-11ee-8e0e-005056b6c1cd; 1bfd84f8-0d1b-11ef-8e0e-005056b6c1cd#f72cc21a-e140-11ee-8e0e-005056b6c1cd
23000,https://lubanikishina.com/upload/iblock/9f2/p8qfe162pmg38e12rtv818t0lb8cir68.jpg,Платье LOU,D/LOU/yellow/flowers,1,Интернет магазин,Платья,6,Платье LOU (40),1bfd84f8-0d1b-11ef-8e0e-005056b6c1cd#f72cc217-e140-11ee-8e0e-005056b6c1cd,—,D/LOU/yellow/flowers,0,1515,1,0,0,1511,https://lubanikishina.com/catalog/platya/plate_lou_2/,,—,1bfd84f8-0d1b-11ef-8e0e-005056b6c1cd#f72cc219-e140-11ee-8e0e-005056b6c1cd; 1bfd84f8-0d1b-11ef-8e0e-005056b6c1cd#f72cc217-e140-11ee-8e0e-005056b6c1cd; 1bfd84f8-0d1b-11ef-8e0e-005056b6c1cd#f72cc218-e140-11ee-8e0e-005056b6c1cd; 1bfd84f8-0d1b-11ef-8e0e-005056b6c1cd#f72cc21a-e140-11ee-8e0e-005056b6c1cd
23000,https://lubanikishina.com/upload/iblock/9f2/p8qfe162pmg38e12rtv818t0lb8cir68.jpg,Платье LOU,D/LOU/yellow/flowers,1,Интернет магазин,Платья,6,Платье LOU (42),1bfd84f8-0d1b-11ef-8e0e-005056b6c1cd#f72cc218-e140-11ee-8e0e-005056b6c1cd,—,D/LOU/yellow/flowers,6,1516,1,0,0,1511,https://lubanikishina.com/catalog/platya/plate_lou_2/,,—,1bfd84f8-0d1b-11ef-8e0e-005056b6c1cd#f72cc219-e140-11ee-8e0e-005056b6c1cd; 1bfd84f8-0d1b-11ef-8e0e-005056b6c1cd#f72cc217-e140-11ee-8e0e-005056b6c1cd; 1bfd84f8-0d1b-11ef-8e0e-005056b6c1cd#f72cc218-e140-11ee-8e0e-005056b6c1cd; 1bfd84f8-0d1b-11ef-8e0e-005056b6c1cd#f72cc21a-e140-11ee-8e0e-005056b6c1cd
23000,https://lubanikishina.com/upload/iblock/9f2/p8qfe162pmg38e12rtv818t0lb8cir68.jpg,Платье LOU,D/LOU/yellow/flowers,1,Интернет магазин,Платья,6,Платье LOU (46),1bfd84f8-0d1b-11ef-8e0e-005056b6c1cd#f72cc21a-e140-11ee-8e0e-005056b6c1cd,—,D/LOU/yellow/flowers,0,1518,1,0,0,1511,https://lubanikishina.com/catalog/platya/plate_lou_2/,,—,1bfd84f8-0d1b-11ef-8e0e-005056b6c1cd#f72cc219-e140-11ee-8e0e-005056b6c1cd; 1bfd84f8-0d1b-11ef-8e0e-005056b6c1cd#f72cc217-e140-11ee-8e0e-005056b6c1cd; 1bfd84f8-0d1b-11ef-8e0e-005056b6c1cd#f72cc218-e140-11ee-8e0e-005056b6c1cd; 1bfd84f8-0d1b-11ef-8e0e-005056b6c1cd#f72cc21a-e140-11ee-8e0e-005056b6c1cd
23000,https://lubanikishina.com/upload/iblock/d72/kjdkvionw2hscylmaf6t557zds4p8a2p.jpg,Платье LOU,D/LOU/black/sflowers,1,Интернет магазин,Платья,1,Платье LOU (40),15c50fee-02f4-11ef-8e0e-005056b6c1cd#f72cc217-e140-11ee-8e0e-005056b6c1cd,—,D/LOU/black/sflowers,1,1457,1,0,0,1437,https://lubanikishina.com/catalog/platya/plate_lou_1/,,—,15c50fee-02f4-11ef-8e0e-005056b6c1cd#f72cc217-e140-11ee-8e0e-005056b6c1cd
17500,https://lubanikishina.com/upload/iblock/120/14gdya81821325wzvv8a19in768065il.jpg,Платье MARGOT,D/MARGOT/bgrey,1,Интернет магазин,Платья,22,Платье MARGOT (XS-S),b8551ee8-0482-11ef-8e0e-005056b6c1cd#636ff603-10ff-11ef-8e0e-005056b6c1cd,—,D/MARGOT/bgrey,4,1956,1,0,0,1442,https://lubanikishina.com/catalog/platya/plate_margot/,,—,b8551ee8-0482-11ef-8e0e-005056b6c1cd#636ff603-10ff-11ef-8e0e-005056b6c1cd; b8551ee8-0482-11ef-8e0e-005056b6c1cd#636ff604-10ff-11ef-8e0e-005056b6c1cd
17500,https://lubanikishina.com/upload/iblock/120/14gdya81821325wzvv8a19in768065il.jpg,Платье MARGOT,D/MARGOT/bgrey,1,Интернет магазин,Платья,22,Платье MARGOT (M-L),b8551ee8-0482-11ef-8e0e-005056b6c1cd#636ff604-10ff-11ef-8e0e-005056b6c1cd,—,D/MARGOT/bgrey,18,1957,1,0,0,1442,https://lubanikishina.com/catalog/platya/plate_margot/,,—,b8551ee8-0482-11ef-8e0e-005056b6c1cd#636ff603-10ff-11ef-8e0e-005056b6c1cd; b8551ee8-0482-11ef-8e0e-005056b6c1cd#636ff604-10ff-11ef-8e0e-005056b6c1cd
26000,https://lubanikishina.com/upload/iblock/b28/ckb855bdvilowb3u1mqdpdeoon9g8xw7.jpg,Платье MUR,D/MUR/cream,1,Интернет магазин,Платья,0,Платье MUR (42),636ff610-10ff-11ef-8e0e-005056b6c1cd#f72cc218-e140-11ee-8e0e-005056b6c1cd,—,D/MUR/cream,0,1519,1,0,0,1512,https://lubanikishina.com/catalog/platya/plate_mur/,,—,636ff610-10ff-11ef-8e0e-005056b6c1cd#f72cc218-e140-11ee-8e0e-005056b6c1cd; 636ff610-10ff-11ef-8e0e-005056b6c1cd#f72cc219-e140-11ee-8e0e-005056b6c1cd; 636ff610-10ff-11ef-8e0e-005056b6c1cd#f72cc21a-e140-11ee-8e0e-005056b6c1cd
26000,https://lubanikishina.com/upload/iblock/b28/ckb855bdvilowb3u1mqdpdeoon9g8xw7.jpg,Платье MUR,D/MUR/cream,1,Интернет магазин,Платья,0,Платье MUR (44),636ff610-10ff-11ef-8e0e-005056b6c1cd#f72cc219-e140-11ee-8e0e-005056b6c1cd,—,D/MUR/cream,0,1520,1,0,0,1512,https://lubanikishina.com/catalog/platya/plate_mur/,,—,636ff610-10ff-11ef-8e0e-005056b6c1cd#f72cc218-e140-11ee-8e0e-005056b6c1cd; 636ff610-10ff-11ef-8e0e-005056b6c1cd#f72cc219-e140-11ee-8e0e-005056b6c1cd; 636ff610-10ff-11ef-8e0e-005056b6c1cd#f72cc21a-e140-11ee-8e0e-005056b6c1cd
26000,https://lubanikishina.com/upload/iblock/b28/ckb855bdvilowb3u1mqdpdeoon9g8xw7.jpg,Платье MUR,D/MUR/cream,1,Интернет магазин,Платья,0,Платье MUR (46),636ff610-10ff-11ef-8e0e-005056b6c1cd#f72cc21a-e140-11ee-8e0e-005056b6c1cd,—,D/MUR/cream,0,1521,1,0,0,1512,https://lubanikishina.com/catalog/platya/plate_mur/,,—,636ff610-10ff-11ef-8e0e-005056b6c1cd#f72cc218-e140-11ee-8e0e-005056b6c1cd; 636ff610-10ff-11ef-8e0e-005056b6c1cd#f72cc219-e140-11ee-8e0e-005056b6c1cd; 636ff610-10ff-11ef-8e0e-005056b6c1cd#f72cc21a-e140-11ee-8e0e-005056b6c1cd
9500,https://lubanikishina.com/upload/iblock/37e/76ca2uqdwpmsykq4rmommj7fbwkgvwm2.jpeg,Платье SHORTY,D/SHORTY/lgrey,1,Интернет магазин,Платья,1,Платье SHORTY (40),b42a6a08-2254-11ef-8e0e-005056b6c1cd#f72cc217-e140-11ee-8e0e-005056b6c1cd,—,D/SHORTY/lgrey,1,1481,1,0,0,1445,https://lubanikishina.com/catalog/platya/plate_shorty/,,—,b42a6a08-2254-11ef-8e0e-005056b6c1cd#f72cc217-e140-11ee-8e0e-005056b6c1cd
22000,https://lubanikishina.com/upload/iblock/e0e/kxh26qj5erqjxnav964bb1ao31mg9drc.jpg,Платье TABI,D/TABI/white,1,Интернет магазин,Платья,2,Платье TABI (42),7d608615-0924-11ef-8e0e-005056b6c1cd#f72cc218-e140-11ee-8e0e-005056b6c1cd,—,D/TABI/white,0,1478,1,0,0,1444,https://lubanikishina.com/catalog/platya/plate_tabi_2/,,—,7d608615-0924-11ef-8e0e-005056b6c1cd#f72cc218-e140-11ee-8e0e-005056b6c1cd; 7d608615-0924-11ef-8e0e-005056b6c1cd#f72cc219-e140-11ee-8e0e-005056b6c1cd; 7d608615-0924-11ef-8e0e-005056b6c1cd#f72cc217-e140-11ee-8e0e-005056b6c1cd; 7d608615-0924-11ef-8e0e-005056b6c1cd#f72cc21a-e140-11ee-8e0e-005056b6c1cd
22000,https://lubanikishina.com/upload/iblock/e0e/kxh26qj5erqjxnav964bb1ao31mg9drc.jpg,Платье TABI,D/TABI/white,1,Интернет магазин,Платья,2,Платье TABI (44),7d608615-0924-11ef-8e0e-005056b6c1cd#f72cc219-e140-11ee-8e0e-005056b6c1cd,—,D/TABI/white,0,1479,1,0,0,1444,https://lubanikishina.com/catalog/platya/plate_tabi_2/,,—,7d608615-0924-11ef-8e0e-005056b6c1cd#f72cc218-e140-11ee-8e0e-005056b6c1cd; 7d608615-0924-11ef-8e0e-005056b6c1cd#f72cc219-e140-11ee-8e0e-005056b6c1cd; 7d608615-0924-11ef-8e0e-005056b6c1cd#f72cc217-e140-11ee-8e0e-005056b6c1cd; 7d608615-0924-11ef-8e0e-005056b6c1cd#f72cc21a-e140-11ee-8e0e-005056b6c1cd
22000,https://lubanikishina.com/upload/iblock/e0e/kxh26qj5erqjxnav964bb1ao31mg9drc.jpg,Платье TABI,D/TABI/white,1,Интернет магазин,Платья,2,Платье TABI (40),7d608615-0924-11ef-8e0e-005056b6c1cd#f72cc217-e140-11ee-8e0e-005056b6c1cd,—,D/TABI/white,2,1477,1,0,0,1444,https://lubanikishina.com/catalog/platya/plate_tabi_2/,,—,7d608615-0924-11ef-8e0e-005056b6c1cd#f72cc218-e140-11ee-8e0e-005056b6c1cd; 7d608615-0924-11ef-8e0e-005056b6c1cd#f72cc219-e140-11ee-8e0e-005056b6c1cd; 7d608615-0924-11ef-8e0e-005056b6c1cd#f72cc217-e140-11ee-8e0e-005056b6c1cd; 7d608615-0924-11ef-8e0e-005056b6c1cd#f72cc21a-e140-11ee-8e0e-005056b6c1cd
22000,https://lubanikishina.com/upload/iblock/e0e/kxh26qj5erqjxnav964bb1ao31mg9drc.jpg,Платье TABI,D/TABI/white,1,Интернет магазин,Платья,2,Платье TABI (46),7d608615-0924-11ef-8e0e-005056b6c1cd#f72cc21a-e140-11ee-8e0e-005056b6c1cd,—,D/TABI/white,0,1480,1,0,0,1444,https://lubanikishina.com/catalog/platya/plate_tabi_2/,,—,7d608615-0924-11ef-8e0e-005056b6c1cd#f72cc218-e140-11ee-8e0e-005056b6c1cd; 7d608615-0924-11ef-8e0e-005056b6c1cd#f72cc219-e140-11ee-8e0e-005056b6c1cd; 7d608615-0924-11ef-8e0e-005056b6c1cd#f72cc217-e140-11ee-8e0e-005056b6c1cd; 7d608615-0924-11ef-8e0e-005056b6c1cd#f72cc21a-e140-11ee-8e0e-005056b6c1cd
22000,https://lubanikishina.com/upload/iblock/c55/m9n923na1f8azj0s2viheevbpfjnugpr.jpg,Платье TABI,D/TABI/black,1,Интернет магазин,Платья,4,Платье TABI (38),b8551ec3-0482-11ef-8e0e-005056b6c1cd#f72cc216-e140-11ee-8e0e-005056b6c1cd,—,D/TABI/black,1,2543,1,0,0,1441,https://lubanikishina.com/catalog/platya/plate_tabi_1/,,—,b8551ec3-0482-11ef-8e0e-005056b6c1cd#f72cc216-e140-11ee-8e0e-005056b6c1cd; b8551ec3-0482-11ef-8e0e-005056b6c1cd#f72cc217-e140-11ee-8e0e-005056b6c1cd; b8551ec3-0482-11ef-8e0e-005056b6c1cd#f72cc218-e140-11ee-8e0e-005056b6c1cd; b8551ec3-0482-11ef-8e0e-005056b6c1cd#f72cc219-e140-11ee-8e0e-005056b6c1cd; b8551ec3-0482-11ef-8e0e-005056b6c1cd#f72cc21a-e140-11ee-8e0e-005056b6c1cd
22000,https://lubanikishina.com/upload/iblock/c55/m9n923na1f8azj0s2viheevbpfjnugpr.jpg,Платье TABI,D/TABI/black,1,Интернет магазин,Платья,4,Платье TABI (40),b8551ec3-0482-11ef-8e0e-005056b6c1cd#f72cc217-e140-11ee-8e0e-005056b6c1cd,—,D/TABI/black,2,2544,1,0,0,1441,https://lubanikishina.com/catalog/platya/plate_tabi_1/,,—,b8551ec3-0482-11ef-8e0e-005056b6c1cd#f72cc216-e140-11ee-8e0e-005056b6c1cd; b8551ec3-0482-11ef-8e0e-005056b6c1cd#f72cc217-e140-11ee-8e0e-005056b6c1cd; b8551ec3-0482-11ef-8e0e-005056b6c1cd#f72cc218-e140-11ee-8e0e-005056b6c1cd; b8551ec3-0482-11ef-8e0e-005056b6c1cd#f72cc219-e140-11ee-8e0e-005056b6c1cd; b8551ec3-0482-11ef-8e0e-005056b6c1cd#f72cc21a-e140-11ee-8e0e-005056b6c1cd
22000,https://lubanikishina.com/upload/iblock/c55/m9n923na1f8azj0s2viheevbpfjnugpr.jpg,Платье TABI,D/TABI/black,1,Интернет магазин,Платья,4,Платье TABI (42),b8551ec3-0482-11ef-8e0e-005056b6c1cd#f72cc218-e140-11ee-8e0e-005056b6c1cd,—,D/TABI/black,0,2545,1,0,0,1441,https://lubanikishina.com/catalog/platya/plate_tabi_1/,,—,b8551ec3-0482-11ef-8e0e-005056b6c1cd#f72cc216-e140-11ee-8e0e-005056b6c1cd; b8551ec3-0482-11ef-8e0e-005056b6c1cd#f72cc217-e140-11ee-8e0e-005056b6c1cd; b8551ec3-0482-11ef-8e0e-005056b6c1cd#f72cc218-e140-11ee-8e0e-005056b6c1cd; b8551ec3-0482-11ef-8e0e-005056b6c1cd#f72cc219-e140-11ee-8e0e-005056b6c1cd; b8551ec3-0482-11ef-8e0e-005056b6c1cd#f72cc21a-e140-11ee-8e0e-005056b6c1cd
22000,https://lubanikishina.com/upload/iblock/c55/m9n923na1f8azj0s2viheevbpfjnugpr.jpg,Платье TABI,D/TABI/black,1,Интернет магазин,Платья,4,Платье TABI (44),b8551ec3-0482-11ef-8e0e-005056b6c1cd#f72cc219-e140-11ee-8e0e-005056b6c1cd,—,D/TABI/black,0,2546,1,0,0,1441,https://lubanikishina.com/catalog/platya/plate_tabi_1/,,—,b8551ec3-0482-11ef-8e0e-005056b6c1cd#f72cc216-e140-11ee-8e0e-005056b6c1cd; b8551ec3-0482-11ef-8e0e-005056b6c1cd#f72cc217-e140-11ee-8e0e-005056b6c1cd; b8551ec3-0482-11ef-8e0e-005056b6c1cd#f72cc218-e140-11ee-8e0e-005056b6c1cd; b8551ec3-0482-11ef-8e0e-005056b6c1cd#f72cc219-e140-11ee-8e0e-005056b6c1cd; b8551ec3-0482-11ef-8e0e-005056b6c1cd#f72cc21a-e140-11ee-8e0e-005056b6c1cd
22000,https://lubanikishina.com/upload/iblock/c55/m9n923na1f8azj0s2viheevbpfjnugpr.jpg,Платье TABI,D/TABI/black,1,Интернет магазин,Платья,4,Платье TABI (46),b8551ec3-0482-11ef-8e0e-005056b6c1cd#f72cc21a-e140-11ee-8e0e-005056b6c1cd,—,D/TABI/black,1,2996,1,0,0,1441,https://lubanikishina.com/catalog/platya/plate_tabi_1/,,—,b8551ec3-0482-11ef-8e0e-005056b6c1cd#f72cc216-e140-11ee-8e0e-005056b6c1cd; b8551ec3-0482-11ef-8e0e-005056b6c1cd#f72cc217-e140-11ee-8e0e-005056b6c1cd; b8551ec3-0482-11ef-8e0e-005056b6c1cd#f72cc218-e140-11ee-8e0e-005056b6c1cd; b8551ec3-0482-11ef-8e0e-005056b6c1cd#f72cc219-e140-11ee-8e0e-005056b6c1cd; b8551ec3-0482-11ef-8e0e-005056b6c1cd#f72cc21a-e140-11ee-8e0e-005056b6c1cd
24000,https://lubanikishina.com/upload/iblock/3ce/hh02jte7dr4k2psisumop30n79t6yuf5.jpg,Платье TOY,D/TOY/quilted/black,1,Интернет магазин,Платья,1,Платье TOY (46),56c553eb-1127-11ef-8e0e-005056b6c1cd#f72cc21a-e140-11ee-8e0e-005056b6c1cd,—,D/TOY/quilted/black,1,1432,1,0,0,1425,https://lubanikishina.com/catalog/platya/plate_toy_2/,,—,56c553eb-1127-11ef-8e0e-005056b6c1cd#f72cc21a-e140-11ee-8e0e-005056b6c1cd
22000,https://lubanikishina.com/upload/iblock/cd9/6a52asia8ij7djtc9zgwqmjv6scefpzm.jpg,Платье TOY,D/TOY/wo/black,1,Интернет магазин,Платья,2,Платье TOY (42),7d608618-0924-11ef-8e0e-005056b6c1cd#f72cc218-e140-11ee-8e0e-005056b6c1cd,—,D/TOY/wo/black,1,1429,1,0,0,1424,https://lubanikishina.com/catalog/platya/plate_toy_1/,,—,7d608618-0924-11ef-8e0e-005056b6c1cd#f72cc218-e140-11ee-8e0e-005056b6c1cd; 7d608618-0924-11ef-8e0e-005056b6c1cd#f72cc21a-e140-11ee-8e0e-005056b6c1cd
22000,https://lubanikishina.com/upload/iblock/cd9/6a52asia8ij7djtc9zgwqmjv6scefpzm.jpg,Платье TOY,D/TOY/wo/black,1,Интернет магазин,Платья,2,Платье TOY (46),7d608618-0924-11ef-8e0e-005056b6c1cd#f72cc21a-e140-11ee-8e0e-005056b6c1cd,—,D/TOY/wo/black,1,1946,1,0,0,1424,https://lubanikishina.com/catalog/platya/plate_toy_1/,,—,7d608618-0924-11ef-8e0e-005056b6c1cd#f72cc218-e140-11ee-8e0e-005056b6c1cd; 7d608618-0924-11ef-8e0e-005056b6c1cd#f72cc21a-e140-11ee-8e0e-005056b6c1cd
24000,https://lubanikishina.com/upload/iblock/9cf/6oatqgv25w01ht1luvvyvpq7584awa1k.jpg,Платье TOY,D/TOY/quilted/emerald,1,Интернет магазин,Платья,6,Платье TOY (42),b8551ef1-0482-11ef-8e0e-005056b6c1cd#f72cc218-e140-11ee-8e0e-005056b6c1cd,—,D/TOY/quilted/emerald,2,1426,1,0,0,1423,https://lubanikishina.com/catalog/platya/plate_toy/,,—,b8551ef1-0482-11ef-8e0e-005056b6c1cd#f72cc218-e140-11ee-8e0e-005056b6c1cd; b8551ef1-0482-11ef-8e0e-005056b6c1cd#f72cc219-e140-11ee-8e0e-005056b6c1cd; b8551ef1-0482-11ef-8e0e-005056b6c1cd#f72cc21a-e140-11ee-8e0e-005056b6c1cd
24000,https://lubanikishina.com/upload/iblock/9cf/6oatqgv25w01ht1luvvyvpq7584awa1k.jpg,Платье TOY,D/TOY/quilted/emerald,1,Интернет магазин,Платья,6,Платье TOY (44),b8551ef1-0482-11ef-8e0e-005056b6c1cd#f72cc219-e140-11ee-8e0e-005056b6c1cd,—,D/TOY/quilted/emerald,2,1427,1,0,0,1423,https://lubanikishina.com/catalog/platya/plate_toy/,,—,b8551ef1-0482-11ef-8e0e-005056b6c1cd#f72cc218-e140-11ee-8e0e-005056b6c1cd; b8551ef1-0482-11ef-8e0e-005056b6c1cd#f72cc219-e140-11ee-8e0e-005056b6c1cd; b8551ef1-0482-11ef-8e0e-005056b6c1cd#f72cc21a-e140-11ee-8e0e-005056b6c1cd
24000,https://lubanikishina.com/upload/iblock/9cf/6oatqgv25w01ht1luvvyvpq7584awa1k.jpg,Платье TOY,D/TOY/quilted/emerald,1,Интернет магазин,Платья,6,Платье TOY (46),b8551ef1-0482-11ef-8e0e-005056b6c1cd#f72cc21a-e140-11ee-8e0e-005056b6c1cd,—,D/TOY/quilted/emerald,2,1428,1,0,0,1423,https://lubanikishina.com/catalog/platya/plate_toy/,,—,b8551ef1-0482-11ef-8e0e-005056b6c1cd#f72cc218-e140-11ee-8e0e-005056b6c1cd; b8551ef1-0482-11ef-8e0e-005056b6c1cd#f72cc219-e140-11ee-8e0e-005056b6c1cd; b8551ef1-0482-11ef-8e0e-005056b6c1cd#f72cc21a-e140-11ee-8e0e-005056b6c1cd
24000,,Платье TOY,,1,Трехпрудный,,6,Платье TOY,,—,,6,,1,0,,,,,—,
16500,https://lubanikishina.com/upload/iblock/871/ls4jqo7b0hyg0wpj8k070n0sl36dn0l1.jpg,Платье Энни (ANNIE),D/ANNIE/black,1,Интернет магазин,Платья,13,Платье Энни (ANNIE)  (One Size),b3cb47e5-0a26-11f0-8e4b-005056b6c1cd#f72cc21b-e140-11ee-8e0e-005056b6c1cd,—,D/ANNIE/black,13,2412,1,0,0,2394,https://lubanikishina.com/catalog/platya/plate_enni_annie_/,,—,b3cb47e5-0a26-11f0-8e4b-005056b6c1cd#f72cc21b-e140-11ee-8e0e-005056b6c1cd
159000,https://lubanikishina.com/upload/iblock/c73/pqimk76cndewlq5mb28x9xrbrnowl3a7.jpg,Плащ Ноел (NOEL),TRCT/NOEL/black,1,Интернет магазин,Тренчи,4,Плащ Ноел (NOEL)  (40),2926f78c-197d-11f1-a140-005056b6f117#f72cc217-e140-11ee-8e0e-005056b6c1cd,—,TRCT/NOEL/black,1,3220,1,0,0,3218,https://lubanikishina.com/catalog/trenchi/plashch_noel_noel_/,,—,2926f78c-197d-11f1-a140-005056b6f117#f72cc217-e140-11ee-8e0e-005056b6c1cd; 2926f78c-197d-11f1-a140-005056b6f117#f72cc218-e140-11ee-8e0e-005056b6c1cd; 2926f78c-197d-11f1-a140-005056b6f117#f72cc219-e140-11ee-8e0e-005056b6c1cd
159000,https://lubanikishina.com/upload/iblock/c73/pqimk76cndewlq5mb28x9xrbrnowl3a7.jpg,Плащ Ноел (NOEL),TRCT/NOEL/black,1,Интернет магазин,Тренчи,4,Плащ Ноел (NOEL)  (42),2926f78c-197d-11f1-a140-005056b6f117#f72cc218-e140-11ee-8e0e-005056b6c1cd,—,TRCT/NOEL/black,3,3222,1,0,0,3218,https://lubanikishina.com/catalog/trenchi/plashch_noel_noel_/,,—,2926f78c-197d-11f1-a140-005056b6f117#f72cc217-e140-11ee-8e0e-005056b6c1cd; 2926f78c-197d-11f1-a140-005056b6f117#f72cc218-e140-11ee-8e0e-005056b6c1cd; 2926f78c-197d-11f1-a140-005056b6f117#f72cc219-e140-11ee-8e0e-005056b6c1cd
159000,https://lubanikishina.com/upload/iblock/c73/pqimk76cndewlq5mb28x9xrbrnowl3a7.jpg,Плащ Ноел (NOEL),TRCT/NOEL/black,1,Интернет магазин,Тренчи,4,Плащ Ноел (NOEL)  (44),2926f78c-197d-11f1-a140-005056b6f117#f72cc219-e140-11ee-8e0e-005056b6c1cd,—,TRCT/NOEL/black,0,3224,1,0,0,3218,https://lubanikishina.com/catalog/trenchi/plashch_noel_noel_/,,—,2926f78c-197d-11f1-a140-005056b6f117#f72cc217-e140-11ee-8e0e-005056b6c1cd; 2926f78c-197d-11f1-a140-005056b6f117#f72cc218-e140-11ee-8e0e-005056b6c1cd; 2926f78c-197d-11f1-a140-005056b6f117#f72cc219-e140-11ee-8e0e-005056b6c1cd
35500,https://lubanikishina.com/upload/iblock/d6e/i46nfftboznw9uh0fj93xw1rzmdky11m.jpg,Плащ Пейпер (PAPER),TRCT/PAPER/milk,1,Интернет магазин,Тренчи,1,Плащ Пейпер (PAPER)  (42),b3cb47dc-0a26-11f0-8e4b-005056b6c1cd#f72cc218-e140-11ee-8e0e-005056b6c1cd,—,TRCT/PAPER/milk,1,2402,1,0,0,2401,https://lubanikishina.com/catalog/trenchi/plashch_peyper_paper_/,,—,b3cb47dc-0a26-11f0-8e4b-005056b6c1cd#f72cc218-e140-11ee-8e0e-005056b6c1cd
35500,https://lubanikishina.com/upload/iblock/e27/w42a1lkxxant2sqssz1c7poomrzr39op.png,Плащ Понд (POND) чёрный,TRCT/POND/black,1,Интернет магазин,Тренчи,4,Плащ Понд (POND) чёрный (40),aad7a35e-fe30-11ee-8e0e-005056b6c1cd#f72cc217-e140-11ee-8e0e-005056b6c1cd,—,TRCT/POND/black,1,1904,1,0,0,1864,https://lubanikishina.com/catalog/trenchi/plashch_pond_pond_chyernyy/,,—,aad7a35e-fe30-11ee-8e0e-005056b6c1cd#f72cc217-e140-11ee-8e0e-005056b6c1cd; aad7a35e-fe30-11ee-8e0e-005056b6c1cd#f72cc218-e140-11ee-8e0e-005056b6c1cd; aad7a35e-fe30-11ee-8e0e-005056b6c1cd#f72cc219-e140-11ee-8e0e-005056b6c1cd
35500,https://lubanikishina.com/upload/iblock/e27/w42a1lkxxant2sqssz1c7poomrzr39op.png,Плащ Понд (POND) чёрный,TRCT/POND/black,1,Интернет магазин,Тренчи,4,Плащ Понд (POND) чёрный (42),aad7a35e-fe30-11ee-8e0e-005056b6c1cd#f72cc218-e140-11ee-8e0e-005056b6c1cd,—,TRCT/POND/black,3,1905,1,0,0,1864,https://lubanikishina.com/catalog/trenchi/plashch_pond_pond_chyernyy/,,—,aad7a35e-fe30-11ee-8e0e-005056b6c1cd#f72cc217-e140-11ee-8e0e-005056b6c1cd; aad7a35e-fe30-11ee-8e0e-005056b6c1cd#f72cc218-e140-11ee-8e0e-005056b6c1cd; aad7a35e-fe30-11ee-8e0e-005056b6c1cd#f72cc219-e140-11ee-8e0e-005056b6c1cd
35500,https://lubanikishina.com/upload/iblock/e27/w42a1lkxxant2sqssz1c7poomrzr39op.png,Плащ Понд (POND) чёрный,TRCT/POND/black,1,Интернет магазин,Тренчи,4,Плащ Понд (POND) чёрный (44),aad7a35e-fe30-11ee-8e0e-005056b6c1cd#f72cc219-e140-11ee-8e0e-005056b6c1cd,—,TRCT/POND/black,0,1906,1,0,0,1864,https://lubanikishina.com/catalog/trenchi/plashch_pond_pond_chyernyy/,,—,aad7a35e-fe30-11ee-8e0e-005056b6c1cd#f72cc217-e140-11ee-8e0e-005056b6c1cd; aad7a35e-fe30-11ee-8e0e-005056b6c1cd#f72cc218-e140-11ee-8e0e-005056b6c1cd; aad7a35e-fe30-11ee-8e0e-005056b6c1cd#f72cc219-e140-11ee-8e0e-005056b6c1cd
35000,https://lubanikishina.com/upload/iblock/21b/mwxvjxhvkbqc6vc3koqc708g5wvvo83d.JPG,Плащ Сандей (SUNDAY) горчичный,TRCT/SUNDAY/mustard,1,Интернет магазин,Тренчи,2,Плащ Сандей (SUNDAY) горчичный (40),aad7a365-fe30-11ee-8e0e-005056b6c1cd#f72cc217-e140-11ee-8e0e-005056b6c1cd,—,TRCT/SUNDAY/mustard,0,2714,1,0,0,2713,https://lubanikishina.com/catalog/trenchi/plashch_sandey_sunday_gorchichnyy/,,—,aad7a365-fe30-11ee-8e0e-005056b6c1cd#f72cc217-e140-11ee-8e0e-005056b6c1cd; aad7a365-fe30-11ee-8e0e-005056b6c1cd#f72cc218-e140-11ee-8e0e-005056b6c1cd; aad7a365-fe30-11ee-8e0e-005056b6c1cd#f72cc219-e140-11ee-8e0e-005056b6c1cd
35000,https://lubanikishina.com/upload/iblock/21b/mwxvjxhvkbqc6vc3koqc708g5wvvo83d.JPG,Плащ Сандей (SUNDAY) горчичный,TRCT/SUNDAY/mustard,1,Интернет магазин,Тренчи,2,Плащ Сандей (SUNDAY) горчичный (42),aad7a365-fe30-11ee-8e0e-005056b6c1cd#f72cc218-e140-11ee-8e0e-005056b6c1cd,—,TRCT/SUNDAY/mustard,0,2715,1,0,0,2713,https://lubanikishina.com/catalog/trenchi/plashch_sandey_sunday_gorchichnyy/,,—,aad7a365-fe30-11ee-8e0e-005056b6c1cd#f72cc217-e140-11ee-8e0e-005056b6c1cd; aad7a365-fe30-11ee-8e0e-005056b6c1cd#f72cc218-e140-11ee-8e0e-005056b6c1cd; aad7a365-fe30-11ee-8e0e-005056b6c1cd#f72cc219-e140-11ee-8e0e-005056b6c1cd
35000,https://lubanikishina.com/upload/iblock/21b/mwxvjxhvkbqc6vc3koqc708g5wvvo83d.JPG,Плащ Сандей (SUNDAY) горчичный,TRCT/SUNDAY/mustard,1,Интернет магазин,Тренчи,2,Плащ Сандей (SUNDAY) горчичный (44),aad7a365-fe30-11ee-8e0e-005056b6c1cd#f72cc219-e140-11ee-8e0e-005056b6c1cd,—,TRCT/SUNDAY/mustard,2,2716,1,0,0,2713,https://lubanikishina.com/catalog/trenchi/plashch_sandey_sunday_gorchichnyy/,,—,aad7a365-fe30-11ee-8e0e-005056b6c1cd#f72cc217-e140-11ee-8e0e-005056b6c1cd; aad7a365-fe30-11ee-8e0e-005056b6c1cd#f72cc218-e140-11ee-8e0e-005056b6c1cd; aad7a365-fe30-11ee-8e0e-005056b6c1cd#f72cc219-e140-11ee-8e0e-005056b6c1cd
47000,https://lubanikishina.com/upload/iblock/dde/9fnv7r8250i22pzspkv7e8fbqd4s6pp4.JPG,Плащ Фар (FAR) песочный,TRCT/FAR/seasand,1,Интернет магазин,Тренчи,1,Плащ Фар (FAR) песочный (40),a704a62d-7403-11ef-8e10-005056b6c1cd#f72cc217-e140-11ee-8e0e-005056b6c1cd,—,TRCT/FAR/seasand,0,2718,1,0,0,2717,https://lubanikishina.com/catalog/trenchi/plashch_far_far_pesochnyy/,,—,a704a62d-7403-11ef-8e10-005056b6c1cd#f72cc217-e140-11ee-8e0e-005056b6c1cd; a704a62d-7403-11ef-8e10-005056b6c1cd#f72cc218-e140-11ee-8e0e-005056b6c1cd; a704a62d-7403-11ef-8e10-005056b6c1cd#f72cc219-e140-11ee-8e0e-005056b6c1cd; a704a62d-7403-11ef-8e10-005056b6c1cd#f72cc21a-e140-11ee-8e0e-005056b6c1cd
47000,https://lubanikishina.com/upload/iblock/dde/9fnv7r8250i22pzspkv7e8fbqd4s6pp4.JPG,Плащ Фар (FAR) песочный,TRCT/FAR/seasand,1,Интернет магазин,Тренчи,1,Плащ Фар (FAR) песочный (42),a704a62d-7403-11ef-8e10-005056b6c1cd#f72cc218-e140-11ee-8e0e-005056b6c1cd,—,TRCT/FAR/seasand,0,2719,1,0,0,2717,https://lubanikishina.com/catalog/trenchi/plashch_far_far_pesochnyy/,,—,a704a62d-7403-11ef-8e10-005056b6c1cd#f72cc217-e140-11ee-8e0e-005056b6c1cd; a704a62d-7403-11ef-8e10-005056b6c1cd#f72cc218-e140-11ee-8e0e-005056b6c1cd; a704a62d-7403-11ef-8e10-005056b6c1cd#f72cc219-e140-11ee-8e0e-005056b6c1cd; a704a62d-7403-11ef-8e10-005056b6c1cd#f72cc21a-e140-11ee-8e0e-005056b6c1cd
47000,https://lubanikishina.com/upload/iblock/dde/9fnv7r8250i22pzspkv7e8fbqd4s6pp4.JPG,Плащ Фар (FAR) песочный,TRCT/FAR/seasand,1,Интернет магазин,Тренчи,1,Плащ Фар (FAR) песочный (44),a704a62d-7403-11ef-8e10-005056b6c1cd#f72cc219-e140-11ee-8e0e-005056b6c1cd,—,TRCT/FAR/seasand,1,2720,1,0,0,2717,https://lubanikishina.com/catalog/trenchi/plashch_far_far_pesochnyy/,,—,a704a62d-7403-11ef-8e10-005056b6c1cd#f72cc217-e140-11ee-8e0e-005056b6c1cd; a704a62d-7403-11ef-8e10-005056b6c1cd#f72cc218-e140-11ee-8e0e-005056b6c1cd; a704a62d-7403-11ef-8e10-005056b6c1cd#f72cc219-e140-11ee-8e0e-005056b6c1cd; a704a62d-7403-11ef-8e10-005056b6c1cd#f72cc21a-e140-11ee-8e0e-005056b6c1cd
47000,https://lubanikishina.com/upload/iblock/dde/9fnv7r8250i22pzspkv7e8fbqd4s6pp4.JPG,Плащ Фар (FAR) песочный,TRCT/FAR/seasand,1,Интернет магазин,Тренчи,1,Плащ Фар (FAR) песочный (46),a704a62d-7403-11ef-8e10-005056b6c1cd#f72cc21a-e140-11ee-8e0e-005056b6c1cd,—,TRCT/FAR/seasand,0,2721,1,0,0,2717,https://lubanikishina.com/catalog/trenchi/plashch_far_far_pesochnyy/,,—,a704a62d-7403-11ef-8e10-005056b6c1cd#f72cc217-e140-11ee-8e0e-005056b6c1cd; a704a62d-7403-11ef-8e10-005056b6c1cd#f72cc218-e140-11ee-8e0e-005056b6c1cd; a704a62d-7403-11ef-8e10-005056b6c1cd#f72cc219-e140-11ee-8e0e-005056b6c1cd; a704a62d-7403-11ef-8e10-005056b6c1cd#f72cc21a-e140-11ee-8e0e-005056b6c1cd
47000,https://lubanikishina.com/upload/iblock/99a/62lcdjvgm9yo1430ck6oi11lm02zrkvu.jpg,Плащ Фар (FAR) чёрный,TRCT/FAR/black,1,Интернет магазин,Тренчи,1,Плащ Фар (FAR) чёрный (40),05f24686-fca5-11ee-8e0e-005056b6c1cd#f72cc217-e140-11ee-8e0e-005056b6c1cd,—,TRCT/FAR/black,0,1902,1,0,0,1861,https://lubanikishina.com/catalog/trenchi/plashch_far_far_chyernyy/,,—,05f24686-fca5-11ee-8e0e-005056b6c1cd#f72cc217-e140-11ee-8e0e-005056b6c1cd; 05f24686-fca5-11ee-8e0e-005056b6c1cd#f72cc218-e140-11ee-8e0e-005056b6c1cd
47000,https://lubanikishina.com/upload/iblock/99a/62lcdjvgm9yo1430ck6oi11lm02zrkvu.jpg,Плащ Фар (FAR) чёрный,TRCT/FAR/black,1,Интернет магазин,Тренчи,1,Плащ Фар (FAR) чёрный (42),05f24686-fca5-11ee-8e0e-005056b6c1cd#f72cc218-e140-11ee-8e0e-005056b6c1cd,—,TRCT/FAR/black,1,1903,1,0,0,1861,https://lubanikishina.com/catalog/trenchi/plashch_far_far_chyernyy/,,—,05f24686-fca5-11ee-8e0e-005056b6c1cd#f72cc217-e140-11ee-8e0e-005056b6c1cd; 05f24686-fca5-11ee-8e0e-005056b6c1cd#f72cc218-e140-11ee-8e0e-005056b6c1cd
16500,https://lubanikishina.com/upload/iblock/9ee/cezl6cnh5eapt9qniag2ve5vo30m5pb4.jpg,Рубашка OCEAN,SH/OCEAN/white,1,Интернет магазин,Рубашки и блузки,2,Рубашка OCEAN (40),fecff032-24a3-11ef-8e0e-005056b6c1cd#f72cc217-e140-11ee-8e0e-005056b6c1cd,—,SH/OCEAN/white,0,1586,1,0,0,1571,https://lubanikishina.com/catalog/rubashki_i_bluzki/rubashka_ocean_1/,,—,fecff032-24a3-11ef-8e0e-005056b6c1cd#f72cc217-e140-11ee-8e0e-005056b6c1cd; fecff032-24a3-11ef-8e0e-005056b6c1cd#f72cc218-e140-11ee-8e0e-005056b6c1cd; fecff032-24a3-11ef-8e0e-005056b6c1cd#f72cc219-e140-11ee-8e0e-005056b6c1cd
16500,https://lubanikishina.com/upload/iblock/9ee/cezl6cnh5eapt9qniag2ve5vo30m5pb4.jpg,Рубашка OCEAN,SH/OCEAN/white,1,Интернет магазин,Рубашки и блузки,2,Рубашка OCEAN (42),fecff032-24a3-11ef-8e0e-005056b6c1cd#f72cc218-e140-11ee-8e0e-005056b6c1cd,—,SH/OCEAN/white,2,1587,1,0,0,1571,https://lubanikishina.com/catalog/rubashki_i_bluzki/rubashka_ocean_1/,,—,fecff032-24a3-11ef-8e0e-005056b6c1cd#f72cc217-e140-11ee-8e0e-005056b6c1cd; fecff032-24a3-11ef-8e0e-005056b6c1cd#f72cc218-e140-11ee-8e0e-005056b6c1cd; fecff032-24a3-11ef-8e0e-005056b6c1cd#f72cc219-e140-11ee-8e0e-005056b6c1cd
16500,https://lubanikishina.com/upload/iblock/9ee/cezl6cnh5eapt9qniag2ve5vo30m5pb4.jpg,Рубашка OCEAN,SH/OCEAN/white,1,Интернет магазин,Рубашки и блузки,2,Рубашка OCEAN (44),fecff032-24a3-11ef-8e0e-005056b6c1cd#f72cc219-e140-11ee-8e0e-005056b6c1cd,—,SH/OCEAN/white,0,1588,1,0,0,1571,https://lubanikishina.com/catalog/rubashki_i_bluzki/rubashka_ocean_1/,,—,fecff032-24a3-11ef-8e0e-005056b6c1cd#f72cc217-e140-11ee-8e0e-005056b6c1cd; fecff032-24a3-11ef-8e0e-005056b6c1cd#f72cc218-e140-11ee-8e0e-005056b6c1cd; fecff032-24a3-11ef-8e0e-005056b6c1cd#f72cc219-e140-11ee-8e0e-005056b6c1cd
16500,https://lubanikishina.com/upload/iblock/748/99unzmr2orlmx3ka7i0o9sesddzwoudy.jpg,Рубашка OCEAN,SH/OCEAN/moss,1,Интернет магазин,Рубашки и блузки,1,Рубашка OCEAN (40),cbb59be4-1758-11ef-8e0e-005056b6c1cd#f72cc217-e140-11ee-8e0e-005056b6c1cd,—,SH/OCEAN/moss,0,1578,1,0,0,1567,https://lubanikishina.com/catalog/rubashki_i_bluzki/rubashka_ocean/,,—,cbb59be4-1758-11ef-8e0e-005056b6c1cd#f72cc217-e140-11ee-8e0e-005056b6c1cd; cbb59be4-1758-11ef-8e0e-005056b6c1cd#f72cc218-e140-11ee-8e0e-005056b6c1cd; cbb59be4-1758-11ef-8e0e-005056b6c1cd#f72cc219-e140-11ee-8e0e-005056b6c1cd; cbb59be4-1758-11ef-8e0e-005056b6c1cd#f72cc21a-e140-11ee-8e0e-005056b6c1cd
16500,https://lubanikishina.com/upload/iblock/748/99unzmr2orlmx3ka7i0o9sesddzwoudy.jpg,Рубашка OCEAN,SH/OCEAN/moss,1,Интернет магазин,Рубашки и блузки,1,Рубашка OCEAN (42),cbb59be4-1758-11ef-8e0e-005056b6c1cd#f72cc218-e140-11ee-8e0e-005056b6c1cd,—,SH/OCEAN/moss,0,1579,1,0,0,1567,https://lubanikishina.com/catalog/rubashki_i_bluzki/rubashka_ocean/,,—,cbb59be4-1758-11ef-8e0e-005056b6c1cd#f72cc217-e140-11ee-8e0e-005056b6c1cd; cbb59be4-1758-11ef-8e0e-005056b6c1cd#f72cc218-e140-11ee-8e0e-005056b6c1cd; cbb59be4-1758-11ef-8e0e-005056b6c1cd#f72cc219-e140-11ee-8e0e-005056b6c1cd; cbb59be4-1758-11ef-8e0e-005056b6c1cd#f72cc21a-e140-11ee-8e0e-005056b6c1cd
16500,https://lubanikishina.com/upload/iblock/748/99unzmr2orlmx3ka7i0o9sesddzwoudy.jpg,Рубашка OCEAN,SH/OCEAN/moss,1,Интернет магазин,Рубашки и блузки,1,Рубашка OCEAN (44),cbb59be4-1758-11ef-8e0e-005056b6c1cd#f72cc219-e140-11ee-8e0e-005056b6c1cd,—,SH/OCEAN/moss,0,1580,1,0,0,1567,https://lubanikishina.com/catalog/rubashki_i_bluzki/rubashka_ocean/,,—,cbb59be4-1758-11ef-8e0e-005056b6c1cd#f72cc217-e140-11ee-8e0e-005056b6c1cd; cbb59be4-1758-11ef-8e0e-005056b6c1cd#f72cc218-e140-11ee-8e0e-005056b6c1cd; cbb59be4-1758-11ef-8e0e-005056b6c1cd#f72cc219-e140-11ee-8e0e-005056b6c1cd; cbb59be4-1758-11ef-8e0e-005056b6c1cd#f72cc21a-e140-11ee-8e0e-005056b6c1cd
16500,https://lubanikishina.com/upload/iblock/748/99unzmr2orlmx3ka7i0o9sesddzwoudy.jpg,Рубашка OCEAN,SH/OCEAN/moss,1,Интернет магазин,Рубашки и блузки,1,Рубашка OCEAN (46),cbb59be4-1758-11ef-8e0e-005056b6c1cd#f72cc21a-e140-11ee-8e0e-005056b6c1cd,—,SH/OCEAN/moss,1,1581,1,0,0,1567,https://lubanikishina.com/catalog/rubashki_i_bluzki/rubashka_ocean/,,—,cbb59be4-1758-11ef-8e0e-005056b6c1cd#f72cc217-e140-11ee-8e0e-005056b6c1cd; cbb59be4-1758-11ef-8e0e-005056b6c1cd#f72cc218-e140-11ee-8e0e-005056b6c1cd; cbb59be4-1758-11ef-8e0e-005056b6c1cd#f72cc219-e140-11ee-8e0e-005056b6c1cd; cbb59be4-1758-11ef-8e0e-005056b6c1cd#f72cc21a-e140-11ee-8e0e-005056b6c1cd
,,Рубашка River,,1,Трехпрудный,,4,Рубашка River,,—,,4,,1,0,,,,,—,
18000,https://lubanikishina.com/upload/iblock/4fa/bzcj3i7z2zyinuv171cqvs2odbh92vv2.jpg,Рубашка RIVER,SH/RIVER/white/strip,1,Интернет магазин,Рубашки и блузки,5,Рубашка RIVER (40),26a993e9-e397-11ef-8e2c-005056b6c1cd#f72cc217-e140-11ee-8e0e-005056b6c1cd,—,SH/RIVER/white/strip,2,2315,1,0,0,2310,https://lubanikishina.com/catalog/rubashki_i_bluzki/rubashka_river_1/,,—,26a993e9-e397-11ef-8e2c-005056b6c1cd#f72cc217-e140-11ee-8e0e-005056b6c1cd; 26a993e9-e397-11ef-8e2c-005056b6c1cd#f72cc218-e140-11ee-8e0e-005056b6c1cd; 26a993e9-e397-11ef-8e2c-005056b6c1cd#f72cc219-e140-11ee-8e0e-005056b6c1cd; 26a993e9-e397-11ef-8e2c-005056b6c1cd#f72cc21a-e140-11ee-8e0e-005056b6c1cd
18000,https://lubanikishina.com/upload/iblock/4fa/bzcj3i7z2zyinuv171cqvs2odbh92vv2.jpg,Рубашка RIVER,SH/RIVER/white/strip,1,Интернет магазин,Рубашки и блузки,5,Рубашка RIVER (42),26a993e9-e397-11ef-8e2c-005056b6c1cd#f72cc218-e140-11ee-8e0e-005056b6c1cd,—,SH/RIVER/white/strip,1,2316,1,0,0,2310,https://lubanikishina.com/catalog/rubashki_i_bluzki/rubashka_river_1/,,—,26a993e9-e397-11ef-8e2c-005056b6c1cd#f72cc217-e140-11ee-8e0e-005056b6c1cd; 26a993e9-e397-11ef-8e2c-005056b6c1cd#f72cc218-e140-11ee-8e0e-005056b6c1cd; 26a993e9-e397-11ef-8e2c-005056b6c1cd#f72cc219-e140-11ee-8e0e-005056b6c1cd; 26a993e9-e397-11ef-8e2c-005056b6c1cd#f72cc21a-e140-11ee-8e0e-005056b6c1cd
18000,https://lubanikishina.com/upload/iblock/4fa/bzcj3i7z2zyinuv171cqvs2odbh92vv2.jpg,Рубашка RIVER,SH/RIVER/white/strip,1,Интернет магазин,Рубашки и блузки,5,Рубашка RIVER (44),26a993e9-e397-11ef-8e2c-005056b6c1cd#f72cc219-e140-11ee-8e0e-005056b6c1cd,—,SH/RIVER/white/strip,1,2317,1,0,0,2310,https://lubanikishina.com/catalog/rubashki_i_bluzki/rubashka_river_1/,,—,26a993e9-e397-11ef-8e2c-005056b6c1cd#f72cc217-e140-11ee-8e0e-005056b6c1cd; 26a993e9-e397-11ef-8e2c-005056b6c1cd#f72cc218-e140-11ee-8e0e-005056b6c1cd; 26a993e9-e397-11ef-8e2c-005056b6c1cd#f72cc219-e140-11ee-8e0e-005056b6c1cd; 26a993e9-e397-11ef-8e2c-005056b6c1cd#f72cc21a-e140-11ee-8e0e-005056b6c1cd
18000,https://lubanikishina.com/upload/iblock/4fa/bzcj3i7z2zyinuv171cqvs2odbh92vv2.jpg,Рубашка RIVER,SH/RIVER/white/strip,1,Интернет магазин,Рубашки и блузки,5,Рубашка RIVER (46),26a993e9-e397-11ef-8e2c-005056b6c1cd#f72cc21a-e140-11ee-8e0e-005056b6c1cd,—,SH/RIVER/white/strip,1,2318,1,0,0,2310,https://lubanikishina.com/catalog/rubashki_i_bluzki/rubashka_river_1/,,—,26a993e9-e397-11ef-8e2c-005056b6c1cd#f72cc217-e140-11ee-8e0e-005056b6c1cd; 26a993e9-e397-11ef-8e2c-005056b6c1cd#f72cc218-e140-11ee-8e0e-005056b6c1cd; 26a993e9-e397-11ef-8e2c-005056b6c1cd#f72cc219-e140-11ee-8e0e-005056b6c1cd; 26a993e9-e397-11ef-8e2c-005056b6c1cd#f72cc21a-e140-11ee-8e0e-005056b6c1cd
23000,,Рубашка River (40),,1,Трехпрудный,,4,Рубашка River (40),,—,,4,,1,0,,,,,—,
22000,https://lubanikishina.com/upload/iblock/8ec/wgh8zs9ll99oej80utiwpqhmc0yxmrgz.png,Рубашка SEA,SH/SEA/blue,1,Интернет магазин,Рубашки и блузки,10,Рубашка SEA (44),26a993e7-e397-11ef-8e2c-005056b6c1cd#f72cc219-e140-11ee-8e0e-005056b6c1cd,—,SH/SEA/blue,3,2266,1,0,0,2262,https://lubanikishina.com/catalog/rubashki_i_bluzki/rubashka_sea/,,—,26a993e7-e397-11ef-8e2c-005056b6c1cd#f72cc219-e140-11ee-8e0e-005056b6c1cd; 26a993e7-e397-11ef-8e2c-005056b6c1cd#f72cc218-e140-11ee-8e0e-005056b6c1cd; 26a993e7-e397-11ef-8e2c-005056b6c1cd#f72cc217-e140-11ee-8e0e-005056b6c1cd; 26a993e7-e397-11ef-8e2c-005056b6c1cd#f72cc21a-e140-11ee-8e0e-005056b6c1cd
22000,https://lubanikishina.com/upload/iblock/8ec/wgh8zs9ll99oej80utiwpqhmc0yxmrgz.png,Рубашка SEA,SH/SEA/blue,1,Интернет магазин,Рубашки и блузки,10,Рубашка SEA (42),26a993e7-e397-11ef-8e2c-005056b6c1cd#f72cc218-e140-11ee-8e0e-005056b6c1cd,—,SH/SEA/blue,7,2265,1,0,0,2262,https://lubanikishina.com/catalog/rubashki_i_bluzki/rubashka_sea/,,—,26a993e7-e397-11ef-8e2c-005056b6c1cd#f72cc219-e140-11ee-8e0e-005056b6c1cd; 26a993e7-e397-11ef-8e2c-005056b6c1cd#f72cc218-e140-11ee-8e0e-005056b6c1cd; 26a993e7-e397-11ef-8e2c-005056b6c1cd#f72cc217-e140-11ee-8e0e-005056b6c1cd; 26a993e7-e397-11ef-8e2c-005056b6c1cd#f72cc21a-e140-11ee-8e0e-005056b6c1cd
22000,https://lubanikishina.com/upload/iblock/8ec/wgh8zs9ll99oej80utiwpqhmc0yxmrgz.png,Рубашка SEA,SH/SEA/blue,1,Интернет магазин,Рубашки и блузки,10,Рубашка SEA (40),26a993e7-e397-11ef-8e2c-005056b6c1cd#f72cc217-e140-11ee-8e0e-005056b6c1cd,—,SH/SEA/blue,0,2264,1,0,0,2262,https://lubanikishina.com/catalog/rubashki_i_bluzki/rubashka_sea/,,—,26a993e7-e397-11ef-8e2c-005056b6c1cd#f72cc219-e140-11ee-8e0e-005056b6c1cd; 26a993e7-e397-11ef-8e2c-005056b6c1cd#f72cc218-e140-11ee-8e0e-005056b6c1cd; 26a993e7-e397-11ef-8e2c-005056b6c1cd#f72cc217-e140-11ee-8e0e-005056b6c1cd; 26a993e7-e397-11ef-8e2c-005056b6c1cd#f72cc21a-e140-11ee-8e0e-005056b6c1cd
22000,https://lubanikishina.com/upload/iblock/8ec/wgh8zs9ll99oej80utiwpqhmc0yxmrgz.png,Рубашка SEA,SH/SEA/blue,1,Интернет магазин,Рубашки и блузки,10,Рубашка SEA (46),26a993e7-e397-11ef-8e2c-005056b6c1cd#f72cc21a-e140-11ee-8e0e-005056b6c1cd,—,SH/SEA/blue,0,2267,1,0,0,2262,https://lubanikishina.com/catalog/rubashki_i_bluzki/rubashka_sea/,,—,26a993e7-e397-11ef-8e2c-005056b6c1cd#f72cc219-e140-11ee-8e0e-005056b6c1cd; 26a993e7-e397-11ef-8e2c-005056b6c1cd#f72cc218-e140-11ee-8e0e-005056b6c1cd; 26a993e7-e397-11ef-8e2c-005056b6c1cd#f72cc217-e140-11ee-8e0e-005056b6c1cd; 26a993e7-e397-11ef-8e2c-005056b6c1cd#f72cc21a-e140-11ee-8e0e-005056b6c1cd
17000,https://lubanikishina.com/upload/iblock/a5a/3kknn6wb4oyj4ths1eq4l0jkck4n42cx.jpg,Рубашка TILDA,SH/TILDA/biege,1,Интернет магазин,Рубашки и блузки,3,Рубашка TILDA (42),4644e1ec-6b60-11ef-8e10-005056b6c1cd#f72cc218-e140-11ee-8e0e-005056b6c1cd,—,SH/TILDA/biege,1,2107,1,0,0,2105,https://lubanikishina.com/catalog/rubashki_i_bluzki/rubashka_tilda_5/,,—,4644e1ec-6b60-11ef-8e10-005056b6c1cd#f72cc218-e140-11ee-8e0e-005056b6c1cd; 4644e1ec-6b60-11ef-8e10-005056b6c1cd#f72cc217-e140-11ee-8e0e-005056b6c1cd; 4644e1ec-6b60-11ef-8e10-005056b6c1cd#f72cc219-e140-11ee-8e0e-005056b6c1cd; 4644e1ec-6b60-11ef-8e10-005056b6c1cd#f72cc21a-e140-11ee-8e0e-005056b6c1cd
17000,https://lubanikishina.com/upload/iblock/a5a/3kknn6wb4oyj4ths1eq4l0jkck4n42cx.jpg,Рубашка TILDA,SH/TILDA/biege,1,Интернет магазин,Рубашки и блузки,3,Рубашка TILDA (40),4644e1ec-6b60-11ef-8e10-005056b6c1cd#f72cc217-e140-11ee-8e0e-005056b6c1cd,—,SH/TILDA/biege,1,2106,1,0,0,2105,https://lubanikishina.com/catalog/rubashki_i_bluzki/rubashka_tilda_5/,,—,4644e1ec-6b60-11ef-8e10-005056b6c1cd#f72cc218-e140-11ee-8e0e-005056b6c1cd; 4644e1ec-6b60-11ef-8e10-005056b6c1cd#f72cc217-e140-11ee-8e0e-005056b6c1cd; 4644e1ec-6b60-11ef-8e10-005056b6c1cd#f72cc219-e140-11ee-8e0e-005056b6c1cd; 4644e1ec-6b60-11ef-8e10-005056b6c1cd#f72cc21a-e140-11ee-8e0e-005056b6c1cd
17000,https://lubanikishina.com/upload/iblock/a5a/3kknn6wb4oyj4ths1eq4l0jkck4n42cx.jpg,Рубашка TILDA,SH/TILDA/biege,1,Интернет магазин,Рубашки и блузки,3,Рубашка TILDA (44),4644e1ec-6b60-11ef-8e10-005056b6c1cd#f72cc219-e140-11ee-8e0e-005056b6c1cd,—,SH/TILDA/biege,0,2108,1,0,0,2105,https://lubanikishina.com/catalog/rubashki_i_bluzki/rubashka_tilda_5/,,—,4644e1ec-6b60-11ef-8e10-005056b6c1cd#f72cc218-e140-11ee-8e0e-005056b6c1cd; 4644e1ec-6b60-11ef-8e10-005056b6c1cd#f72cc217-e140-11ee-8e0e-005056b6c1cd; 4644e1ec-6b60-11ef-8e10-005056b6c1cd#f72cc219-e140-11ee-8e0e-005056b6c1cd; 4644e1ec-6b60-11ef-8e10-005056b6c1cd#f72cc21a-e140-11ee-8e0e-005056b6c1cd
17000,https://lubanikishina.com/upload/iblock/a5a/3kknn6wb4oyj4ths1eq4l0jkck4n42cx.jpg,Рубашка TILDA,SH/TILDA/biege,1,Интернет магазин,Рубашки и блузки,3,Рубашка TILDA (46),4644e1ec-6b60-11ef-8e10-005056b6c1cd#f72cc21a-e140-11ee-8e0e-005056b6c1cd,—,SH/TILDA/biege,1,2109,1,0,0,2105,https://lubanikishina.com/catalog/rubashki_i_bluzki/rubashka_tilda_5/,,—,4644e1ec-6b60-11ef-8e10-005056b6c1cd#f72cc218-e140-11ee-8e0e-005056b6c1cd; 4644e1ec-6b60-11ef-8e10-005056b6c1cd#f72cc217-e140-11ee-8e0e-005056b6c1cd; 4644e1ec-6b60-11ef-8e10-005056b6c1cd#f72cc219-e140-11ee-8e0e-005056b6c1cd; 4644e1ec-6b60-11ef-8e10-005056b6c1cd#f72cc21a-e140-11ee-8e0e-005056b6c1cd
17000,https://lubanikishina.com/upload/iblock/718/kjkezg8ltz4j4ys3uy0kk1kdak3sqee8.jpg,Рубашка TILDA,SH/TILDA/grey,1,Интернет магазин,Рубашки и блузки,0,Рубашка TILDA (44),2ac1b621-4d8f-11ef-8e10-005056b6c1cd#f72cc219-e140-11ee-8e0e-005056b6c1cd,—,SH/TILDA/grey,0,1962,1,0,0,1959,https://lubanikishina.com/catalog/rubashki_i_bluzki/rubashka_tilda_4/,,—,2ac1b621-4d8f-11ef-8e10-005056b6c1cd#f72cc219-e140-11ee-8e0e-005056b6c1cd; 2ac1b621-4d8f-11ef-8e10-005056b6c1cd#f72cc21a-e140-11ee-8e0e-005056b6c1cd; 2ac1b621-4d8f-11ef-8e10-005056b6c1cd#f72cc217-e140-11ee-8e0e-005056b6c1cd; 2ac1b621-4d8f-11ef-8e10-005056b6c1cd#f72cc218-e140-11ee-8e0e-005056b6c1cd
17000,https://lubanikishina.com/upload/iblock/718/kjkezg8ltz4j4ys3uy0kk1kdak3sqee8.jpg,Рубашка TILDA,SH/TILDA/grey,1,Интернет магазин,Рубашки и блузки,0,Рубашка TILDA (46),2ac1b621-4d8f-11ef-8e10-005056b6c1cd#f72cc21a-e140-11ee-8e0e-005056b6c1cd,—,SH/TILDA/grey,0,1963,1,0,0,1959,https://lubanikishina.com/catalog/rubashki_i_bluzki/rubashka_tilda_4/,,—,2ac1b621-4d8f-11ef-8e10-005056b6c1cd#f72cc219-e140-11ee-8e0e-005056b6c1cd; 2ac1b621-4d8f-11ef-8e10-005056b6c1cd#f72cc21a-e140-11ee-8e0e-005056b6c1cd; 2ac1b621-4d8f-11ef-8e10-005056b6c1cd#f72cc217-e140-11ee-8e0e-005056b6c1cd; 2ac1b621-4d8f-11ef-8e10-005056b6c1cd#f72cc218-e140-11ee-8e0e-005056b6c1cd
17000,https://lubanikishina.com/upload/iblock/718/kjkezg8ltz4j4ys3uy0kk1kdak3sqee8.jpg,Рубашка TILDA,SH/TILDA/grey,1,Интернет магазин,Рубашки и блузки,0,Рубашка TILDA (40),2ac1b621-4d8f-11ef-8e10-005056b6c1cd#f72cc217-e140-11ee-8e0e-005056b6c1cd,—,SH/TILDA/grey,0,1999,1,0,0,1959,https://lubanikishina.com/catalog/rubashki_i_bluzki/rubashka_tilda_4/,,—,2ac1b621-4d8f-11ef-8e10-005056b6c1cd#f72cc219-e140-11ee-8e0e-005056b6c1cd; 2ac1b621-4d8f-11ef-8e10-005056b6c1cd#f72cc21a-e140-11ee-8e0e-005056b6c1cd; 2ac1b621-4d8f-11ef-8e10-005056b6c1cd#f72cc217-e140-11ee-8e0e-005056b6c1cd; 2ac1b621-4d8f-11ef-8e10-005056b6c1cd#f72cc218-e140-11ee-8e0e-005056b6c1cd
17000,https://lubanikishina.com/upload/iblock/718/kjkezg8ltz4j4ys3uy0kk1kdak3sqee8.jpg,Рубашка TILDA,SH/TILDA/grey,1,Интернет магазин,Рубашки и блузки,0,Рубашка TILDA (42),2ac1b621-4d8f-11ef-8e10-005056b6c1cd#f72cc218-e140-11ee-8e0e-005056b6c1cd,—,SH/TILDA/grey,0,1961,1,0,0,1959,https://lubanikishina.com/catalog/rubashki_i_bluzki/rubashka_tilda_4/,,—,2ac1b621-4d8f-11ef-8e10-005056b6c1cd#f72cc219-e140-11ee-8e0e-005056b6c1cd; 2ac1b621-4d8f-11ef-8e10-005056b6c1cd#f72cc21a-e140-11ee-8e0e-005056b6c1cd; 2ac1b621-4d8f-11ef-8e10-005056b6c1cd#f72cc217-e140-11ee-8e0e-005056b6c1cd; 2ac1b621-4d8f-11ef-8e10-005056b6c1cd#f72cc218-e140-11ee-8e0e-005056b6c1cd
12000,https://lubanikishina.com/upload/iblock/f55/y0pl2yeumifg4gtroigfrbl5egru0l72.jpg,Рукавицы,MIT/np-kr/brown,1,Интернет магазин,Перчатки и варежки,2,Рукавицы (Onesize),dd564148-da88-11f0-a138-005056b6f117#f0998f7f-960e-11f0-a137-005056b6f117,—,MIT/np-kr/brown,2,3217,1,0,0,3215,https://lubanikishina.com/catalog/perchatki_i_varezhki/rukavitsy_1/,,—,dd564148-da88-11f0-a138-005056b6f117#f0998f7f-960e-11f0-a137-005056b6f117
12000,https://lubanikishina.com/upload/iblock/a80/ssozwxjy1a22vsqzn3f4avtmb5hyfvmc.jpg,Рукавицы,MIT/np-mr/leopard,1,Интернет магазин,Перчатки и варежки,1,Рукавицы (Onesize),75352b74-da88-11f0-a138-005056b6f117#f0998f7f-960e-11f0-a137-005056b6f117,—,MIT/np-mr/leopard,1,3216,1,0,0,3214,https://lubanikishina.com/catalog/perchatki_i_varezhki/rukavitsy/,,—,75352b74-da88-11f0-a138-005056b6f117#f0998f7f-960e-11f0-a137-005056b6f117
15500,https://lubanikishina.com/upload/iblock/771/2vh6eprh7irn5hmxzc2lyvx4lrr8tzyr.jpg,Свитшот BEVERLY,SW/BEVERLY/zip/orange,1,Интернет магазин,Толстовки,2,Свитшот BEVERLY (46),176d855f-0221-11ef-8e0e-005056b6c1cd#f72cc21a-e140-11ee-8e0e-005056b6c1cd,—,SW/BEVERLY/zip/orange,0,1698,1,0,0,1684,https://lubanikishina.com/catalog/tolstovki/svitshot_beverly/,,—,176d855f-0221-11ef-8e0e-005056b6c1cd#f72cc21a-e140-11ee-8e0e-005056b6c1cd; 176d855f-0221-11ef-8e0e-005056b6c1cd#f72cc218-e140-11ee-8e0e-005056b6c1cd; 176d855f-0221-11ef-8e0e-005056b6c1cd#f72cc219-e140-11ee-8e0e-005056b6c1cd
15500,https://lubanikishina.com/upload/iblock/771/2vh6eprh7irn5hmxzc2lyvx4lrr8tzyr.jpg,Свитшот BEVERLY,SW/BEVERLY/zip/orange,1,Интернет магазин,Толстовки,2,Свитшот BEVERLY (42),176d855f-0221-11ef-8e0e-005056b6c1cd#f72cc218-e140-11ee-8e0e-005056b6c1cd,—,SW/BEVERLY/zip/orange,0,1696,1,0,0,1684,https://lubanikishina.com/catalog/tolstovki/svitshot_beverly/,,—,176d855f-0221-11ef-8e0e-005056b6c1cd#f72cc21a-e140-11ee-8e0e-005056b6c1cd; 176d855f-0221-11ef-8e0e-005056b6c1cd#f72cc218-e140-11ee-8e0e-005056b6c1cd; 176d855f-0221-11ef-8e0e-005056b6c1cd#f72cc219-e140-11ee-8e0e-005056b6c1cd
15500,https://lubanikishina.com/upload/iblock/771/2vh6eprh7irn5hmxzc2lyvx4lrr8tzyr.jpg,Свитшот BEVERLY,SW/BEVERLY/zip/orange,1,Интернет магазин,Толстовки,2,Свитшот BEVERLY (44),176d855f-0221-11ef-8e0e-005056b6c1cd#f72cc219-e140-11ee-8e0e-005056b6c1cd,—,SW/BEVERLY/zip/orange,2,1697,1,0,0,1684,https://lubanikishina.com/catalog/tolstovki/svitshot_beverly/,,—,176d855f-0221-11ef-8e0e-005056b6c1cd#f72cc21a-e140-11ee-8e0e-005056b6c1cd; 176d855f-0221-11ef-8e0e-005056b6c1cd#f72cc218-e140-11ee-8e0e-005056b6c1cd; 176d855f-0221-11ef-8e0e-005056b6c1cd#f72cc219-e140-11ee-8e0e-005056b6c1cd
18000,https://lubanikishina.com/upload/iblock/c40/vm916xog41t0eu0oof332zhhtorcfbm0.png,Свитшот TESS,SW/TESS/black,1,Интернет магазин,Толстовки,1,Свитшот TESS (42),8fe6366b-3c65-11f0-8e5c-005056b6c1cd#f72cc218-e140-11ee-8e0e-005056b6c1cd,—,SW/TESS/black,1,2535,1,0,0,2534,https://lubanikishina.com/catalog/tolstovki/svitshot_tess_2/,,—,8fe6366b-3c65-11f0-8e5c-005056b6c1cd#f72cc218-e140-11ee-8e0e-005056b6c1cd; 8fe6366b-3c65-11f0-8e5c-005056b6c1cd#f72cc219-e140-11ee-8e0e-005056b6c1cd; 8fe6366b-3c65-11f0-8e5c-005056b6c1cd#f72cc21a-e140-11ee-8e0e-005056b6c1cd
18000,https://lubanikishina.com/upload/iblock/c40/vm916xog41t0eu0oof332zhhtorcfbm0.png,Свитшот TESS,SW/TESS/black,1,Интернет магазин,Толстовки,1,Свитшот TESS (44),8fe6366b-3c65-11f0-8e5c-005056b6c1cd#f72cc219-e140-11ee-8e0e-005056b6c1cd,—,SW/TESS/black,0,2536,1,0,0,2534,https://lubanikishina.com/catalog/tolstovki/svitshot_tess_2/,,—,8fe6366b-3c65-11f0-8e5c-005056b6c1cd#f72cc218-e140-11ee-8e0e-005056b6c1cd; 8fe6366b-3c65-11f0-8e5c-005056b6c1cd#f72cc219-e140-11ee-8e0e-005056b6c1cd; 8fe6366b-3c65-11f0-8e5c-005056b6c1cd#f72cc21a-e140-11ee-8e0e-005056b6c1cd
18000,https://lubanikishina.com/upload/iblock/c40/vm916xog41t0eu0oof332zhhtorcfbm0.png,Свитшот TESS,SW/TESS/black,1,Интернет магазин,Толстовки,1,Свитшот TESS (46),8fe6366b-3c65-11f0-8e5c-005056b6c1cd#f72cc21a-e140-11ee-8e0e-005056b6c1cd,—,SW/TESS/black,0,2537,1,0,0,2534,https://lubanikishina.com/catalog/tolstovki/svitshot_tess_2/,,—,8fe6366b-3c65-11f0-8e5c-005056b6c1cd#f72cc218-e140-11ee-8e0e-005056b6c1cd; 8fe6366b-3c65-11f0-8e5c-005056b6c1cd#f72cc219-e140-11ee-8e0e-005056b6c1cd; 8fe6366b-3c65-11f0-8e5c-005056b6c1cd#f72cc21a-e140-11ee-8e0e-005056b6c1cd
50,https://lubanikishina.com/upload/iblock/712/o84u5276b42rhj1kprboexmu621k01zm.jpg,Тестовый товар оплата,Тестовый товар оплата,1,Интернет магазин,Дубленки,30,Тестовый товар оплата,794,—,Тестовый товар оплата,30,794,1,0,0,795,https://lubanikishina.com/catalog/dublenki/testovyy_tovar_oplata_/,,—,794
52.5,,Тестовый товар оплата (40),,1,Трехпрудный,,1,Тестовый товар оплата (40),,—,,1,,1,0,,,,,—,
9900,https://lubanikishina.com/upload/iblock/e6d/ccukmreasy294p2whplgeek6aworfgnc.jpg,Топ BLANCA,TP/BLANCA/latte,1,Интернет магазин,Футболки и топы,3,Топ BLANCA (40),4644e1e8-6b60-11ef-8e10-005056b6c1cd#f72cc217-e140-11ee-8e0e-005056b6c1cd,—,TP/BLANCA/latte,1,3128,1,0,0,3123,https://lubanikishina.com/catalog/futbolki_i_topy/top_blanca_2/,,—,4644e1e8-6b60-11ef-8e10-005056b6c1cd#f72cc217-e140-11ee-8e0e-005056b6c1cd; 4644e1e8-6b60-11ef-8e10-005056b6c1cd#f72cc218-e140-11ee-8e0e-005056b6c1cd; 4644e1e8-6b60-11ef-8e10-005056b6c1cd#f72cc219-e140-11ee-8e0e-005056b6c1cd; 4644e1e8-6b60-11ef-8e10-005056b6c1cd#f72cc21a-e140-11ee-8e0e-005056b6c1cd
9900,https://lubanikishina.com/upload/iblock/e6d/ccukmreasy294p2whplgeek6aworfgnc.jpg,Топ BLANCA,TP/BLANCA/latte,1,Интернет магазин,Футболки и топы,3,Топ BLANCA (42),4644e1e8-6b60-11ef-8e10-005056b6c1cd#f72cc218-e140-11ee-8e0e-005056b6c1cd,—,TP/BLANCA/latte,1,3131,1,0,0,3123,https://lubanikishina.com/catalog/futbolki_i_topy/top_blanca_2/,,—,4644e1e8-6b60-11ef-8e10-005056b6c1cd#f72cc217-e140-11ee-8e0e-005056b6c1cd; 4644e1e8-6b60-11ef-8e10-005056b6c1cd#f72cc218-e140-11ee-8e0e-005056b6c1cd; 4644e1e8-6b60-11ef-8e10-005056b6c1cd#f72cc219-e140-11ee-8e0e-005056b6c1cd; 4644e1e8-6b60-11ef-8e10-005056b6c1cd#f72cc21a-e140-11ee-8e0e-005056b6c1cd
9900,https://lubanikishina.com/upload/iblock/e6d/ccukmreasy294p2whplgeek6aworfgnc.jpg,Топ BLANCA,TP/BLANCA/latte,1,Интернет магазин,Футболки и топы,3,Топ BLANCA (44),4644e1e8-6b60-11ef-8e10-005056b6c1cd#f72cc219-e140-11ee-8e0e-005056b6c1cd,—,TP/BLANCA/latte,0,3134,1,0,0,3123,https://lubanikishina.com/catalog/futbolki_i_topy/top_blanca_2/,,—,4644e1e8-6b60-11ef-8e10-005056b6c1cd#f72cc217-e140-11ee-8e0e-005056b6c1cd; 4644e1e8-6b60-11ef-8e10-005056b6c1cd#f72cc218-e140-11ee-8e0e-005056b6c1cd; 4644e1e8-6b60-11ef-8e10-005056b6c1cd#f72cc219-e140-11ee-8e0e-005056b6c1cd; 4644e1e8-6b60-11ef-8e10-005056b6c1cd#f72cc21a-e140-11ee-8e0e-005056b6c1cd
9900,https://lubanikishina.com/upload/iblock/e6d/ccukmreasy294p2whplgeek6aworfgnc.jpg,Топ BLANCA,TP/BLANCA/latte,1,Интернет магазин,Футболки и топы,3,Топ BLANCA (46),4644e1e8-6b60-11ef-8e10-005056b6c1cd#f72cc21a-e140-11ee-8e0e-005056b6c1cd,—,TP/BLANCA/latte,1,3136,1,0,0,3123,https://lubanikishina.com/catalog/futbolki_i_topy/top_blanca_2/,,—,4644e1e8-6b60-11ef-8e10-005056b6c1cd#f72cc217-e140-11ee-8e0e-005056b6c1cd; 4644e1e8-6b60-11ef-8e10-005056b6c1cd#f72cc218-e140-11ee-8e0e-005056b6c1cd; 4644e1e8-6b60-11ef-8e10-005056b6c1cd#f72cc219-e140-11ee-8e0e-005056b6c1cd; 4644e1e8-6b60-11ef-8e10-005056b6c1cd#f72cc21a-e140-11ee-8e0e-005056b6c1cd
22000,https://lubanikishina.com/upload/iblock/34b/03scomipi9f0vz3gx7idh1xz7togdgt8.jpg,Топ CHRIS,CR/CHRIS/wine,1,Интернет магазин,Футболки и топы,1,Топ CHRIS (42),747a76a3-7015-11ef-8e10-005056b6c1cd#f72cc218-e140-11ee-8e0e-005056b6c1cd,—,CR/CHRIS/wine,1,2079,1,0,0,2077,https://lubanikishina.com/catalog/futbolki_i_topy/top_chris/,,—,747a76a3-7015-11ef-8e10-005056b6c1cd#f72cc218-e140-11ee-8e0e-005056b6c1cd
15000,https://lubanikishina.com/upload/iblock/ed9/c9dtfspivapa31dxbl0hng8orgadwyny.jpg,Топ GINA,TP/GINA/eggplant,1,Интернет магазин,Футболки и топы,1,Топ GINA (40),176d855a-0221-11ef-8e0e-005056b6c1cd#f72cc217-e140-11ee-8e0e-005056b6c1cd,—,TP/GINA/eggplant,1,1575,1,0,0,1566,https://lubanikishina.com/catalog/futbolki_i_topy/top_gina/,,—,176d855a-0221-11ef-8e0e-005056b6c1cd#f72cc217-e140-11ee-8e0e-005056b6c1cd; 176d855a-0221-11ef-8e0e-005056b6c1cd#f72cc218-e140-11ee-8e0e-005056b6c1cd; 176d855a-0221-11ef-8e0e-005056b6c1cd#f72cc219-e140-11ee-8e0e-005056b6c1cd
15000,https://lubanikishina.com/upload/iblock/ed9/c9dtfspivapa31dxbl0hng8orgadwyny.jpg,Топ GINA,TP/GINA/eggplant,1,Интернет магазин,Футболки и топы,1,Топ GINA (42),176d855a-0221-11ef-8e0e-005056b6c1cd#f72cc218-e140-11ee-8e0e-005056b6c1cd,—,TP/GINA/eggplant,0,1576,1,0,0,1566,https://lubanikishina.com/catalog/futbolki_i_topy/top_gina/,,—,176d855a-0221-11ef-8e0e-005056b6c1cd#f72cc217-e140-11ee-8e0e-005056b6c1cd; 176d855a-0221-11ef-8e0e-005056b6c1cd#f72cc218-e140-11ee-8e0e-005056b6c1cd; 176d855a-0221-11ef-8e0e-005056b6c1cd#f72cc219-e140-11ee-8e0e-005056b6c1cd
15000,https://lubanikishina.com/upload/iblock/ed9/c9dtfspivapa31dxbl0hng8orgadwyny.jpg,Топ GINA,TP/GINA/eggplant,1,Интернет магазин,Футболки и топы,1,Топ GINA (44),176d855a-0221-11ef-8e0e-005056b6c1cd#f72cc219-e140-11ee-8e0e-005056b6c1cd,—,TP/GINA/eggplant,0,1577,1,0,0,1566,https://lubanikishina.com/catalog/futbolki_i_topy/top_gina/,,—,176d855a-0221-11ef-8e0e-005056b6c1cd#f72cc217-e140-11ee-8e0e-005056b6c1cd; 176d855a-0221-11ef-8e0e-005056b6c1cd#f72cc218-e140-11ee-8e0e-005056b6c1cd; 176d855a-0221-11ef-8e0e-005056b6c1cd#f72cc219-e140-11ee-8e0e-005056b6c1cd
11500,https://lubanikishina.com/upload/iblock/e85/jr7j4byvvjplqlmblx9ysm8mtxpwcyx5.png,Топ PONY,TP/PONY/beige/stripes,1,Интернет магазин,Футболки и топы,4,Топ PONY (42),df5badc6-361d-11f0-8e5b-005056b6c1cd#f72cc218-e140-11ee-8e0e-005056b6c1cd,—,TP/PONY/beige/stripes,4,2498,1,0,0,2497,https://lubanikishina.com/catalog/futbolki_i_topy/top_pony_1/,,—,df5badc6-361d-11f0-8e5b-005056b6c1cd#f72cc218-e140-11ee-8e0e-005056b6c1cd
48000,https://lubanikishina.com/upload/iblock/0a3/w1us9rwcdovi4nl6fsvm2xhxgy3ijh4f.jpg,Тренч Дюн (DUNE) бежевый,TRCT/DUNE/beige,1,Интернет магазин,Тренчи,1,Тренч Дюн (DUNE) бежевый (40),8265a4f6-26b2-11f1-a141-005056b6f117#f72cc217-e140-11ee-8e0e-005056b6c1cd,—,TRCT/DUNE/beige,0,3236,1,0,0,3235,https://lubanikishina.com/catalog/trenchi/trench_dyun_dune_bezhevyy/,,—,8265a4f6-26b2-11f1-a141-005056b6f117#f72cc217-e140-11ee-8e0e-005056b6c1cd; 8265a4f6-26b2-11f1-a141-005056b6f117#f72cc218-e140-11ee-8e0e-005056b6c1cd; 8265a4f6-26b2-11f1-a141-005056b6f117#f72cc219-e140-11ee-8e0e-005056b6c1cd; 8265a4f6-26b2-11f1-a141-005056b6f117#f72cc21a-e140-11ee-8e0e-005056b6c1cd
48000,https://lubanikishina.com/upload/iblock/0a3/w1us9rwcdovi4nl6fsvm2xhxgy3ijh4f.jpg,Тренч Дюн (DUNE) бежевый,TRCT/DUNE/beige,1,Интернет магазин,Тренчи,1,Тренч Дюн (DUNE) бежевый (42),8265a4f6-26b2-11f1-a141-005056b6f117#f72cc218-e140-11ee-8e0e-005056b6c1cd,—,TRCT/DUNE/beige,1,3237,1,0,0,3235,https://lubanikishina.com/catalog/trenchi/trench_dyun_dune_bezhevyy/,,—,8265a4f6-26b2-11f1-a141-005056b6f117#f72cc217-e140-11ee-8e0e-005056b6c1cd; 8265a4f6-26b2-11f1-a141-005056b6f117#f72cc218-e140-11ee-8e0e-005056b6c1cd; 8265a4f6-26b2-11f1-a141-005056b6f117#f72cc219-e140-11ee-8e0e-005056b6c1cd; 8265a4f6-26b2-11f1-a141-005056b6f117#f72cc21a-e140-11ee-8e0e-005056b6c1cd
48000,https://lubanikishina.com/upload/iblock/0a3/w1us9rwcdovi4nl6fsvm2xhxgy3ijh4f.jpg,Тренч Дюн (DUNE) бежевый,TRCT/DUNE/beige,1,Интернет магазин,Тренчи,1,Тренч Дюн (DUNE) бежевый (44),8265a4f6-26b2-11f1-a141-005056b6f117#f72cc219-e140-11ee-8e0e-005056b6c1cd,—,TRCT/DUNE/beige,0,3238,1,0,0,3235,https://lubanikishina.com/catalog/trenchi/trench_dyun_dune_bezhevyy/,,—,8265a4f6-26b2-11f1-a141-005056b6f117#f72cc217-e140-11ee-8e0e-005056b6c1cd; 8265a4f6-26b2-11f1-a141-005056b6f117#f72cc218-e140-11ee-8e0e-005056b6c1cd; 8265a4f6-26b2-11f1-a141-005056b6f117#f72cc219-e140-11ee-8e0e-005056b6c1cd; 8265a4f6-26b2-11f1-a141-005056b6f117#f72cc21a-e140-11ee-8e0e-005056b6c1cd
48000,https://lubanikishina.com/upload/iblock/0a3/w1us9rwcdovi4nl6fsvm2xhxgy3ijh4f.jpg,Тренч Дюн (DUNE) бежевый,TRCT/DUNE/beige,1,Интернет магазин,Тренчи,1,Тренч Дюн (DUNE) бежевый (46),8265a4f6-26b2-11f1-a141-005056b6f117#f72cc21a-e140-11ee-8e0e-005056b6c1cd,—,TRCT/DUNE/beige,0,3239,1,0,0,3235,https://lubanikishina.com/catalog/trenchi/trench_dyun_dune_bezhevyy/,,—,8265a4f6-26b2-11f1-a141-005056b6f117#f72cc217-e140-11ee-8e0e-005056b6c1cd; 8265a4f6-26b2-11f1-a141-005056b6f117#f72cc218-e140-11ee-8e0e-005056b6c1cd; 8265a4f6-26b2-11f1-a141-005056b6f117#f72cc219-e140-11ee-8e0e-005056b6c1cd; 8265a4f6-26b2-11f1-a141-005056b6f117#f72cc21a-e140-11ee-8e0e-005056b6c1cd
42500,https://lubanikishina.com/upload/iblock/400/78tpfqdrtc0dd1486d6n193dlaob6pfk.jpg,Тренч Лиам (LIAM) серо-оливковый,TRCT/LIAM/softsage,1,Интернет магазин,Тренчи,0,Тренч Лиам (LIAM) серо-оливковый (40),c0aba485-1982-11f1-a140-005056b6f117#f72cc217-e140-11ee-8e0e-005056b6c1cd,—,TRCT/LIAM/softsage,0,3221,1,0,0,3219,https://lubanikishina.com/catalog/trenchi/trench_liam_liam_sero_olivkovyy/,,—,c0aba485-1982-11f1-a140-005056b6f117#f72cc217-e140-11ee-8e0e-005056b6c1cd; c0aba485-1982-11f1-a140-005056b6f117#f72cc218-e140-11ee-8e0e-005056b6c1cd; c0aba485-1982-11f1-a140-005056b6f117#f72cc219-e140-11ee-8e0e-005056b6c1cd
42500,https://lubanikishina.com/upload/iblock/400/78tpfqdrtc0dd1486d6n193dlaob6pfk.jpg,Тренч Лиам (LIAM) серо-оливковый,TRCT/LIAM/softsage,1,Интернет магазин,Тренчи,0,Тренч Лиам (LIAM) серо-оливковый (42),c0aba485-1982-11f1-a140-005056b6f117#f72cc218-e140-11ee-8e0e-005056b6c1cd,—,TRCT/LIAM/softsage,0,3223,1,0,0,3219,https://lubanikishina.com/catalog/trenchi/trench_liam_liam_sero_olivkovyy/,,—,c0aba485-1982-11f1-a140-005056b6f117#f72cc217-e140-11ee-8e0e-005056b6c1cd; c0aba485-1982-11f1-a140-005056b6f117#f72cc218-e140-11ee-8e0e-005056b6c1cd; c0aba485-1982-11f1-a140-005056b6f117#f72cc219-e140-11ee-8e0e-005056b6c1cd
42500,https://lubanikishina.com/upload/iblock/400/78tpfqdrtc0dd1486d6n193dlaob6pfk.jpg,Тренч Лиам (LIAM) серо-оливковый,TRCT/LIAM/softsage,1,Интернет магазин,Тренчи,0,Тренч Лиам (LIAM) серо-оливковый (44),c0aba485-1982-11f1-a140-005056b6f117#f72cc219-e140-11ee-8e0e-005056b6c1cd,—,TRCT/LIAM/softsage,0,3225,1,0,0,3219,https://lubanikishina.com/catalog/trenchi/trench_liam_liam_sero_olivkovyy/,,—,c0aba485-1982-11f1-a140-005056b6f117#f72cc217-e140-11ee-8e0e-005056b6c1cd; c0aba485-1982-11f1-a140-005056b6f117#f72cc218-e140-11ee-8e0e-005056b6c1cd; c0aba485-1982-11f1-a140-005056b6f117#f72cc219-e140-11ee-8e0e-005056b6c1cd
8900,https://lubanikishina.com/upload/iblock/5f1/h3v0eqpajid7osy41595wztu15xdg4ho.jpg,Футболка JFK,TP/JFK/graphit,1,Интернет магазин,Футболки и топы,3,Футболка JFK  (40),25b29097-2c80-11ef-8e0e-005056b6c1cd#f72cc217-e140-11ee-8e0e-005056b6c1cd,—,TP/JFK/graphit,0,1589,1,0,0,1572,https://lubanikishina.com/catalog/futbolki_i_topy/futbolka_jfk_/,,—,25b29097-2c80-11ef-8e0e-005056b6c1cd#f72cc217-e140-11ee-8e0e-005056b6c1cd; 25b29097-2c80-11ef-8e0e-005056b6c1cd#f72cc218-e140-11ee-8e0e-005056b6c1cd; 25b29097-2c80-11ef-8e0e-005056b6c1cd#f72cc219-e140-11ee-8e0e-005056b6c1cd; 25b29097-2c80-11ef-8e0e-005056b6c1cd#f72cc21a-e140-11ee-8e0e-005056b6c1cd; 25b29097-2c80-11ef-8e0e-005056b6c1cd#96197af9-2b1e-11f0-8e58-005056b6c1cd
8900,https://lubanikishina.com/upload/iblock/5f1/h3v0eqpajid7osy41595wztu15xdg4ho.jpg,Футболка JFK,TP/JFK/graphit,1,Интернет магазин,Футболки и топы,3,Футболка JFK  (42),25b29097-2c80-11ef-8e0e-005056b6c1cd#f72cc218-e140-11ee-8e0e-005056b6c1cd,—,TP/JFK/graphit,1,1590,1,0,0,1572,https://lubanikishina.com/catalog/futbolki_i_topy/futbolka_jfk_/,,—,25b29097-2c80-11ef-8e0e-005056b6c1cd#f72cc217-e140-11ee-8e0e-005056b6c1cd; 25b29097-2c80-11ef-8e0e-005056b6c1cd#f72cc218-e140-11ee-8e0e-005056b6c1cd; 25b29097-2c80-11ef-8e0e-005056b6c1cd#f72cc219-e140-11ee-8e0e-005056b6c1cd; 25b29097-2c80-11ef-8e0e-005056b6c1cd#f72cc21a-e140-11ee-8e0e-005056b6c1cd; 25b29097-2c80-11ef-8e0e-005056b6c1cd#96197af9-2b1e-11f0-8e58-005056b6c1cd
8900,https://lubanikishina.com/upload/iblock/5f1/h3v0eqpajid7osy41595wztu15xdg4ho.jpg,Футболка JFK,TP/JFK/graphit,1,Интернет магазин,Футболки и топы,3,Футболка JFK  (44),25b29097-2c80-11ef-8e0e-005056b6c1cd#f72cc219-e140-11ee-8e0e-005056b6c1cd,—,TP/JFK/graphit,1,1591,1,0,0,1572,https://lubanikishina.com/catalog/futbolki_i_topy/futbolka_jfk_/,,—,25b29097-2c80-11ef-8e0e-005056b6c1cd#f72cc217-e140-11ee-8e0e-005056b6c1cd; 25b29097-2c80-11ef-8e0e-005056b6c1cd#f72cc218-e140-11ee-8e0e-005056b6c1cd; 25b29097-2c80-11ef-8e0e-005056b6c1cd#f72cc219-e140-11ee-8e0e-005056b6c1cd; 25b29097-2c80-11ef-8e0e-005056b6c1cd#f72cc21a-e140-11ee-8e0e-005056b6c1cd; 25b29097-2c80-11ef-8e0e-005056b6c1cd#96197af9-2b1e-11f0-8e58-005056b6c1cd
8900,https://lubanikishina.com/upload/iblock/5f1/h3v0eqpajid7osy41595wztu15xdg4ho.jpg,Футболка JFK,TP/JFK/graphit,1,Интернет магазин,Футболки и топы,3,Футболка JFK  (46),25b29097-2c80-11ef-8e0e-005056b6c1cd#f72cc21a-e140-11ee-8e0e-005056b6c1cd,—,TP/JFK/graphit,0,1592,1,0,0,1572,https://lubanikishina.com/catalog/futbolki_i_topy/futbolka_jfk_/,,—,25b29097-2c80-11ef-8e0e-005056b6c1cd#f72cc217-e140-11ee-8e0e-005056b6c1cd; 25b29097-2c80-11ef-8e0e-005056b6c1cd#f72cc218-e140-11ee-8e0e-005056b6c1cd; 25b29097-2c80-11ef-8e0e-005056b6c1cd#f72cc219-e140-11ee-8e0e-005056b6c1cd; 25b29097-2c80-11ef-8e0e-005056b6c1cd#f72cc21a-e140-11ee-8e0e-005056b6c1cd; 25b29097-2c80-11ef-8e0e-005056b6c1cd#96197af9-2b1e-11f0-8e58-005056b6c1cd
8900,https://lubanikishina.com/upload/iblock/5f1/h3v0eqpajid7osy41595wztu15xdg4ho.jpg,Футболка JFK,TP/JFK/graphit,1,Интернет магазин,Футболки и топы,3,Футболка JFK  (48),25b29097-2c80-11ef-8e0e-005056b6c1cd#96197af9-2b1e-11f0-8e58-005056b6c1cd,—,TP/JFK/graphit,1,2997,1,0,0,1572,https://lubanikishina.com/catalog/futbolki_i_topy/futbolka_jfk_/,,—,25b29097-2c80-11ef-8e0e-005056b6c1cd#f72cc217-e140-11ee-8e0e-005056b6c1cd; 25b29097-2c80-11ef-8e0e-005056b6c1cd#f72cc218-e140-11ee-8e0e-005056b6c1cd; 25b29097-2c80-11ef-8e0e-005056b6c1cd#f72cc219-e140-11ee-8e0e-005056b6c1cd; 25b29097-2c80-11ef-8e0e-005056b6c1cd#f72cc21a-e140-11ee-8e0e-005056b6c1cd; 25b29097-2c80-11ef-8e0e-005056b6c1cd#96197af9-2b1e-11f0-8e58-005056b6c1cd
11500,https://lubanikishina.com/upload/iblock/140/6cqyt1k5mbdwu9921fq9armhmllsjy1p.jpg,Чепец,C/merino/grey,1,Интернет магазин,Головные уборы,3,Чепец (One Size),5e9e2298-1cc1-11ef-8e0e-005056b6c1cd#f72cc21b-e140-11ee-8e0e-005056b6c1cd,—,C/merino/grey,3,2044,1,0,0,2039,https://lubanikishina.com/catalog/golovnye_ubory/chepets_2/,,—,5e9e2298-1cc1-11ef-8e0e-005056b6c1cd#f72cc21b-e140-11ee-8e0e-005056b6c1cd
11500,https://lubanikishina.com/upload/iblock/b52/viwkd3dza9v66cd28ag5xvvqah770sd9.jpg,Чепец,C/merino/brown,1,Интернет магазин,Головные уборы,2,Чепец (One Size),5e9e2296-1cc1-11ef-8e0e-005056b6c1cd#f72cc21b-e140-11ee-8e0e-005056b6c1cd,—,C/merino/brown,2,2042,1,0,0,2037,https://lubanikishina.com/catalog/golovnye_ubory/chepets/,,—,5e9e2296-1cc1-11ef-8e0e-005056b6c1cd#f72cc21b-e140-11ee-8e0e-005056b6c1cd
16500,https://lubanikishina.com/upload/iblock/d64/yd61srjve0818s4cp0o3iiu3io75p84b.jpg,Шапка Кендра (KENDRA) бежевая,SH/KENDRA/np-mr/beige-white,1,Интернет магазин,Головные уборы,0,Шапка Кендра (KENDRA) бежевая (Onesize),53f70258-9574-11f0-a137-005056b6f117#f0998f7f-960e-11f0-a137-005056b6f117,—,SH/KENDRA/np-mr/beige-white,0,2858,1,0,0,2841,https://lubanikishina.com/catalog/golovnye_ubory/shapka_kendra_kendra_bezhevaya/,,—,53f70258-9574-11f0-a137-005056b6f117#f0998f7f-960e-11f0-a137-005056b6f117
16500,https://lubanikishina.com/upload/iblock/6b1/htc1jmbdp6dxib6kjwi1ze1tuhyg1d84.jpg,Шапка Кендра (KENDRA) с леопардовым принтом,SH/KENDRA/np-mr/leopard,1,Интернет магазин,Головные уборы,4,Шапка Кендра (KENDRA) с леопардовым принтом (Onesize),4d57b8f6-9576-11f0-a137-005056b6f117#f0998f7f-960e-11f0-a137-005056b6f117,—,SH/KENDRA/np-mr/leopard,4,2859,1,0,0,2842,https://lubanikishina.com/catalog/golovnye_ubory/shapka_kendra_kendra_s_leopardovym_printom/,,—,4d57b8f6-9576-11f0-a137-005056b6f117#f0998f7f-960e-11f0-a137-005056b6f117
25000,https://lubanikishina.com/upload/iblock/7bf/knqug2csvaxwoapdf5zsiz9pduzecku4.JPG,Шарф,SC/MELANIA/black,1,Интернет магазин,Шарфы и платки,0,Шарф (One Size),28cedf0e-c1cf-11ef-8e17-005056b6c1cd#f72cc21b-e140-11ee-8e0e-005056b6c1cd,—,SC/MELANIA/black,0,2905,1,0,0,2903,https://lubanikishina.com/catalog/sharfy_i_platki/sharf_1/,,—,28cedf0e-c1cf-11ef-8e17-005056b6c1cd#f72cc21b-e140-11ee-8e0e-005056b6c1cd
85000,https://lubanikishina.com/upload/iblock/120/qsjmdqnolrhe7cviq1vunw91yozolmla.jpg,Шарф BOA,SC/BOA/np-tc/brown,1,Интернет магазин,Шарфы и платки,0,Шарф BOA (Onesize),0cc64259-b674-11f0-a138-005056b6f117#f0998f7f-960e-11f0-a137-005056b6f117,—,SC/BOA/np-tc/brown,0,3029,1,0,0,3028,https://lubanikishina.com/catalog/sharfy_i_platki/sharf_boa_3/,,—,0cc64259-b674-11f0-a138-005056b6f117#f0998f7f-960e-11f0-a137-005056b6f117
9000,https://lubanikishina.com/upload/iblock/2d5/2oepfnuizfuue4cac0e252n4n6woc9h4.jpg,Шорты BEVERLY,SH/BEVERLY/orange,1,Интернет магазин,Шорты,1,Шорты BEVERLY (46),42ab07db-00a5-11ef-8e0e-005056b6c1cd#f72cc21a-e140-11ee-8e0e-005056b6c1cd,—,SH/BEVERLY/orange,1,1695,1,0,0,1683,https://lubanikishina.com/catalog/shorty/shorty_beverly_1/,,—,42ab07db-00a5-11ef-8e0e-005056b6c1cd#f72cc21a-e140-11ee-8e0e-005056b6c1cd; 42ab07db-00a5-11ef-8e0e-005056b6c1cd#f72cc218-e140-11ee-8e0e-005056b6c1cd; 42ab07db-00a5-11ef-8e0e-005056b6c1cd#f72cc219-e140-11ee-8e0e-005056b6c1cd
9000,https://lubanikishina.com/upload/iblock/2d5/2oepfnuizfuue4cac0e252n4n6woc9h4.jpg,Шорты BEVERLY,SH/BEVERLY/orange,1,Интернет магазин,Шорты,1,Шорты BEVERLY (42),42ab07db-00a5-11ef-8e0e-005056b6c1cd#f72cc218-e140-11ee-8e0e-005056b6c1cd,—,SH/BEVERLY/orange,0,1693,1,0,0,1683,https://lubanikishina.com/catalog/shorty/shorty_beverly_1/,,—,42ab07db-00a5-11ef-8e0e-005056b6c1cd#f72cc21a-e140-11ee-8e0e-005056b6c1cd; 42ab07db-00a5-11ef-8e0e-005056b6c1cd#f72cc218-e140-11ee-8e0e-005056b6c1cd; 42ab07db-00a5-11ef-8e0e-005056b6c1cd#f72cc219-e140-11ee-8e0e-005056b6c1cd
9000,https://lubanikishina.com/upload/iblock/2d5/2oepfnuizfuue4cac0e252n4n6woc9h4.jpg,Шорты BEVERLY,SH/BEVERLY/orange,1,Интернет магазин,Шорты,1,Шорты BEVERLY (44),42ab07db-00a5-11ef-8e0e-005056b6c1cd#f72cc219-e140-11ee-8e0e-005056b6c1cd,—,SH/BEVERLY/orange,0,1694,1,0,0,1683,https://lubanikishina.com/catalog/shorty/shorty_beverly_1/,,—,42ab07db-00a5-11ef-8e0e-005056b6c1cd#f72cc21a-e140-11ee-8e0e-005056b6c1cd; 42ab07db-00a5-11ef-8e0e-005056b6c1cd#f72cc218-e140-11ee-8e0e-005056b6c1cd; 42ab07db-00a5-11ef-8e0e-005056b6c1cd#f72cc219-e140-11ee-8e0e-005056b6c1cd
12000,https://lubanikishina.com/upload/iblock/145/site6z1xkgmna2zgoqylk4t22uiwkd43.png,Шорты EZE,ST/EZE/black,1,Интернет магазин,Шорты,5,Шорты EZE (42),4f636678-2c03-11f0-8e58-005056b6c1cd#f72cc218-e140-11ee-8e0e-005056b6c1cd,—,ST/EZE/black,1,2481,1,0,0,2473,https://lubanikishina.com/catalog/shorty/shorty_eze_2/,,—,4f636678-2c03-11f0-8e58-005056b6c1cd#f72cc218-e140-11ee-8e0e-005056b6c1cd; 4f636678-2c03-11f0-8e58-005056b6c1cd#f72cc219-e140-11ee-8e0e-005056b6c1cd; 4f636678-2c03-11f0-8e58-005056b6c1cd#f72cc21a-e140-11ee-8e0e-005056b6c1cd; 4f636678-2c03-11f0-8e58-005056b6c1cd#f72cc217-e140-11ee-8e0e-005056b6c1cd
12000,https://lubanikishina.com/upload/iblock/145/site6z1xkgmna2zgoqylk4t22uiwkd43.png,Шорты EZE,ST/EZE/black,1,Интернет магазин,Шорты,5,Шорты EZE (44),4f636678-2c03-11f0-8e58-005056b6c1cd#f72cc219-e140-11ee-8e0e-005056b6c1cd,—,ST/EZE/black,1,2482,1,0,0,2473,https://lubanikishina.com/catalog/shorty/shorty_eze_2/,,—,4f636678-2c03-11f0-8e58-005056b6c1cd#f72cc218-e140-11ee-8e0e-005056b6c1cd; 4f636678-2c03-11f0-8e58-005056b6c1cd#f72cc219-e140-11ee-8e0e-005056b6c1cd; 4f636678-2c03-11f0-8e58-005056b6c1cd#f72cc21a-e140-11ee-8e0e-005056b6c1cd; 4f636678-2c03-11f0-8e58-005056b6c1cd#f72cc217-e140-11ee-8e0e-005056b6c1cd
12000,https://lubanikishina.com/upload/iblock/145/site6z1xkgmna2zgoqylk4t22uiwkd43.png,Шорты EZE,ST/EZE/black,1,Интернет магазин,Шорты,5,Шорты EZE (46),4f636678-2c03-11f0-8e58-005056b6c1cd#f72cc21a-e140-11ee-8e0e-005056b6c1cd,—,ST/EZE/black,3,2483,1,0,0,2473,https://lubanikishina.com/catalog/shorty/shorty_eze_2/,,—,4f636678-2c03-11f0-8e58-005056b6c1cd#f72cc218-e140-11ee-8e0e-005056b6c1cd; 4f636678-2c03-11f0-8e58-005056b6c1cd#f72cc219-e140-11ee-8e0e-005056b6c1cd; 4f636678-2c03-11f0-8e58-005056b6c1cd#f72cc21a-e140-11ee-8e0e-005056b6c1cd; 4f636678-2c03-11f0-8e58-005056b6c1cd#f72cc217-e140-11ee-8e0e-005056b6c1cd
12000,https://lubanikishina.com/upload/iblock/145/site6z1xkgmna2zgoqylk4t22uiwkd43.png,Шорты EZE,ST/EZE/black,1,Интернет магазин,Шорты,5,Шорты EZE (40),4f636678-2c03-11f0-8e58-005056b6c1cd#f72cc217-e140-11ee-8e0e-005056b6c1cd,—,ST/EZE/black,0,2514,1,0,0,2473,https://lubanikishina.com/catalog/shorty/shorty_eze_2/,,—,4f636678-2c03-11f0-8e58-005056b6c1cd#f72cc218-e140-11ee-8e0e-005056b6c1cd; 4f636678-2c03-11f0-8e58-005056b6c1cd#f72cc219-e140-11ee-8e0e-005056b6c1cd; 4f636678-2c03-11f0-8e58-005056b6c1cd#f72cc21a-e140-11ee-8e0e-005056b6c1cd; 4f636678-2c03-11f0-8e58-005056b6c1cd#f72cc217-e140-11ee-8e0e-005056b6c1cd
12000,https://lubanikishina.com/upload/iblock/7c6/lweqoecwkwfhqyi91ls2hja31fhl2v63.png,Шорты EZE,ST/EZE/white,1,Интернет магазин,Шорты,6,Шорты EZE (42),cdc609df-2988-11f0-8e57-005056b6c1cd#f72cc218-e140-11ee-8e0e-005056b6c1cd,—,ST/EZE/white,0,2478,1,0,0,2472,https://lubanikishina.com/catalog/shorty/shorty_eze_1/,,—,cdc609df-2988-11f0-8e57-005056b6c1cd#f72cc218-e140-11ee-8e0e-005056b6c1cd; cdc609df-2988-11f0-8e57-005056b6c1cd#f72cc217-e140-11ee-8e0e-005056b6c1cd; cdc609df-2988-11f0-8e57-005056b6c1cd#f72cc219-e140-11ee-8e0e-005056b6c1cd; cdc609df-2988-11f0-8e57-005056b6c1cd#f72cc21a-e140-11ee-8e0e-005056b6c1cd
12000,https://lubanikishina.com/upload/iblock/7c6/lweqoecwkwfhqyi91ls2hja31fhl2v63.png,Шорты EZE,ST/EZE/white,1,Интернет магазин,Шорты,6,Шорты EZE (40),cdc609df-2988-11f0-8e57-005056b6c1cd#f72cc217-e140-11ee-8e0e-005056b6c1cd,—,ST/EZE/white,0,2477,1,0,0,2472,https://lubanikishina.com/catalog/shorty/shorty_eze_1/,,—,cdc609df-2988-11f0-8e57-005056b6c1cd#f72cc218-e140-11ee-8e0e-005056b6c1cd; cdc609df-2988-11f0-8e57-005056b6c1cd#f72cc217-e140-11ee-8e0e-005056b6c1cd; cdc609df-2988-11f0-8e57-005056b6c1cd#f72cc219-e140-11ee-8e0e-005056b6c1cd; cdc609df-2988-11f0-8e57-005056b6c1cd#f72cc21a-e140-11ee-8e0e-005056b6c1cd
12000,https://lubanikishina.com/upload/iblock/7c6/lweqoecwkwfhqyi91ls2hja31fhl2v63.png,Шорты EZE,ST/EZE/white,1,Интернет магазин,Шорты,6,Шорты EZE (44),cdc609df-2988-11f0-8e57-005056b6c1cd#f72cc219-e140-11ee-8e0e-005056b6c1cd,—,ST/EZE/white,4,2479,1,0,0,2472,https://lubanikishina.com/catalog/shorty/shorty_eze_1/,,—,cdc609df-2988-11f0-8e57-005056b6c1cd#f72cc218-e140-11ee-8e0e-005056b6c1cd; cdc609df-2988-11f0-8e57-005056b6c1cd#f72cc217-e140-11ee-8e0e-005056b6c1cd; cdc609df-2988-11f0-8e57-005056b6c1cd#f72cc219-e140-11ee-8e0e-005056b6c1cd; cdc609df-2988-11f0-8e57-005056b6c1cd#f72cc21a-e140-11ee-8e0e-005056b6c1cd
12000,https://lubanikishina.com/upload/iblock/7c6/lweqoecwkwfhqyi91ls2hja31fhl2v63.png,Шорты EZE,ST/EZE/white,1,Интернет магазин,Шорты,6,Шорты EZE (46),cdc609df-2988-11f0-8e57-005056b6c1cd#f72cc21a-e140-11ee-8e0e-005056b6c1cd,—,ST/EZE/white,2,2480,1,0,0,2472,https://lubanikishina.com/catalog/shorty/shorty_eze_1/,,—,cdc609df-2988-11f0-8e57-005056b6c1cd#f72cc218-e140-11ee-8e0e-005056b6c1cd; cdc609df-2988-11f0-8e57-005056b6c1cd#f72cc217-e140-11ee-8e0e-005056b6c1cd; cdc609df-2988-11f0-8e57-005056b6c1cd#f72cc219-e140-11ee-8e0e-005056b6c1cd; cdc609df-2988-11f0-8e57-005056b6c1cd#f72cc21a-e140-11ee-8e0e-005056b6c1cd
12000,https://lubanikishina.com/upload/iblock/d1e/n69i8991on7brxb0metp5w395bqj9bcv.png,Шорты EZE,ST/EZE/ivory,1,Интернет магазин,Шорты,2,Шорты EZE (42),504ff4d4-28bd-11f0-8e57-005056b6c1cd#f72cc218-e140-11ee-8e0e-005056b6c1cd,—,ST/EZE/ivory,0,2474,1,0,0,2471,https://lubanikishina.com/catalog/shorty/shorty_eze/,,—,504ff4d4-28bd-11f0-8e57-005056b6c1cd#f72cc218-e140-11ee-8e0e-005056b6c1cd; 504ff4d4-28bd-11f0-8e57-005056b6c1cd#f72cc219-e140-11ee-8e0e-005056b6c1cd; 504ff4d4-28bd-11f0-8e57-005056b6c1cd#f72cc21a-e140-11ee-8e0e-005056b6c1cd; 504ff4d4-28bd-11f0-8e57-005056b6c1cd#f72cc217-e140-11ee-8e0e-005056b6c1cd
12000,https://lubanikishina.com/upload/iblock/d1e/n69i8991on7brxb0metp5w395bqj9bcv.png,Шорты EZE,ST/EZE/ivory,1,Интернет магазин,Шорты,2,Шорты EZE (44),504ff4d4-28bd-11f0-8e57-005056b6c1cd#f72cc219-e140-11ee-8e0e-005056b6c1cd,—,ST/EZE/ivory,0,2475,1,0,0,2471,https://lubanikishina.com/catalog/shorty/shorty_eze/,,—,504ff4d4-28bd-11f0-8e57-005056b6c1cd#f72cc218-e140-11ee-8e0e-005056b6c1cd; 504ff4d4-28bd-11f0-8e57-005056b6c1cd#f72cc219-e140-11ee-8e0e-005056b6c1cd; 504ff4d4-28bd-11f0-8e57-005056b6c1cd#f72cc21a-e140-11ee-8e0e-005056b6c1cd; 504ff4d4-28bd-11f0-8e57-005056b6c1cd#f72cc217-e140-11ee-8e0e-005056b6c1cd
12000,https://lubanikishina.com/upload/iblock/d1e/n69i8991on7brxb0metp5w395bqj9bcv.png,Шорты EZE,ST/EZE/ivory,1,Интернет магазин,Шорты,2,Шорты EZE (46),504ff4d4-28bd-11f0-8e57-005056b6c1cd#f72cc21a-e140-11ee-8e0e-005056b6c1cd,—,ST/EZE/ivory,2,2476,1,0,0,2471,https://lubanikishina.com/catalog/shorty/shorty_eze/,,—,504ff4d4-28bd-11f0-8e57-005056b6c1cd#f72cc218-e140-11ee-8e0e-005056b6c1cd; 504ff4d4-28bd-11f0-8e57-005056b6c1cd#f72cc219-e140-11ee-8e0e-005056b6c1cd; 504ff4d4-28bd-11f0-8e57-005056b6c1cd#f72cc21a-e140-11ee-8e0e-005056b6c1cd; 504ff4d4-28bd-11f0-8e57-005056b6c1cd#f72cc217-e140-11ee-8e0e-005056b6c1cd
12000,https://lubanikishina.com/upload/iblock/d1e/n69i8991on7brxb0metp5w395bqj9bcv.png,Шорты EZE,ST/EZE/ivory,1,Интернет магазин,Шорты,2,Шорты EZE (40),504ff4d4-28bd-11f0-8e57-005056b6c1cd#f72cc217-e140-11ee-8e0e-005056b6c1cd,—,ST/EZE/ivory,0,2513,1,0,0,2471,https://lubanikishina.com/catalog/shorty/shorty_eze/,,—,504ff4d4-28bd-11f0-8e57-005056b6c1cd#f72cc218-e140-11ee-8e0e-005056b6c1cd; 504ff4d4-28bd-11f0-8e57-005056b6c1cd#f72cc219-e140-11ee-8e0e-005056b6c1cd; 504ff4d4-28bd-11f0-8e57-005056b6c1cd#f72cc21a-e140-11ee-8e0e-005056b6c1cd; 504ff4d4-28bd-11f0-8e57-005056b6c1cd#f72cc217-e140-11ee-8e0e-005056b6c1cd
12000,https://lubanikishina.com/upload/iblock/bb7/hpcx5cdfgp34myrd1do5r76odk7bwwuq.png,Шорты WON,SR/WON/beige/flowers,1,Интернет магазин,Шорты,5,Шорты WON (42),26a993f8-e397-11ef-8e2c-005056b6c1cd#f72cc218-e140-11ee-8e0e-005056b6c1cd,—,SR/WON/beige/flowers,5,2239,1,0,0,2232,https://lubanikishina.com/catalog/shorty/shorty_won/,,—,26a993f8-e397-11ef-8e2c-005056b6c1cd#f72cc218-e140-11ee-8e0e-005056b6c1cd; 26a993f8-e397-11ef-8e2c-005056b6c1cd#f72cc217-e140-11ee-8e0e-005056b6c1cd; 26a993f8-e397-11ef-8e2c-005056b6c1cd#f72cc219-e140-11ee-8e0e-005056b6c1cd; 26a993f8-e397-11ef-8e2c-005056b6c1cd#f72cc21a-e140-11ee-8e0e-005056b6c1cd
12000,https://lubanikishina.com/upload/iblock/bb7/hpcx5cdfgp34myrd1do5r76odk7bwwuq.png,Шорты WON,SR/WON/beige/flowers,1,Интернет магазин,Шорты,5,Шорты WON (40),26a993f8-e397-11ef-8e2c-005056b6c1cd#f72cc217-e140-11ee-8e0e-005056b6c1cd,—,SR/WON/beige/flowers,0,2238,1,0,0,2232,https://lubanikishina.com/catalog/shorty/shorty_won/,,—,26a993f8-e397-11ef-8e2c-005056b6c1cd#f72cc218-e140-11ee-8e0e-005056b6c1cd; 26a993f8-e397-11ef-8e2c-005056b6c1cd#f72cc217-e140-11ee-8e0e-005056b6c1cd; 26a993f8-e397-11ef-8e2c-005056b6c1cd#f72cc219-e140-11ee-8e0e-005056b6c1cd; 26a993f8-e397-11ef-8e2c-005056b6c1cd#f72cc21a-e140-11ee-8e0e-005056b6c1cd
12000,https://lubanikishina.com/upload/iblock/bb7/hpcx5cdfgp34myrd1do5r76odk7bwwuq.png,Шорты WON,SR/WON/beige/flowers,1,Интернет магазин,Шорты,5,Шорты WON (44),26a993f8-e397-11ef-8e2c-005056b6c1cd#f72cc219-e140-11ee-8e0e-005056b6c1cd,—,SR/WON/beige/flowers,0,2240,1,0,0,2232,https://lubanikishina.com/catalog/shorty/shorty_won/,,—,26a993f8-e397-11ef-8e2c-005056b6c1cd#f72cc218-e140-11ee-8e0e-005056b6c1cd; 26a993f8-e397-11ef-8e2c-005056b6c1cd#f72cc217-e140-11ee-8e0e-005056b6c1cd; 26a993f8-e397-11ef-8e2c-005056b6c1cd#f72cc219-e140-11ee-8e0e-005056b6c1cd; 26a993f8-e397-11ef-8e2c-005056b6c1cd#f72cc21a-e140-11ee-8e0e-005056b6c1cd
12000,https://lubanikishina.com/upload/iblock/bb7/hpcx5cdfgp34myrd1do5r76odk7bwwuq.png,Шорты WON,SR/WON/beige/flowers,1,Интернет магазин,Шорты,5,Шорты WON (46),26a993f8-e397-11ef-8e2c-005056b6c1cd#f72cc21a-e140-11ee-8e0e-005056b6c1cd,—,SR/WON/beige/flowers,0,2241,1,0,0,2232,https://lubanikishina.com/catalog/shorty/shorty_won/,,—,26a993f8-e397-11ef-8e2c-005056b6c1cd#f72cc218-e140-11ee-8e0e-005056b6c1cd; 26a993f8-e397-11ef-8e2c-005056b6c1cd#f72cc217-e140-11ee-8e0e-005056b6c1cd; 26a993f8-e397-11ef-8e2c-005056b6c1cd#f72cc219-e140-11ee-8e0e-005056b6c1cd; 26a993f8-e397-11ef-8e2c-005056b6c1cd#f72cc21a-e140-11ee-8e0e-005056b6c1cd
235000,https://lubanikishina.com/upload/iblock/1a5/m92iqmtgrvv71elq7jwobtxb7hrczg9f.jpg,Шуба ANKA,FC/ANKA/leoprint,1,Интернет магазин,Шубы,0,Шуба ANKA (40),4644e1e4-6b60-11ef-8e10-005056b6c1cd#ac39892a-5b2f-11f0-a108-005056b6f117,—,FC/ANKA/leoprint,0,2769,1,0,0,2172,https://lubanikishina.com/catalog/shuby/shuba_anka/,,—,4644e1e4-6b60-11ef-8e10-005056b6c1cd#ac39892a-5b2f-11f0-a108-005056b6f117; 4644e1e4-6b60-11ef-8e10-005056b6c1cd#ac3989a6-5b2f-11f0-a108-005056b6f117; 4644e1e4-6b60-11ef-8e10-005056b6c1cd#c2c6c807-5b2f-11f0-a108-005056b6f117; 4644e1e4-6b60-11ef-8e10-005056b6c1cd#c2c6c883-5b2f-11f0-a108-005056b6f117; 4644e1e4-6b60-11ef-8e10-005056b6c1cd#ca662e20-5b2f-11f0-a108-005056b6f117
235000,https://lubanikishina.com/upload/iblock/1a5/m92iqmtgrvv71elq7jwobtxb7hrczg9f.jpg,Шуба ANKA,FC/ANKA/leoprint,1,Интернет магазин,Шубы,0,Шуба ANKA (42),4644e1e4-6b60-11ef-8e10-005056b6c1cd#ac3989a6-5b2f-11f0-a108-005056b6f117,—,FC/ANKA/leoprint,0,2770,1,0,0,2172,https://lubanikishina.com/catalog/shuby/shuba_anka/,,—,4644e1e4-6b60-11ef-8e10-005056b6c1cd#ac39892a-5b2f-11f0-a108-005056b6f117; 4644e1e4-6b60-11ef-8e10-005056b6c1cd#ac3989a6-5b2f-11f0-a108-005056b6f117; 4644e1e4-6b60-11ef-8e10-005056b6c1cd#c2c6c807-5b2f-11f0-a108-005056b6f117; 4644e1e4-6b60-11ef-8e10-005056b6c1cd#c2c6c883-5b2f-11f0-a108-005056b6f117; 4644e1e4-6b60-11ef-8e10-005056b6c1cd#ca662e20-5b2f-11f0-a108-005056b6f117
235000,https://lubanikishina.com/upload/iblock/1a5/m92iqmtgrvv71elq7jwobtxb7hrczg9f.jpg,Шуба ANKA,FC/ANKA/leoprint,1,Интернет магазин,Шубы,0,Шуба ANKA (44),4644e1e4-6b60-11ef-8e10-005056b6c1cd#c2c6c807-5b2f-11f0-a108-005056b6f117,—,FC/ANKA/leoprint,0,2771,1,0,0,2172,https://lubanikishina.com/catalog/shuby/shuba_anka/,,—,4644e1e4-6b60-11ef-8e10-005056b6c1cd#ac39892a-5b2f-11f0-a108-005056b6f117; 4644e1e4-6b60-11ef-8e10-005056b6c1cd#ac3989a6-5b2f-11f0-a108-005056b6f117; 4644e1e4-6b60-11ef-8e10-005056b6c1cd#c2c6c807-5b2f-11f0-a108-005056b6f117; 4644e1e4-6b60-11ef-8e10-005056b6c1cd#c2c6c883-5b2f-11f0-a108-005056b6f117; 4644e1e4-6b60-11ef-8e10-005056b6c1cd#ca662e20-5b2f-11f0-a108-005056b6f117
235000,https://lubanikishina.com/upload/iblock/1a5/m92iqmtgrvv71elq7jwobtxb7hrczg9f.jpg,Шуба ANKA,FC/ANKA/leoprint,1,Интернет магазин,Шубы,0,Шуба ANKA (46),4644e1e4-6b60-11ef-8e10-005056b6c1cd#c2c6c883-5b2f-11f0-a108-005056b6f117,—,FC/ANKA/leoprint,0,2772,1,0,0,2172,https://lubanikishina.com/catalog/shuby/shuba_anka/,,—,4644e1e4-6b60-11ef-8e10-005056b6c1cd#ac39892a-5b2f-11f0-a108-005056b6f117; 4644e1e4-6b60-11ef-8e10-005056b6c1cd#ac3989a6-5b2f-11f0-a108-005056b6f117; 4644e1e4-6b60-11ef-8e10-005056b6c1cd#c2c6c807-5b2f-11f0-a108-005056b6f117; 4644e1e4-6b60-11ef-8e10-005056b6c1cd#c2c6c883-5b2f-11f0-a108-005056b6f117; 4644e1e4-6b60-11ef-8e10-005056b6c1cd#ca662e20-5b2f-11f0-a108-005056b6f117
263200,https://lubanikishina.com/upload/iblock/1a5/m92iqmtgrvv71elq7jwobtxb7hrczg9f.jpg,Шуба ANKA,FC/ANKA/leoprint,1,Интернет магазин,Шубы,0,Шуба ANKA (48),4644e1e4-6b60-11ef-8e10-005056b6c1cd#ca662e20-5b2f-11f0-a108-005056b6f117,—,FC/ANKA/leoprint,0,3074,1,0,0,2172,https://lubanikishina.com/catalog/shuby/shuba_anka/,,—,4644e1e4-6b60-11ef-8e10-005056b6c1cd#ac39892a-5b2f-11f0-a108-005056b6f117; 4644e1e4-6b60-11ef-8e10-005056b6c1cd#ac3989a6-5b2f-11f0-a108-005056b6f117; 4644e1e4-6b60-11ef-8e10-005056b6c1cd#c2c6c807-5b2f-11f0-a108-005056b6f117; 4644e1e4-6b60-11ef-8e10-005056b6c1cd#c2c6c883-5b2f-11f0-a108-005056b6f117; 4644e1e4-6b60-11ef-8e10-005056b6c1cd#ca662e20-5b2f-11f0-a108-005056b6f117
,,Юбка BLOOM (42),,1,Бронная,,0,Юбка BLOOM (42),,—,,0,,1,0,,,,,—,
18000,https://lubanikishina.com/upload/iblock/607/97y9ra40jsvaoo8hnhkeeq9u2h3eizzi.jpg,Юбка GWEN,SK/GWEN/black,1,Интернет магазин,Юбки,7,Юбка GWEN (40),42ab07d1-00a5-11ef-8e0e-005056b6c1cd#f72cc217-e140-11ee-8e0e-005056b6c1cd,—,SK/GWEN/black,2,3127,1,0,0,3122,https://lubanikishina.com/catalog/yubki/yubka_gwen_2/,,—,42ab07d1-00a5-11ef-8e0e-005056b6c1cd#f72cc217-e140-11ee-8e0e-005056b6c1cd; 42ab07d1-00a5-11ef-8e0e-005056b6c1cd#f72cc216-e140-11ee-8e0e-005056b6c1cd; 42ab07d1-00a5-11ef-8e0e-005056b6c1cd#f72cc218-e140-11ee-8e0e-005056b6c1cd; 42ab07d1-00a5-11ef-8e0e-005056b6c1cd#f72cc219-e140-11ee-8e0e-005056b6c1cd; 42ab07d1-00a5-11ef-8e0e-005056b6c1cd#f72cc21a-e140-11ee-8e0e-005056b6c1cd; 42ab07d1-00a5-11ef-8e0e-005056b6c1cd#96197af9-2b1e-11f0-8e58-005056b6c1cd
18000,https://lubanikishina.com/upload/iblock/607/97y9ra40jsvaoo8hnhkeeq9u2h3eizzi.jpg,Юбка GWEN,SK/GWEN/black,1,Интернет магазин,Юбки,7,Юбка GWEN (38),42ab07d1-00a5-11ef-8e0e-005056b6c1cd#f72cc216-e140-11ee-8e0e-005056b6c1cd,—,SK/GWEN/black,3,3125,1,0,0,3122,https://lubanikishina.com/catalog/yubki/yubka_gwen_2/,,—,42ab07d1-00a5-11ef-8e0e-005056b6c1cd#f72cc217-e140-11ee-8e0e-005056b6c1cd; 42ab07d1-00a5-11ef-8e0e-005056b6c1cd#f72cc216-e140-11ee-8e0e-005056b6c1cd; 42ab07d1-00a5-11ef-8e0e-005056b6c1cd#f72cc218-e140-11ee-8e0e-005056b6c1cd; 42ab07d1-00a5-11ef-8e0e-005056b6c1cd#f72cc219-e140-11ee-8e0e-005056b6c1cd; 42ab07d1-00a5-11ef-8e0e-005056b6c1cd#f72cc21a-e140-11ee-8e0e-005056b6c1cd; 42ab07d1-00a5-11ef-8e0e-005056b6c1cd#96197af9-2b1e-11f0-8e58-005056b6c1cd
18000,https://lubanikishina.com/upload/iblock/607/97y9ra40jsvaoo8hnhkeeq9u2h3eizzi.jpg,Юбка GWEN,SK/GWEN/black,1,Интернет магазин,Юбки,7,Юбка GWEN (42),42ab07d1-00a5-11ef-8e0e-005056b6c1cd#f72cc218-e140-11ee-8e0e-005056b6c1cd,—,SK/GWEN/black,2,3130,1,0,0,3122,https://lubanikishina.com/catalog/yubki/yubka_gwen_2/,,—,42ab07d1-00a5-11ef-8e0e-005056b6c1cd#f72cc217-e140-11ee-8e0e-005056b6c1cd; 42ab07d1-00a5-11ef-8e0e-005056b6c1cd#f72cc216-e140-11ee-8e0e-005056b6c1cd; 42ab07d1-00a5-11ef-8e0e-005056b6c1cd#f72cc218-e140-11ee-8e0e-005056b6c1cd; 42ab07d1-00a5-11ef-8e0e-005056b6c1cd#f72cc219-e140-11ee-8e0e-005056b6c1cd; 42ab07d1-00a5-11ef-8e0e-005056b6c1cd#f72cc21a-e140-11ee-8e0e-005056b6c1cd; 42ab07d1-00a5-11ef-8e0e-005056b6c1cd#96197af9-2b1e-11f0-8e58-005056b6c1cd
18000,https://lubanikishina.com/upload/iblock/607/97y9ra40jsvaoo8hnhkeeq9u2h3eizzi.jpg,Юбка GWEN,SK/GWEN/black,1,Интернет магазин,Юбки,7,Юбка GWEN (44),42ab07d1-00a5-11ef-8e0e-005056b6c1cd#f72cc219-e140-11ee-8e0e-005056b6c1cd,—,SK/GWEN/black,0,3133,1,0,0,3122,https://lubanikishina.com/catalog/yubki/yubka_gwen_2/,,—,42ab07d1-00a5-11ef-8e0e-005056b6c1cd#f72cc217-e140-11ee-8e0e-005056b6c1cd; 42ab07d1-00a5-11ef-8e0e-005056b6c1cd#f72cc216-e140-11ee-8e0e-005056b6c1cd; 42ab07d1-00a5-11ef-8e0e-005056b6c1cd#f72cc218-e140-11ee-8e0e-005056b6c1cd; 42ab07d1-00a5-11ef-8e0e-005056b6c1cd#f72cc219-e140-11ee-8e0e-005056b6c1cd; 42ab07d1-00a5-11ef-8e0e-005056b6c1cd#f72cc21a-e140-11ee-8e0e-005056b6c1cd; 42ab07d1-00a5-11ef-8e0e-005056b6c1cd#96197af9-2b1e-11f0-8e58-005056b6c1cd
18000,https://lubanikishina.com/upload/iblock/607/97y9ra40jsvaoo8hnhkeeq9u2h3eizzi.jpg,Юбка GWEN,SK/GWEN/black,1,Интернет магазин,Юбки,7,Юбка GWEN (46),42ab07d1-00a5-11ef-8e0e-005056b6c1cd#f72cc21a-e140-11ee-8e0e-005056b6c1cd,—,SK/GWEN/black,0,3138,1,0,0,3122,https://lubanikishina.com/catalog/yubki/yubka_gwen_2/,,—,42ab07d1-00a5-11ef-8e0e-005056b6c1cd#f72cc217-e140-11ee-8e0e-005056b6c1cd; 42ab07d1-00a5-11ef-8e0e-005056b6c1cd#f72cc216-e140-11ee-8e0e-005056b6c1cd; 42ab07d1-00a5-11ef-8e0e-005056b6c1cd#f72cc218-e140-11ee-8e0e-005056b6c1cd; 42ab07d1-00a5-11ef-8e0e-005056b6c1cd#f72cc219-e140-11ee-8e0e-005056b6c1cd; 42ab07d1-00a5-11ef-8e0e-005056b6c1cd#f72cc21a-e140-11ee-8e0e-005056b6c1cd; 42ab07d1-00a5-11ef-8e0e-005056b6c1cd#96197af9-2b1e-11f0-8e58-005056b6c1cd
18000,https://lubanikishina.com/upload/iblock/607/97y9ra40jsvaoo8hnhkeeq9u2h3eizzi.jpg,Юбка GWEN,SK/GWEN/black,1,Интернет магазин,Юбки,7,Юбка GWEN (48),42ab07d1-00a5-11ef-8e0e-005056b6c1cd#96197af9-2b1e-11f0-8e58-005056b6c1cd,—,SK/GWEN/black,0,3139,1,0,0,3122,https://lubanikishina.com/catalog/yubki/yubka_gwen_2/,,—,42ab07d1-00a5-11ef-8e0e-005056b6c1cd#f72cc217-e140-11ee-8e0e-005056b6c1cd; 42ab07d1-00a5-11ef-8e0e-005056b6c1cd#f72cc216-e140-11ee-8e0e-005056b6c1cd; 42ab07d1-00a5-11ef-8e0e-005056b6c1cd#f72cc218-e140-11ee-8e0e-005056b6c1cd; 42ab07d1-00a5-11ef-8e0e-005056b6c1cd#f72cc219-e140-11ee-8e0e-005056b6c1cd; 42ab07d1-00a5-11ef-8e0e-005056b6c1cd#f72cc21a-e140-11ee-8e0e-005056b6c1cd; 42ab07d1-00a5-11ef-8e0e-005056b6c1cd#96197af9-2b1e-11f0-8e58-005056b6c1cd
,,Юбка HELGA (44),,1,Трехпрудный,,3,Юбка HELGA (44),,—,,3,,1,0,,,,,—,
21000,https://lubanikishina.com/upload/iblock/aed/0ikgexhtybdbj4zbjokqkmhbcl6y2vy0.jpg,Юбка MOSS,SK/MOSS/black,1,Интернет магазин,Юбки,2,Юбка MOSS (38),42ab07cc-00a5-11ef-8e0e-005056b6c1cd#f72cc216-e140-11ee-8e0e-005056b6c1cd,—,SK/MOSS/black,1,3124,1,0,0,3121,https://lubanikishina.com/catalog/yubki/yubka_moss/,,—,42ab07cc-00a5-11ef-8e0e-005056b6c1cd#f72cc216-e140-11ee-8e0e-005056b6c1cd; 42ab07cc-00a5-11ef-8e0e-005056b6c1cd#f72cc217-e140-11ee-8e0e-005056b6c1cd; 42ab07cc-00a5-11ef-8e0e-005056b6c1cd#f72cc218-e140-11ee-8e0e-005056b6c1cd; 42ab07cc-00a5-11ef-8e0e-005056b6c1cd#f72cc219-e140-11ee-8e0e-005056b6c1cd
21000,https://lubanikishina.com/upload/iblock/aed/0ikgexhtybdbj4zbjokqkmhbcl6y2vy0.jpg,Юбка MOSS,SK/MOSS/black,1,Интернет магазин,Юбки,2,Юбка MOSS (40),42ab07cc-00a5-11ef-8e0e-005056b6c1cd#f72cc217-e140-11ee-8e0e-005056b6c1cd,—,SK/MOSS/black,0,3126,1,0,0,3121,https://lubanikishina.com/catalog/yubki/yubka_moss/,,—,42ab07cc-00a5-11ef-8e0e-005056b6c1cd#f72cc216-e140-11ee-8e0e-005056b6c1cd; 42ab07cc-00a5-11ef-8e0e-005056b6c1cd#f72cc217-e140-11ee-8e0e-005056b6c1cd; 42ab07cc-00a5-11ef-8e0e-005056b6c1cd#f72cc218-e140-11ee-8e0e-005056b6c1cd; 42ab07cc-00a5-11ef-8e0e-005056b6c1cd#f72cc219-e140-11ee-8e0e-005056b6c1cd
21000,https://lubanikishina.com/upload/iblock/aed/0ikgexhtybdbj4zbjokqkmhbcl6y2vy0.jpg,Юбка MOSS,SK/MOSS/black,1,Интернет магазин,Юбки,2,Юбка MOSS (42),42ab07cc-00a5-11ef-8e0e-005056b6c1cd#f72cc218-e140-11ee-8e0e-005056b6c1cd,—,SK/MOSS/black,0,3129,1,0,0,3121,https://lubanikishina.com/catalog/yubki/yubka_moss/,,—,42ab07cc-00a5-11ef-8e0e-005056b6c1cd#f72cc216-e140-11ee-8e0e-005056b6c1cd; 42ab07cc-00a5-11ef-8e0e-005056b6c1cd#f72cc217-e140-11ee-8e0e-005056b6c1cd; 42ab07cc-00a5-11ef-8e0e-005056b6c1cd#f72cc218-e140-11ee-8e0e-005056b6c1cd; 42ab07cc-00a5-11ef-8e0e-005056b6c1cd#f72cc219-e140-11ee-8e0e-005056b6c1cd
21000,https://lubanikishina.com/upload/iblock/aed/0ikgexhtybdbj4zbjokqkmhbcl6y2vy0.jpg,Юбка MOSS,SK/MOSS/black,1,Интернет магазин,Юбки,2,Юбка MOSS (44),42ab07cc-00a5-11ef-8e0e-005056b6c1cd#f72cc219-e140-11ee-8e0e-005056b6c1cd,—,SK/MOSS/black,1,3132,1,0,0,3121,https://lubanikishina.com/catalog/yubki/yubka_moss/,,—,42ab07cc-00a5-11ef-8e0e-005056b6c1cd#f72cc216-e140-11ee-8e0e-005056b6c1cd; 42ab07cc-00a5-11ef-8e0e-005056b6c1cd#f72cc217-e140-11ee-8e0e-005056b6c1cd; 42ab07cc-00a5-11ef-8e0e-005056b6c1cd#f72cc218-e140-11ee-8e0e-005056b6c1cd; 42ab07cc-00a5-11ef-8e0e-005056b6c1cd#f72cc219-e140-11ee-8e0e-005056b6c1cd
16500,https://lubanikishina.com/upload/iblock/314/clm86qkwz8brlgelinsp5zg90vdviqpm.jpg,Юбка TILDA,SK/TILDA/biege,1,Интернет магазин,Юбки,5,Юбка TILDA (44),4644e1ee-6b60-11ef-8e10-005056b6c1cd#f72cc219-e140-11ee-8e0e-005056b6c1cd,—,SK/TILDA/biege,2,2113,1,0,0,2110,https://lubanikishina.com/catalog/yubki/yubka_tilda_2/,,—,4644e1ee-6b60-11ef-8e10-005056b6c1cd#f72cc219-e140-11ee-8e0e-005056b6c1cd; 4644e1ee-6b60-11ef-8e10-005056b6c1cd#f72cc21a-e140-11ee-8e0e-005056b6c1cd; 4644e1ee-6b60-11ef-8e10-005056b6c1cd#f72cc218-e140-11ee-8e0e-005056b6c1cd; 4644e1ee-6b60-11ef-8e10-005056b6c1cd#f72cc217-e140-11ee-8e0e-005056b6c1cd
16500,https://lubanikishina.com/upload/iblock/314/clm86qkwz8brlgelinsp5zg90vdviqpm.jpg,Юбка TILDA,SK/TILDA/biege,1,Интернет магазин,Юбки,5,Юбка TILDA (46),4644e1ee-6b60-11ef-8e10-005056b6c1cd#f72cc21a-e140-11ee-8e0e-005056b6c1cd,—,SK/TILDA/biege,1,2114,1,0,0,2110,https://lubanikishina.com/catalog/yubki/yubka_tilda_2/,,—,4644e1ee-6b60-11ef-8e10-005056b6c1cd#f72cc219-e140-11ee-8e0e-005056b6c1cd; 4644e1ee-6b60-11ef-8e10-005056b6c1cd#f72cc21a-e140-11ee-8e0e-005056b6c1cd; 4644e1ee-6b60-11ef-8e10-005056b6c1cd#f72cc218-e140-11ee-8e0e-005056b6c1cd; 4644e1ee-6b60-11ef-8e10-005056b6c1cd#f72cc217-e140-11ee-8e0e-005056b6c1cd
16500,https://lubanikishina.com/upload/iblock/314/clm86qkwz8brlgelinsp5zg90vdviqpm.jpg,Юбка TILDA,SK/TILDA/biege,1,Интернет магазин,Юбки,5,Юбка TILDA (42),4644e1ee-6b60-11ef-8e10-005056b6c1cd#f72cc218-e140-11ee-8e0e-005056b6c1cd,—,SK/TILDA/biege,2,2112,1,0,0,2110,https://lubanikishina.com/catalog/yubki/yubka_tilda_2/,,—,4644e1ee-6b60-11ef-8e10-005056b6c1cd#f72cc219-e140-11ee-8e0e-005056b6c1cd; 4644e1ee-6b60-11ef-8e10-005056b6c1cd#f72cc21a-e140-11ee-8e0e-005056b6c1cd; 4644e1ee-6b60-11ef-8e10-005056b6c1cd#f72cc218-e140-11ee-8e0e-005056b6c1cd; 4644e1ee-6b60-11ef-8e10-005056b6c1cd#f72cc217-e140-11ee-8e0e-005056b6c1cd
16500,https://lubanikishina.com/upload/iblock/314/clm86qkwz8brlgelinsp5zg90vdviqpm.jpg,Юбка TILDA,SK/TILDA/biege,1,Интернет магазин,Юбки,5,Юбка TILDA (40),4644e1ee-6b60-11ef-8e10-005056b6c1cd#f72cc217-e140-11ee-8e0e-005056b6c1cd,—,SK/TILDA/biege,0,2111,1,0,0,2110,https://lubanikishina.com/catalog/yubki/yubka_tilda_2/,,—,4644e1ee-6b60-11ef-8e10-005056b6c1cd#f72cc219-e140-11ee-8e0e-005056b6c1cd; 4644e1ee-6b60-11ef-8e10-005056b6c1cd#f72cc21a-e140-11ee-8e0e-005056b6c1cd; 4644e1ee-6b60-11ef-8e10-005056b6c1cd#f72cc218-e140-11ee-8e0e-005056b6c1cd; 4644e1ee-6b60-11ef-8e10-005056b6c1cd#f72cc217-e140-11ee-8e0e-005056b6c1cd
16500,https://lubanikishina.com/upload/iblock/61d/omsgtab2vi1w046ib78i3zhwsecacthu.jpg,Юбка TILDA,SK/TILDA/grey,1,Интернет магазин,Юбки,2,Юбка TILDA (46),2ac1b624-4d8f-11ef-8e10-005056b6c1cd#f72cc21a-e140-11ee-8e0e-005056b6c1cd,—,SK/TILDA/grey,1,1966,1,0,0,1960,https://lubanikishina.com/catalog/yubki/yubka_tilda_1/,,—,2ac1b624-4d8f-11ef-8e10-005056b6c1cd#f72cc21a-e140-11ee-8e0e-005056b6c1cd; 2ac1b624-4d8f-11ef-8e10-005056b6c1cd#f72cc218-e140-11ee-8e0e-005056b6c1cd; 2ac1b624-4d8f-11ef-8e10-005056b6c1cd#f72cc219-e140-11ee-8e0e-005056b6c1cd; 2ac1b624-4d8f-11ef-8e10-005056b6c1cd#f72cc217-e140-11ee-8e0e-005056b6c1cd
16500,https://lubanikishina.com/upload/iblock/61d/omsgtab2vi1w046ib78i3zhwsecacthu.jpg,Юбка TILDA,SK/TILDA/grey,1,Интернет магазин,Юбки,2,Юбка TILDA (42),2ac1b624-4d8f-11ef-8e10-005056b6c1cd#f72cc218-e140-11ee-8e0e-005056b6c1cd,—,SK/TILDA/grey,0,1964,1,0,0,1960,https://lubanikishina.com/catalog/yubki/yubka_tilda_1/,,—,2ac1b624-4d8f-11ef-8e10-005056b6c1cd#f72cc21a-e140-11ee-8e0e-005056b6c1cd; 2ac1b624-4d8f-11ef-8e10-005056b6c1cd#f72cc218-e140-11ee-8e0e-005056b6c1cd; 2ac1b624-4d8f-11ef-8e10-005056b6c1cd#f72cc219-e140-11ee-8e0e-005056b6c1cd; 2ac1b624-4d8f-11ef-8e10-005056b6c1cd#f72cc217-e140-11ee-8e0e-005056b6c1cd
16500,https://lubanikishina.com/upload/iblock/61d/omsgtab2vi1w046ib78i3zhwsecacthu.jpg,Юбка TILDA,SK/TILDA/grey,1,Интернет магазин,Юбки,2,Юбка TILDA (44),2ac1b624-4d8f-11ef-8e10-005056b6c1cd#f72cc219-e140-11ee-8e0e-005056b6c1cd,—,SK/TILDA/grey,1,1965,1,0,0,1960,https://lubanikishina.com/catalog/yubki/yubka_tilda_1/,,—,2ac1b624-4d8f-11ef-8e10-005056b6c1cd#f72cc21a-e140-11ee-8e0e-005056b6c1cd; 2ac1b624-4d8f-11ef-8e10-005056b6c1cd#f72cc218-e140-11ee-8e0e-005056b6c1cd; 2ac1b624-4d8f-11ef-8e10-005056b6c1cd#f72cc219-e140-11ee-8e0e-005056b6c1cd; 2ac1b624-4d8f-11ef-8e10-005056b6c1cd#f72cc217-e140-11ee-8e0e-005056b6c1cd
16500,https://lubanikishina.com/upload/iblock/61d/omsgtab2vi1w046ib78i3zhwsecacthu.jpg,Юбка TILDA,SK/TILDA/grey,1,Интернет магазин,Юбки,2,Юбка TILDA (40),2ac1b624-4d8f-11ef-8e10-005056b6c1cd#f72cc217-e140-11ee-8e0e-005056b6c1cd,—,SK/TILDA/grey,0,2000,1,0,0,1960,https://lubanikishina.com/catalog/yubki/yubka_tilda_1/,,—,2ac1b624-4d8f-11ef-8e10-005056b6c1cd#f72cc21a-e140-11ee-8e0e-005056b6c1cd; 2ac1b624-4d8f-11ef-8e10-005056b6c1cd#f72cc218-e140-11ee-8e0e-005056b6c1cd; 2ac1b624-4d8f-11ef-8e10-005056b6c1cd#f72cc219-e140-11ee-8e0e-005056b6c1cd; 2ac1b624-4d8f-11ef-8e10-005056b6c1cd#f72cc217-e140-11ee-8e0e-005056b6c1cd
14500,https://lubanikishina.com/upload/iblock/874/97kmplo1t623l66i6udrvlty4coa98hq.jpg,Юбка TULIP,SK/TULIP/white,1,Интернет магазин,Юбки,2,Юбка TULIP (44),42ab07cf-00a5-11ef-8e0e-005056b6c1cd#f72cc219-e140-11ee-8e0e-005056b6c1cd,—,SK/TULIP/white,0,1536,1,0,0,1531,https://lubanikishina.com/catalog/yubki/yubka_tulip_1/,,—,42ab07cf-00a5-11ef-8e0e-005056b6c1cd#f72cc219-e140-11ee-8e0e-005056b6c1cd; 42ab07cf-00a5-11ef-8e0e-005056b6c1cd#f72cc218-e140-11ee-8e0e-005056b6c1cd; 42ab07cf-00a5-11ef-8e0e-005056b6c1cd#f72cc21a-e140-11ee-8e0e-005056b6c1cd
14500,https://lubanikishina.com/upload/iblock/874/97kmplo1t623l66i6udrvlty4coa98hq.jpg,Юбка TULIP,SK/TULIP/white,1,Интернет магазин,Юбки,2,Юбка TULIP (42),42ab07cf-00a5-11ef-8e0e-005056b6c1cd#f72cc218-e140-11ee-8e0e-005056b6c1cd,—,SK/TULIP/white,2,1535,1,0,0,1531,https://lubanikishina.com/catalog/yubki/yubka_tulip_1/,,—,42ab07cf-00a5-11ef-8e0e-005056b6c1cd#f72cc219-e140-11ee-8e0e-005056b6c1cd; 42ab07cf-00a5-11ef-8e0e-005056b6c1cd#f72cc218-e140-11ee-8e0e-005056b6c1cd; 42ab07cf-00a5-11ef-8e0e-005056b6c1cd#f72cc21a-e140-11ee-8e0e-005056b6c1cd
14500,https://lubanikishina.com/upload/iblock/874/97kmplo1t623l66i6udrvlty4coa98hq.jpg,Юбка TULIP,SK/TULIP/white,1,Интернет магазин,Юбки,2,Юбка TULIP (46),42ab07cf-00a5-11ef-8e0e-005056b6c1cd#f72cc21a-e140-11ee-8e0e-005056b6c1cd,—,SK/TULIP/white,0,1537,1,0,0,1531,https://lubanikishina.com/catalog/yubki/yubka_tulip_1/,,—,42ab07cf-00a5-11ef-8e0e-005056b6c1cd#f72cc219-e140-11ee-8e0e-005056b6c1cd; 42ab07cf-00a5-11ef-8e0e-005056b6c1cd#f72cc218-e140-11ee-8e0e-005056b6c1cd; 42ab07cf-00a5-11ef-8e0e-005056b6c1cd#f72cc21a-e140-11ee-8e0e-005056b6c1cd
14500,https://lubanikishina.com/upload/iblock/bc4/0wm1hjc6coa1ltu1oh8tmguq9n9stcmy.jpg,Юбка TULIP,SK/TULIP/black,1,Интернет магазин,Юбки,0,Юбка TULIP (44),42ab07ce-00a5-11ef-8e0e-005056b6c1cd#f72cc219-e140-11ee-8e0e-005056b6c1cd,—,SK/TULIP/black,0,1533,1,0,0,1530,https://lubanikishina.com/catalog/yubki/yubka_tulip/,,—,42ab07ce-00a5-11ef-8e0e-005056b6c1cd#f72cc219-e140-11ee-8e0e-005056b6c1cd; 42ab07ce-00a5-11ef-8e0e-005056b6c1cd#f72cc218-e140-11ee-8e0e-005056b6c1cd; 42ab07ce-00a5-11ef-8e0e-005056b6c1cd#f72cc21a-e140-11ee-8e0e-005056b6c1cd
14500,https://lubanikishina.com/upload/iblock/bc4/0wm1hjc6coa1ltu1oh8tmguq9n9stcmy.jpg,Юбка TULIP,SK/TULIP/black,1,Интернет магазин,Юбки,0,Юбка TULIP (42),42ab07ce-00a5-11ef-8e0e-005056b6c1cd#f72cc218-e140-11ee-8e0e-005056b6c1cd,—,SK/TULIP/black,0,1532,1,0,0,1530,https://lubanikishina.com/catalog/yubki/yubka_tulip/,,—,42ab07ce-00a5-11ef-8e0e-005056b6c1cd#f72cc219-e140-11ee-8e0e-005056b6c1cd; 42ab07ce-00a5-11ef-8e0e-005056b6c1cd#f72cc218-e140-11ee-8e0e-005056b6c1cd; 42ab07ce-00a5-11ef-8e0e-005056b6c1cd#f72cc21a-e140-11ee-8e0e-005056b6c1cd
14500,https://lubanikishina.com/upload/iblock/bc4/0wm1hjc6coa1ltu1oh8tmguq9n9stcmy.jpg,Юбка TULIP,SK/TULIP/black,1,Интернет магазин,Юбки,0,Юбка TULIP (46),42ab07ce-00a5-11ef-8e0e-005056b6c1cd#f72cc21a-e140-11ee-8e0e-005056b6c1cd,—,SK/TULIP/black,0,1534,1,0,0,1530,https://lubanikishina.com/catalog/yubki/yubka_tulip/,,—,42ab07ce-00a5-11ef-8e0e-005056b6c1cd#f72cc219-e140-11ee-8e0e-005056b6c1cd; 42ab07ce-00a5-11ef-8e0e-005056b6c1cd#f72cc218-e140-11ee-8e0e-005056b6c1cd; 42ab07ce-00a5-11ef-8e0e-005056b6c1cd#f72cc21a-e140-11ee-8e0e-005056b6c1cd
18000,https://lubanikishina.com/upload/iblock/fe8/h8x1ndxbxbkm89ffv0gq8ykwizuod9g3.jpg,Юбка с пайетками,SK/SS24/silver/mint,1,Интернет магазин,Юбки,3,Юбка с пайетками (42),cbb59be3-1758-11ef-8e0e-005056b6c1cd#f72cc218-e140-11ee-8e0e-005056b6c1cd,—,SK/SS24/silver/mint,3,1639,1,0,0,1625,https://lubanikishina.com/catalog/yubki/yubka_s_payetkami/,,—,cbb59be3-1758-11ef-8e0e-005056b6c1cd#f72cc218-e140-11ee-8e0e-005056b6c1cd
